[2026-01-01 20:25:29] [INFO] [game] Logging system initialized. | {"time": "20:25:29.959", "message": "Logging system initialized.", "context": {"level": null, "scene": null, "state": null}, "data": {}}
[2026-01-01 20:25:29] [DEBUG] [game] Subscribed: 'combat_initiated' by CombatSystem | {"time": "20:25:29.960", "message": "Subscribed: 'combat_initiated' by CombatSystem", "context": {"level": null, "scene": null, "state": null}, "data": {}}
[2026-01-01 20:25:29] [INFO] [game] All dungeons: [{'base:catacombs': <engine.world.dungeons.dungeon_definition.DungeonDefinition object at 0x000001E1C3EBBA10>, 'base:vault': <engine.world.dungeons.dungeon_definition.DungeonDefinition object at 0x000001E1C3D7B4D0>}] | {"time": "20:25:29.961", "message": "All dungeons: [{'base:catacombs': <engine.world.dungeons.dungeon_definition.DungeonDefinition object at 0x000001E1C3EBBA10>, 'base:vault': <engine.world.dungeons.dungeon_definition.DungeonDefinition object at 0x000001E1C3D7B4D0>}]", "context": {"level": null, "scene": null, "state": null}, "data": {}}
[2026-01-01 20:25:29] [DEBUG] [game] Subscribed: 'enter_dungeon' by DungeonManager | {"time": "20:25:29.961", "message": "Subscribed: 'enter_dungeon' by DungeonManager", "context": {"level": null, "scene": null, "state": null}, "data": {}}
[2026-01-01 20:25:29] [DEBUG] [game] Subscribed: 'dungeon_player_movement' by DungeonManager | {"time": "20:25:29.961", "message": "Subscribed: 'dungeon_player_movement' by DungeonManager", "context": {"level": null, "scene": null, "state": null}, "data": {}}
[2026-01-01 20:25:29] [DEBUG] [game] Subscribed: 'dungeon_updated' by RenderSystem | {"time": "20:25:29.962", "message": "Subscribed: 'dungeon_updated' by RenderSystem", "context": {"level": null, "scene": null, "state": null}, "data": {}}
[2026-01-01 20:25:29] [DEBUG] [game] Subscribed: 'add_text' by RenderSystem | {"time": "20:25:29.962", "message": "Subscribed: 'add_text' by RenderSystem", "context": {"level": null, "scene": null, "state": null}, "data": {}}
[2026-01-01 20:25:29] [INFO] [game] All scenes: [{'base:intro': <engine.utils.Scene.Scene object at 0x000001E1C3F481A0>, 'base:test_scene': <engine.utils.Scene.Scene object at 0x000001E1C3D7B890>, 'base:end_scene': <engine.utils.Scene.Scene object at 0x000001E1C3D7B9D0>}] | {"time": "20:25:29.963", "message": "All scenes: [{'base:intro': <engine.utils.Scene.Scene object at 0x000001E1C3F481A0>, 'base:test_scene': <engine.utils.Scene.Scene object at 0x000001E1C3D7B890>, 'base:end_scene': <engine.utils.Scene.Scene object at 0x000001E1C3D7B9D0>}]", "context": {"level": null, "scene": null, "state": null}, "data": {}}
[2026-01-01 20:25:29] [DEBUG] [game] Subscribed: 'story_load_scene' by StoryManager | {"time": "20:25:29.964", "message": "Subscribed: 'story_load_scene' by StoryManager", "context": {"level": null, "scene": null, "state": null}, "data": {}}
[2026-01-01 20:25:29] [DEBUG] [game] Subscribed: 'ACTION' by StoryManager | {"time": "20:25:29.964", "message": "Subscribed: 'ACTION' by StoryManager", "context": {"level": null, "scene": null, "state": null}, "data": {}}
[2026-01-01 20:25:29] [DEBUG] [game] Subscribed: 'dungeon_enter' by GameManager | {"time": "20:25:29.964", "message": "Subscribed: 'dungeon_enter' by GameManager", "context": {"level": null, "scene": null, "state": null}, "data": {}}
[2026-01-01 20:25:29] [DEBUG] [game] Subscribed: 'dungeon_exit' by GameManager | {"time": "20:25:29.964", "message": "Subscribed: 'dungeon_exit' by GameManager", "context": {"level": null, "scene": null, "state": null}, "data": {}}
[2026-01-01 20:25:29] [DEBUG] [game] Subscribed: 'story_choice' by GameManager | {"time": "20:25:29.964", "message": "Subscribed: 'story_choice' by GameManager", "context": {"level": null, "scene": null, "state": null}, "data": {}}
[2026-01-01 20:25:29] [DEBUG] [game] Emitted: 'story_load_scene' data={'load_scene': {'level': 1, 'scene': 'intro'}} | {"time": "20:25:29.964", "message": "Emitted: 'story_load_scene' data={'load_scene': {'level': 1, 'scene': 'intro'}}", "context": {"level": null, "scene": null, "state": null}, "data": {}}
[2026-01-01 20:25:29] [DEBUG] [game] Dispatch: StoryManager -> handled 'story_load_scene' | {"time": "20:25:29.964", "message": "Dispatch: StoryManager -> handled 'story_load_scene'", "context": {"level": null, "scene": null, "state": null}, "data": {}}
[2026-01-01 20:25:29] [DEBUG] [game] Emitted: 'add_text' data={'display_text': 'You awaken'} | {"time": "20:25:29.964", "message": "Emitted: 'add_text' data={'display_text': 'You awaken'}", "context": {"level": null, "scene": null, "state": null}, "data": {}}
[2026-01-01 20:25:29] [DEBUG] [game] Dispatch: RenderSystem -> handled 'add_text' | {"time": "20:25:29.964", "message": "Dispatch: RenderSystem -> handled 'add_text'", "context": {"level": null, "scene": null, "state": null}, "data": {}}
[2026-01-01 20:25:29] [DEBUG] [game] Emitted: 'add_text' data={'display_text': '1: Continue Story'} | {"time": "20:25:29.965", "message": "Emitted: 'add_text' data={'display_text': '1: Continue Story'}", "context": {"level": null, "scene": null, "state": null}, "data": {}}
[2026-01-01 20:25:29] [DEBUG] [game] Dispatch: RenderSystem -> handled 'add_text' | {"time": "20:25:29.965", "message": "Dispatch: RenderSystem -> handled 'add_text'", "context": {"level": null, "scene": null, "state": null}, "data": {}}
[2026-01-01 20:25:29] [DEBUG] [game] Emitted: 'add_text' data={'display_text': '2: Go to Dungeon'} | {"time": "20:25:29.965", "message": "Emitted: 'add_text' data={'display_text': '2: Go to Dungeon'}", "context": {"level": null, "scene": null, "state": null}, "data": {}}
[2026-01-01 20:25:29] [DEBUG] [game] Dispatch: RenderSystem -> handled 'add_text' | {"time": "20:25:29.965", "message": "Dispatch: RenderSystem -> handled 'add_text'", "context": {"level": null, "scene": null, "state": null}, "data": {}}
[2026-01-01 20:25:30] [DEBUG] [game] Emitted: 'ACTION' data={'input': '2'} | {"time": "20:25:30.268", "message": "Emitted: 'ACTION' data={'input': '2'}", "context": {"level": null, "scene": null, "state": null}, "data": {}}
[2026-01-01 20:25:30] [DEBUG] [game] Dispatch: StoryManager -> handled 'ACTION' | {"time": "20:25:30.268", "message": "Dispatch: StoryManager -> handled 'ACTION'", "context": {"level": null, "scene": null, "state": null}, "data": {}}
[2026-01-01 20:25:30] [INFO] [game] User selected choice 2 which maps to choice 1: {'text': 'Go to Dungeon', 'action': {'type': 'enter_dungeon', 'dungeon_id': 'vault'}} | {"time": "20:25:30.268", "message": "User selected choice 2 which maps to choice 1: {'text': 'Go to Dungeon', 'action': {'type': 'enter_dungeon', 'dungeon_id': 'vault'}}", "context": {"level": null, "scene": null, "state": null}, "data": {}}
[2026-01-01 20:25:30] [DEBUG] [game] Emitted: 'enter_dungeon' data={'type': 'enter_dungeon', 'dungeon_id': 'base:vault'} | {"time": "20:25:30.268", "message": "Emitted: 'enter_dungeon' data={'type': 'enter_dungeon', 'dungeon_id': 'base:vault'}", "context": {"level": null, "scene": null, "state": null}, "data": {}}
[2026-01-01 20:25:30] [DEBUG] [game] Dispatch: DungeonManager -> handled 'enter_dungeon' | {"time": "20:25:30.268", "message": "Dispatch: DungeonManager -> handled 'enter_dungeon'", "context": {"level": null, "scene": null, "state": null}, "data": {}}
[2026-01-01 20:25:30] [WARNING] [game] [player_entered] data=[{'type': 'enter_dungeon', 'dungeon_id': 'base:vault'}] | {"time": "20:25:30.269", "message": "[player_entered] data=[{'type': 'enter_dungeon', 'dungeon_id': 'base:vault'}]", "context": {"level": null, "scene": null, "state": null}, "data": {}}
[2026-01-01 20:25:30] [DEBUG] [game] Emitted: 'add_text' data={'display_text': ' ####################'} | {"time": "20:25:30.269", "message": "Emitted: 'add_text' data={'display_text': ' ####################'}", "context": {"level": null, "scene": null, "state": null}, "data": {}}
[2026-01-01 20:25:30] [DEBUG] [game] Dispatch: RenderSystem -> handled 'add_text' | {"time": "20:25:30.269", "message": "Dispatch: RenderSystem -> handled 'add_text'", "context": {"level": null, "scene": null, "state": null}, "data": {}}
[2026-01-01 20:25:30] [DEBUG] [game] Emitted: 'add_text' data={'display_text': ' #@                 #'} | {"time": "20:25:30.270", "message": "Emitted: 'add_text' data={'display_text': ' #@                 #'}", "context": {"level": null, "scene": null, "state": null}, "data": {}}
[2026-01-01 20:25:30] [DEBUG] [game] Dispatch: RenderSystem -> handled 'add_text' | {"time": "20:25:30.270", "message": "Dispatch: RenderSystem -> handled 'add_text'", "context": {"level": null, "scene": null, "state": null}, "data": {}}
[2026-01-01 20:25:30] [DEBUG] [game] Emitted: 'add_text' data={'display_text': ' #                  #'} | {"time": "20:25:30.270", "message": "Emitted: 'add_text' data={'display_text': ' #                  #'}", "context": {"level": null, "scene": null, "state": null}, "data": {}}
[2026-01-01 20:25:30] [DEBUG] [game] Dispatch: RenderSystem -> handled 'add_text' | {"time": "20:25:30.270", "message": "Dispatch: RenderSystem -> handled 'add_text'", "context": {"level": null, "scene": null, "state": null}, "data": {}}
[2026-01-01 20:25:30] [DEBUG] [game] Emitted: 'add_text' data={'display_text': ' #                  #'} | {"time": "20:25:30.270", "message": "Emitted: 'add_text' data={'display_text': ' #                  #'}", "context": {"level": null, "scene": null, "state": null}, "data": {}}
[2026-01-01 20:25:30] [DEBUG] [game] Dispatch: RenderSystem -> handled 'add_text' | {"time": "20:25:30.271", "message": "Dispatch: RenderSystem -> handled 'add_text'", "context": {"level": null, "scene": null, "state": null}, "data": {}}
[2026-01-01 20:25:30] [DEBUG] [game] Emitted: 'add_text' data={'display_text': ' #                  #'} | {"time": "20:25:30.271", "message": "Emitted: 'add_text' data={'display_text': ' #                  #'}", "context": {"level": null, "scene": null, "state": null}, "data": {}}
[2026-01-01 20:25:30] [DEBUG] [game] Dispatch: RenderSystem -> handled 'add_text' | {"time": "20:25:30.271", "message": "Dispatch: RenderSystem -> handled 'add_text'", "context": {"level": null, "scene": null, "state": null}, "data": {}}
[2026-01-01 20:25:30] [DEBUG] [game] Emitted: 'add_text' data={'display_text': ' #                  #'} | {"time": "20:25:30.271", "message": "Emitted: 'add_text' data={'display_text': ' #                  #'}", "context": {"level": null, "scene": null, "state": null}, "data": {}}
[2026-01-01 20:25:30] [DEBUG] [game] Dispatch: RenderSystem -> handled 'add_text' | {"time": "20:25:30.271", "message": "Dispatch: RenderSystem -> handled 'add_text'", "context": {"level": null, "scene": null, "state": null}, "data": {}}
[2026-01-01 20:25:30] [DEBUG] [game] Emitted: 'add_text' data={'display_text': ' #                  #'} | {"time": "20:25:30.271", "message": "Emitted: 'add_text' data={'display_text': ' #                  #'}", "context": {"level": null, "scene": null, "state": null}, "data": {}}
[2026-01-01 20:25:30] [DEBUG] [game] Dispatch: RenderSystem -> handled 'add_text' | {"time": "20:25:30.272", "message": "Dispatch: RenderSystem -> handled 'add_text'", "context": {"level": null, "scene": null, "state": null}, "data": {}}
[2026-01-01 20:25:30] [DEBUG] [game] Emitted: 'add_text' data={'display_text': ' #                  #'} | {"time": "20:25:30.272", "message": "Emitted: 'add_text' data={'display_text': ' #                  #'}", "context": {"level": null, "scene": null, "state": null}, "data": {}}
[2026-01-01 20:25:30] [DEBUG] [game] Dispatch: RenderSystem -> handled 'add_text' | {"time": "20:25:30.272", "message": "Dispatch: RenderSystem -> handled 'add_text'", "context": {"level": null, "scene": null, "state": null}, "data": {}}
[2026-01-01 20:25:30] [DEBUG] [game] Emitted: 'add_text' data={'display_text': ' #                  #'} | {"time": "20:25:30.272", "message": "Emitted: 'add_text' data={'display_text': ' #                  #'}", "context": {"level": null, "scene": null, "state": null}, "data": {}}
[2026-01-01 20:25:30] [DEBUG] [game] Dispatch: RenderSystem -> handled 'add_text' | {"time": "20:25:30.272", "message": "Dispatch: RenderSystem -> handled 'add_text'", "context": {"level": null, "scene": null, "state": null}, "data": {}}
[2026-01-01 20:25:30] [DEBUG] [game] Emitted: 'add_text' data={'display_text': ' #                  #'} | {"time": "20:25:30.272", "message": "Emitted: 'add_text' data={'display_text': ' #                  #'}", "context": {"level": null, "scene": null, "state": null}, "data": {}}
[2026-01-01 20:25:30] [DEBUG] [game] Dispatch: RenderSystem -> handled 'add_text' | {"time": "20:25:30.272", "message": "Dispatch: RenderSystem -> handled 'add_text'", "context": {"level": null, "scene": null, "state": null}, "data": {}}
[2026-01-01 20:25:30] [DEBUG] [game] Emitted: 'add_text' data={'display_text': ' #         $        #'} | {"time": "20:25:30.273", "message": "Emitted: 'add_text' data={'display_text': ' #         $        #'}", "context": {"level": null, "scene": null, "state": null}, "data": {}}
[2026-01-01 20:25:30] [DEBUG] [game] Dispatch: RenderSystem -> handled 'add_text' | {"time": "20:25:30.273", "message": "Dispatch: RenderSystem -> handled 'add_text'", "context": {"level": null, "scene": null, "state": null}, "data": {}}
[2026-01-01 20:25:30] [DEBUG] [game] Emitted: 'add_text' data={'display_text': ' #                  #'} | {"time": "20:25:30.273", "message": "Emitted: 'add_text' data={'display_text': ' #                  #'}", "context": {"level": null, "scene": null, "state": null}, "data": {}}
[2026-01-01 20:25:30] [DEBUG] [game] Dispatch: RenderSystem -> handled 'add_text' | {"time": "20:25:30.273", "message": "Dispatch: RenderSystem -> handled 'add_text'", "context": {"level": null, "scene": null, "state": null}, "data": {}}
[2026-01-01 20:25:30] [DEBUG] [game] Emitted: 'add_text' data={'display_text': ' #                  #'} | {"time": "20:25:30.273", "message": "Emitted: 'add_text' data={'display_text': ' #                  #'}", "context": {"level": null, "scene": null, "state": null}, "data": {}}
[2026-01-01 20:25:30] [DEBUG] [game] Dispatch: RenderSystem -> handled 'add_text' | {"time": "20:25:30.273", "message": "Dispatch: RenderSystem -> handled 'add_text'", "context": {"level": null, "scene": null, "state": null}, "data": {}}
[2026-01-01 20:25:30] [DEBUG] [game] Emitted: 'add_text' data={'display_text': ' #                  #'} | {"time": "20:25:30.274", "message": "Emitted: 'add_text' data={'display_text': ' #                  #'}", "context": {"level": null, "scene": null, "state": null}, "data": {}}
[2026-01-01 20:25:30] [DEBUG] [game] Dispatch: RenderSystem -> handled 'add_text' | {"time": "20:25:30.274", "message": "Dispatch: RenderSystem -> handled 'add_text'", "context": {"level": null, "scene": null, "state": null}, "data": {}}
[2026-01-01 20:25:30] [DEBUG] [game] Emitted: 'add_text' data={'display_text': ' #                  #'} | {"time": "20:25:30.274", "message": "Emitted: 'add_text' data={'display_text': ' #                  #'}", "context": {"level": null, "scene": null, "state": null}, "data": {}}
[2026-01-01 20:25:30] [DEBUG] [game] Dispatch: RenderSystem -> handled 'add_text' | {"time": "20:25:30.274", "message": "Dispatch: RenderSystem -> handled 'add_text'", "context": {"level": null, "scene": null, "state": null}, "data": {}}
[2026-01-01 20:25:30] [DEBUG] [game] Emitted: 'add_text' data={'display_text': ' #                  #'} | {"time": "20:25:30.274", "message": "Emitted: 'add_text' data={'display_text': ' #                  #'}", "context": {"level": null, "scene": null, "state": null}, "data": {}}
[2026-01-01 20:25:30] [DEBUG] [game] Dispatch: RenderSystem -> handled 'add_text' | {"time": "20:25:30.274", "message": "Dispatch: RenderSystem -> handled 'add_text'", "context": {"level": null, "scene": null, "state": null}, "data": {}}
[2026-01-01 20:25:30] [DEBUG] [game] Emitted: 'add_text' data={'display_text': ' #                  #'} | {"time": "20:25:30.274", "message": "Emitted: 'add_text' data={'display_text': ' #                  #'}", "context": {"level": null, "scene": null, "state": null}, "data": {}}
[2026-01-01 20:25:30] [DEBUG] [game] Dispatch: RenderSystem -> handled 'add_text' | {"time": "20:25:30.275", "message": "Dispatch: RenderSystem -> handled 'add_text'", "context": {"level": null, "scene": null, "state": null}, "data": {}}
[2026-01-01 20:25:30] [DEBUG] [game] Emitted: 'add_text' data={'display_text': ' #                  #'} | {"time": "20:25:30.275", "message": "Emitted: 'add_text' data={'display_text': ' #                  #'}", "context": {"level": null, "scene": null, "state": null}, "data": {}}
[2026-01-01 20:25:30] [DEBUG] [game] Dispatch: RenderSystem -> handled 'add_text' | {"time": "20:25:30.275", "message": "Dispatch: RenderSystem -> handled 'add_text'", "context": {"level": null, "scene": null, "state": null}, "data": {}}
[2026-01-01 20:25:30] [DEBUG] [game] Emitted: 'add_text' data={'display_text': ' #                  #'} | {"time": "20:25:30.275", "message": "Emitted: 'add_text' data={'display_text': ' #                  #'}", "context": {"level": null, "scene": null, "state": null}, "data": {}}
[2026-01-01 20:25:30] [DEBUG] [game] Dispatch: RenderSystem -> handled 'add_text' | {"time": "20:25:30.275", "message": "Dispatch: RenderSystem -> handled 'add_text'", "context": {"level": null, "scene": null, "state": null}, "data": {}}
[2026-01-01 20:25:30] [DEBUG] [game] Emitted: 'add_text' data={'display_text': ' ####################'} | {"time": "20:25:30.275", "message": "Emitted: 'add_text' data={'display_text': ' ####################'}", "context": {"level": null, "scene": null, "state": null}, "data": {}}
[2026-01-01 20:25:30] [DEBUG] [game] Dispatch: RenderSystem -> handled 'add_text' | {"time": "20:25:30.276", "message": "Dispatch: RenderSystem -> handled 'add_text'", "context": {"level": null, "scene": null, "state": null}, "data": {}}
[2026-01-01 20:25:30] [DEBUG] [game] Emitted: 'dungeon_player_movement' data={'input': 'd'} | {"time": "20:25:30.930", "message": "Emitted: 'dungeon_player_movement' data={'input': 'd'}", "context": {"level": null, "scene": null, "state": null}, "data": {}}
[2026-01-01 20:25:30] [DEBUG] [game] Dispatch: DungeonManager -> handled 'dungeon_player_movement' | {"time": "20:25:30.930", "message": "Dispatch: DungeonManager -> handled 'dungeon_player_movement'", "context": {"level": null, "scene": null, "state": null}, "data": {}}
[2026-01-01 20:25:30] [DEBUG] [game] [handle_player_move] dx=[1], dy=[0], cur_x=[1], cur_y=[1], new_x=[2], new_y=[1] | {"time": "20:25:30.930", "message": "[handle_player_move] dx=[1], dy=[0], cur_x=[1], cur_y=[1], new_x=[2], new_y=[1]", "context": {"level": null, "scene": null, "state": null}, "data": {}}
[2026-01-01 20:25:30] [DEBUG] [game] [handle_player_move] evaluted to walkable | {"time": "20:25:30.930", "message": "[handle_player_move] evaluted to walkable", "context": {"level": null, "scene": null, "state": null}, "data": {}}
[2026-01-01 20:25:30] [DEBUG] [game] Emitted: 'add_text' data={'display_text': ' ####################'} | {"time": "20:25:30.952", "message": "Emitted: 'add_text' data={'display_text': ' ####################'}", "context": {"level": null, "scene": null, "state": null}, "data": {}}
[2026-01-01 20:25:30] [DEBUG] [game] Dispatch: RenderSystem -> handled 'add_text' | {"time": "20:25:30.953", "message": "Dispatch: RenderSystem -> handled 'add_text'", "context": {"level": null, "scene": null, "state": null}, "data": {}}
[2026-01-01 20:25:30] [DEBUG] [game] Emitted: 'add_text' data={'display_text': ' # @                #'} | {"time": "20:25:30.953", "message": "Emitted: 'add_text' data={'display_text': ' # @                #'}", "context": {"level": null, "scene": null, "state": null}, "data": {}}
[2026-01-01 20:25:30] [DEBUG] [game] Dispatch: RenderSystem -> handled 'add_text' | {"time": "20:25:30.953", "message": "Dispatch: RenderSystem -> handled 'add_text'", "context": {"level": null, "scene": null, "state": null}, "data": {}}
[2026-01-01 20:25:30] [DEBUG] [game] Emitted: 'add_text' data={'display_text': ' #                  #'} | {"time": "20:25:30.953", "message": "Emitted: 'add_text' data={'display_text': ' #                  #'}", "context": {"level": null, "scene": null, "state": null}, "data": {}}
[2026-01-01 20:25:30] [DEBUG] [game] Dispatch: RenderSystem -> handled 'add_text' | {"time": "20:25:30.953", "message": "Dispatch: RenderSystem -> handled 'add_text'", "context": {"level": null, "scene": null, "state": null}, "data": {}}
[2026-01-01 20:25:30] [DEBUG] [game] Emitted: 'add_text' data={'display_text': ' #                  #'} | {"time": "20:25:30.953", "message": "Emitted: 'add_text' data={'display_text': ' #                  #'}", "context": {"level": null, "scene": null, "state": null}, "data": {}}
[2026-01-01 20:25:30] [DEBUG] [game] Dispatch: RenderSystem -> handled 'add_text' | {"time": "20:25:30.953", "message": "Dispatch: RenderSystem -> handled 'add_text'", "context": {"level": null, "scene": null, "state": null}, "data": {}}
[2026-01-01 20:25:30] [DEBUG] [game] Emitted: 'add_text' data={'display_text': ' #                  #'} | {"time": "20:25:30.953", "message": "Emitted: 'add_text' data={'display_text': ' #                  #'}", "context": {"level": null, "scene": null, "state": null}, "data": {}}
[2026-01-01 20:25:30] [DEBUG] [game] Dispatch: RenderSystem -> handled 'add_text' | {"time": "20:25:30.954", "message": "Dispatch: RenderSystem -> handled 'add_text'", "context": {"level": null, "scene": null, "state": null}, "data": {}}
[2026-01-01 20:25:30] [DEBUG] [game] Emitted: 'add_text' data={'display_text': ' #                  #'} | {"time": "20:25:30.954", "message": "Emitted: 'add_text' data={'display_text': ' #                  #'}", "context": {"level": null, "scene": null, "state": null}, "data": {}}
[2026-01-01 20:25:30] [DEBUG] [game] Dispatch: RenderSystem -> handled 'add_text' | {"time": "20:25:30.954", "message": "Dispatch: RenderSystem -> handled 'add_text'", "context": {"level": null, "scene": null, "state": null}, "data": {}}
[2026-01-01 20:25:30] [DEBUG] [game] Emitted: 'add_text' data={'display_text': ' #                  #'} | {"time": "20:25:30.954", "message": "Emitted: 'add_text' data={'display_text': ' #                  #'}", "context": {"level": null, "scene": null, "state": null}, "data": {}}
[2026-01-01 20:25:30] [DEBUG] [game] Dispatch: RenderSystem -> handled 'add_text' | {"time": "20:25:30.954", "message": "Dispatch: RenderSystem -> handled 'add_text'", "context": {"level": null, "scene": null, "state": null}, "data": {}}
[2026-01-01 20:25:30] [DEBUG] [game] Emitted: 'add_text' data={'display_text': ' #                  #'} | {"time": "20:25:30.954", "message": "Emitted: 'add_text' data={'display_text': ' #                  #'}", "context": {"level": null, "scene": null, "state": null}, "data": {}}
[2026-01-01 20:25:30] [DEBUG] [game] Dispatch: RenderSystem -> handled 'add_text' | {"time": "20:25:30.954", "message": "Dispatch: RenderSystem -> handled 'add_text'", "context": {"level": null, "scene": null, "state": null}, "data": {}}
[2026-01-01 20:25:30] [DEBUG] [game] Emitted: 'add_text' data={'display_text': ' #                  #'} | {"time": "20:25:30.955", "message": "Emitted: 'add_text' data={'display_text': ' #                  #'}", "context": {"level": null, "scene": null, "state": null}, "data": {}}
[2026-01-01 20:25:30] [DEBUG] [game] Dispatch: RenderSystem -> handled 'add_text' | {"time": "20:25:30.955", "message": "Dispatch: RenderSystem -> handled 'add_text'", "context": {"level": null, "scene": null, "state": null}, "data": {}}
[2026-01-01 20:25:30] [DEBUG] [game] Emitted: 'add_text' data={'display_text': ' #                  #'} | {"time": "20:25:30.955", "message": "Emitted: 'add_text' data={'display_text': ' #                  #'}", "context": {"level": null, "scene": null, "state": null}, "data": {}}
[2026-01-01 20:25:30] [DEBUG] [game] Dispatch: RenderSystem -> handled 'add_text' | {"time": "20:25:30.955", "message": "Dispatch: RenderSystem -> handled 'add_text'", "context": {"level": null, "scene": null, "state": null}, "data": {}}
[2026-01-01 20:25:30] [DEBUG] [game] Emitted: 'add_text' data={'display_text': ' #         $        #'} | {"time": "20:25:30.955", "message": "Emitted: 'add_text' data={'display_text': ' #         $        #'}", "context": {"level": null, "scene": null, "state": null}, "data": {}}
[2026-01-01 20:25:30] [DEBUG] [game] Dispatch: RenderSystem -> handled 'add_text' | {"time": "20:25:30.955", "message": "Dispatch: RenderSystem -> handled 'add_text'", "context": {"level": null, "scene": null, "state": null}, "data": {}}
[2026-01-01 20:25:30] [DEBUG] [game] Emitted: 'add_text' data={'display_text': ' #                  #'} | {"time": "20:25:30.955", "message": "Emitted: 'add_text' data={'display_text': ' #                  #'}", "context": {"level": null, "scene": null, "state": null}, "data": {}}
[2026-01-01 20:25:30] [DEBUG] [game] Dispatch: RenderSystem -> handled 'add_text' | {"time": "20:25:30.955", "message": "Dispatch: RenderSystem -> handled 'add_text'", "context": {"level": null, "scene": null, "state": null}, "data": {}}
[2026-01-01 20:25:30] [DEBUG] [game] Emitted: 'add_text' data={'display_text': ' #                  #'} | {"time": "20:25:30.956", "message": "Emitted: 'add_text' data={'display_text': ' #                  #'}", "context": {"level": null, "scene": null, "state": null}, "data": {}}
[2026-01-01 20:25:30] [DEBUG] [game] Dispatch: RenderSystem -> handled 'add_text' | {"time": "20:25:30.956", "message": "Dispatch: RenderSystem -> handled 'add_text'", "context": {"level": null, "scene": null, "state": null}, "data": {}}
[2026-01-01 20:25:30] [DEBUG] [game] Emitted: 'add_text' data={'display_text': ' #                  #'} | {"time": "20:25:30.956", "message": "Emitted: 'add_text' data={'display_text': ' #                  #'}", "context": {"level": null, "scene": null, "state": null}, "data": {}}
[2026-01-01 20:25:30] [DEBUG] [game] Dispatch: RenderSystem -> handled 'add_text' | {"time": "20:25:30.956", "message": "Dispatch: RenderSystem -> handled 'add_text'", "context": {"level": null, "scene": null, "state": null}, "data": {}}
[2026-01-01 20:25:30] [DEBUG] [game] Emitted: 'add_text' data={'display_text': ' #                  #'} | {"time": "20:25:30.956", "message": "Emitted: 'add_text' data={'display_text': ' #                  #'}", "context": {"level": null, "scene": null, "state": null}, "data": {}}
[2026-01-01 20:25:30] [DEBUG] [game] Dispatch: RenderSystem -> handled 'add_text' | {"time": "20:25:30.956", "message": "Dispatch: RenderSystem -> handled 'add_text'", "context": {"level": null, "scene": null, "state": null}, "data": {}}
[2026-01-01 20:25:30] [DEBUG] [game] Emitted: 'add_text' data={'display_text': ' #                  #'} | {"time": "20:25:30.956", "message": "Emitted: 'add_text' data={'display_text': ' #                  #'}", "context": {"level": null, "scene": null, "state": null}, "data": {}}
[2026-01-01 20:25:30] [DEBUG] [game] Dispatch: RenderSystem -> handled 'add_text' | {"time": "20:25:30.956", "message": "Dispatch: RenderSystem -> handled 'add_text'", "context": {"level": null, "scene": null, "state": null}, "data": {}}
[2026-01-01 20:25:30] [DEBUG] [game] Emitted: 'add_text' data={'display_text': ' #                  #'} | {"time": "20:25:30.957", "message": "Emitted: 'add_text' data={'display_text': ' #                  #'}", "context": {"level": null, "scene": null, "state": null}, "data": {}}
[2026-01-01 20:25:30] [DEBUG] [game] Dispatch: RenderSystem -> handled 'add_text' | {"time": "20:25:30.957", "message": "Dispatch: RenderSystem -> handled 'add_text'", "context": {"level": null, "scene": null, "state": null}, "data": {}}
[2026-01-01 20:25:30] [DEBUG] [game] Emitted: 'add_text' data={'display_text': ' #                  #'} | {"time": "20:25:30.957", "message": "Emitted: 'add_text' data={'display_text': ' #                  #'}", "context": {"level": null, "scene": null, "state": null}, "data": {}}
[2026-01-01 20:25:30] [DEBUG] [game] Dispatch: RenderSystem -> handled 'add_text' | {"time": "20:25:30.957", "message": "Dispatch: RenderSystem -> handled 'add_text'", "context": {"level": null, "scene": null, "state": null}, "data": {}}
[2026-01-01 20:25:30] [DEBUG] [game] Emitted: 'add_text' data={'display_text': ' #                  #'} | {"time": "20:25:30.957", "message": "Emitted: 'add_text' data={'display_text': ' #                  #'}", "context": {"level": null, "scene": null, "state": null}, "data": {}}
[2026-01-01 20:25:30] [DEBUG] [game] Dispatch: RenderSystem -> handled 'add_text' | {"time": "20:25:30.957", "message": "Dispatch: RenderSystem -> handled 'add_text'", "context": {"level": null, "scene": null, "state": null}, "data": {}}
[2026-01-01 20:25:30] [DEBUG] [game] Emitted: 'add_text' data={'display_text': ' ####################'} | {"time": "20:25:30.957", "message": "Emitted: 'add_text' data={'display_text': ' ####################'}", "context": {"level": null, "scene": null, "state": null}, "data": {}}
[2026-01-01 20:25:30] [DEBUG] [game] Dispatch: RenderSystem -> handled 'add_text' | {"time": "20:25:30.957", "message": "Dispatch: RenderSystem -> handled 'add_text'", "context": {"level": null, "scene": null, "state": null}, "data": {}}
[2026-01-01 20:25:30] [DEBUG] [game] Emitted: 'player_input' data={'input': 'd'} | {"time": "20:25:30.958", "message": "Emitted: 'player_input' data={'input': 'd'}", "context": {"level": null, "scene": null, "state": null}, "data": {}}
[2026-01-01 20:25:30] [DEBUG] [game] Emitted: 'dungeon_player_movement' data={'input': 's'} | {"time": "20:25:30.993", "message": "Emitted: 'dungeon_player_movement' data={'input': 's'}", "context": {"level": null, "scene": null, "state": null}, "data": {}}
[2026-01-01 20:25:30] [DEBUG] [game] Dispatch: DungeonManager -> handled 'dungeon_player_movement' | {"time": "20:25:30.993", "message": "Dispatch: DungeonManager -> handled 'dungeon_player_movement'", "context": {"level": null, "scene": null, "state": null}, "data": {}}
[2026-01-01 20:25:30] [DEBUG] [game] [handle_player_move] dx=[0], dy=[1], cur_x=[2], cur_y=[1], new_x=[2], new_y=[2] | {"time": "20:25:30.993", "message": "[handle_player_move] dx=[0], dy=[1], cur_x=[2], cur_y=[1], new_x=[2], new_y=[2]", "context": {"level": null, "scene": null, "state": null}, "data": {}}
[2026-01-01 20:25:30] [DEBUG] [game] [handle_player_move] evaluted to walkable | {"time": "20:25:30.993", "message": "[handle_player_move] evaluted to walkable", "context": {"level": null, "scene": null, "state": null}, "data": {}}
[2026-01-01 20:25:31] [DEBUG] [game] Emitted: 'add_text' data={'display_text': ' ####################'} | {"time": "20:25:31.015", "message": "Emitted: 'add_text' data={'display_text': ' ####################'}", "context": {"level": null, "scene": null, "state": null}, "data": {}}
[2026-01-01 20:25:31] [DEBUG] [game] Dispatch: RenderSystem -> handled 'add_text' | {"time": "20:25:31.015", "message": "Dispatch: RenderSystem -> handled 'add_text'", "context": {"level": null, "scene": null, "state": null}, "data": {}}
[2026-01-01 20:25:31] [DEBUG] [game] Emitted: 'add_text' data={'display_text': ' #                  #'} | {"time": "20:25:31.015", "message": "Emitted: 'add_text' data={'display_text': ' #                  #'}", "context": {"level": null, "scene": null, "state": null}, "data": {}}
[2026-01-01 20:25:31] [DEBUG] [game] Dispatch: RenderSystem -> handled 'add_text' | {"time": "20:25:31.015", "message": "Dispatch: RenderSystem -> handled 'add_text'", "context": {"level": null, "scene": null, "state": null}, "data": {}}
[2026-01-01 20:25:31] [DEBUG] [game] Emitted: 'add_text' data={'display_text': ' # @                #'} | {"time": "20:25:31.016", "message": "Emitted: 'add_text' data={'display_text': ' # @                #'}", "context": {"level": null, "scene": null, "state": null}, "data": {}}
[2026-01-01 20:25:31] [DEBUG] [game] Dispatch: RenderSystem -> handled 'add_text' | {"time": "20:25:31.016", "message": "Dispatch: RenderSystem -> handled 'add_text'", "context": {"level": null, "scene": null, "state": null}, "data": {}}
[2026-01-01 20:25:31] [DEBUG] [game] Emitted: 'add_text' data={'display_text': ' #                  #'} | {"time": "20:25:31.016", "message": "Emitted: 'add_text' data={'display_text': ' #                  #'}", "context": {"level": null, "scene": null, "state": null}, "data": {}}
[2026-01-01 20:25:31] [DEBUG] [game] Dispatch: RenderSystem -> handled 'add_text' | {"time": "20:25:31.016", "message": "Dispatch: RenderSystem -> handled 'add_text'", "context": {"level": null, "scene": null, "state": null}, "data": {}}
[2026-01-01 20:25:31] [DEBUG] [game] Emitted: 'add_text' data={'display_text': ' #                  #'} | {"time": "20:25:31.016", "message": "Emitted: 'add_text' data={'display_text': ' #                  #'}", "context": {"level": null, "scene": null, "state": null}, "data": {}}
[2026-01-01 20:25:31] [DEBUG] [game] Dispatch: RenderSystem -> handled 'add_text' | {"time": "20:25:31.016", "message": "Dispatch: RenderSystem -> handled 'add_text'", "context": {"level": null, "scene": null, "state": null}, "data": {}}
[2026-01-01 20:25:31] [DEBUG] [game] Emitted: 'add_text' data={'display_text': ' #                  #'} | {"time": "20:25:31.017", "message": "Emitted: 'add_text' data={'display_text': ' #                  #'}", "context": {"level": null, "scene": null, "state": null}, "data": {}}
[2026-01-01 20:25:31] [DEBUG] [game] Dispatch: RenderSystem -> handled 'add_text' | {"time": "20:25:31.017", "message": "Dispatch: RenderSystem -> handled 'add_text'", "context": {"level": null, "scene": null, "state": null}, "data": {}}
[2026-01-01 20:25:31] [DEBUG] [game] Emitted: 'add_text' data={'display_text': ' #                  #'} | {"time": "20:25:31.017", "message": "Emitted: 'add_text' data={'display_text': ' #                  #'}", "context": {"level": null, "scene": null, "state": null}, "data": {}}
[2026-01-01 20:25:31] [DEBUG] [game] Dispatch: RenderSystem -> handled 'add_text' | {"time": "20:25:31.017", "message": "Dispatch: RenderSystem -> handled 'add_text'", "context": {"level": null, "scene": null, "state": null}, "data": {}}
[2026-01-01 20:25:31] [DEBUG] [game] Emitted: 'add_text' data={'display_text': ' #                  #'} | {"time": "20:25:31.017", "message": "Emitted: 'add_text' data={'display_text': ' #                  #'}", "context": {"level": null, "scene": null, "state": null}, "data": {}}
[2026-01-01 20:25:31] [DEBUG] [game] Dispatch: RenderSystem -> handled 'add_text' | {"time": "20:25:31.017", "message": "Dispatch: RenderSystem -> handled 'add_text'", "context": {"level": null, "scene": null, "state": null}, "data": {}}
[2026-01-01 20:25:31] [DEBUG] [game] Emitted: 'add_text' data={'display_text': ' #                  #'} | {"time": "20:25:31.017", "message": "Emitted: 'add_text' data={'display_text': ' #                  #'}", "context": {"level": null, "scene": null, "state": null}, "data": {}}
[2026-01-01 20:25:31] [DEBUG] [game] Dispatch: RenderSystem -> handled 'add_text' | {"time": "20:25:31.017", "message": "Dispatch: RenderSystem -> handled 'add_text'", "context": {"level": null, "scene": null, "state": null}, "data": {}}
[2026-01-01 20:25:31] [DEBUG] [game] Emitted: 'add_text' data={'display_text': ' #                  #'} | {"time": "20:25:31.017", "message": "Emitted: 'add_text' data={'display_text': ' #                  #'}", "context": {"level": null, "scene": null, "state": null}, "data": {}}
[2026-01-01 20:25:31] [DEBUG] [game] Dispatch: RenderSystem -> handled 'add_text' | {"time": "20:25:31.018", "message": "Dispatch: RenderSystem -> handled 'add_text'", "context": {"level": null, "scene": null, "state": null}, "data": {}}
[2026-01-01 20:25:31] [DEBUG] [game] Emitted: 'add_text' data={'display_text': ' #         $        #'} | {"time": "20:25:31.018", "message": "Emitted: 'add_text' data={'display_text': ' #         $        #'}", "context": {"level": null, "scene": null, "state": null}, "data": {}}
[2026-01-01 20:25:31] [DEBUG] [game] Dispatch: RenderSystem -> handled 'add_text' | {"time": "20:25:31.018", "message": "Dispatch: RenderSystem -> handled 'add_text'", "context": {"level": null, "scene": null, "state": null}, "data": {}}
[2026-01-01 20:25:31] [DEBUG] [game] Emitted: 'add_text' data={'display_text': ' #                  #'} | {"time": "20:25:31.018", "message": "Emitted: 'add_text' data={'display_text': ' #                  #'}", "context": {"level": null, "scene": null, "state": null}, "data": {}}
[2026-01-01 20:25:31] [DEBUG] [game] Dispatch: RenderSystem -> handled 'add_text' | {"time": "20:25:31.018", "message": "Dispatch: RenderSystem -> handled 'add_text'", "context": {"level": null, "scene": null, "state": null}, "data": {}}
[2026-01-01 20:25:31] [DEBUG] [game] Emitted: 'add_text' data={'display_text': ' #                  #'} | {"time": "20:25:31.018", "message": "Emitted: 'add_text' data={'display_text': ' #                  #'}", "context": {"level": null, "scene": null, "state": null}, "data": {}}
[2026-01-01 20:25:31] [DEBUG] [game] Dispatch: RenderSystem -> handled 'add_text' | {"time": "20:25:31.018", "message": "Dispatch: RenderSystem -> handled 'add_text'", "context": {"level": null, "scene": null, "state": null}, "data": {}}
[2026-01-01 20:25:31] [DEBUG] [game] Emitted: 'add_text' data={'display_text': ' #                  #'} | {"time": "20:25:31.018", "message": "Emitted: 'add_text' data={'display_text': ' #                  #'}", "context": {"level": null, "scene": null, "state": null}, "data": {}}
[2026-01-01 20:25:31] [DEBUG] [game] Dispatch: RenderSystem -> handled 'add_text' | {"time": "20:25:31.018", "message": "Dispatch: RenderSystem -> handled 'add_text'", "context": {"level": null, "scene": null, "state": null}, "data": {}}
[2026-01-01 20:25:31] [DEBUG] [game] Emitted: 'add_text' data={'display_text': ' #                  #'} | {"time": "20:25:31.019", "message": "Emitted: 'add_text' data={'display_text': ' #                  #'}", "context": {"level": null, "scene": null, "state": null}, "data": {}}
[2026-01-01 20:25:31] [DEBUG] [game] Dispatch: RenderSystem -> handled 'add_text' | {"time": "20:25:31.019", "message": "Dispatch: RenderSystem -> handled 'add_text'", "context": {"level": null, "scene": null, "state": null}, "data": {}}
[2026-01-01 20:25:31] [DEBUG] [game] Emitted: 'add_text' data={'display_text': ' #                  #'} | {"time": "20:25:31.019", "message": "Emitted: 'add_text' data={'display_text': ' #                  #'}", "context": {"level": null, "scene": null, "state": null}, "data": {}}
[2026-01-01 20:25:31] [DEBUG] [game] Dispatch: RenderSystem -> handled 'add_text' | {"time": "20:25:31.019", "message": "Dispatch: RenderSystem -> handled 'add_text'", "context": {"level": null, "scene": null, "state": null}, "data": {}}
[2026-01-01 20:25:31] [DEBUG] [game] Emitted: 'add_text' data={'display_text': ' #                  #'} | {"time": "20:25:31.019", "message": "Emitted: 'add_text' data={'display_text': ' #                  #'}", "context": {"level": null, "scene": null, "state": null}, "data": {}}
[2026-01-01 20:25:31] [DEBUG] [game] Dispatch: RenderSystem -> handled 'add_text' | {"time": "20:25:31.019", "message": "Dispatch: RenderSystem -> handled 'add_text'", "context": {"level": null, "scene": null, "state": null}, "data": {}}
[2026-01-01 20:25:31] [DEBUG] [game] Emitted: 'add_text' data={'display_text': ' #                  #'} | {"time": "20:25:31.019", "message": "Emitted: 'add_text' data={'display_text': ' #                  #'}", "context": {"level": null, "scene": null, "state": null}, "data": {}}
[2026-01-01 20:25:31] [DEBUG] [game] Dispatch: RenderSystem -> handled 'add_text' | {"time": "20:25:31.019", "message": "Dispatch: RenderSystem -> handled 'add_text'", "context": {"level": null, "scene": null, "state": null}, "data": {}}
[2026-01-01 20:25:31] [DEBUG] [game] Emitted: 'add_text' data={'display_text': ' #                  #'} | {"time": "20:25:31.019", "message": "Emitted: 'add_text' data={'display_text': ' #                  #'}", "context": {"level": null, "scene": null, "state": null}, "data": {}}
[2026-01-01 20:25:31] [DEBUG] [game] Dispatch: RenderSystem -> handled 'add_text' | {"time": "20:25:31.019", "message": "Dispatch: RenderSystem -> handled 'add_text'", "context": {"level": null, "scene": null, "state": null}, "data": {}}
[2026-01-01 20:25:31] [DEBUG] [game] Emitted: 'add_text' data={'display_text': ' ####################'} | {"time": "20:25:31.020", "message": "Emitted: 'add_text' data={'display_text': ' ####################'}", "context": {"level": null, "scene": null, "state": null}, "data": {}}
[2026-01-01 20:25:31] [DEBUG] [game] Dispatch: RenderSystem -> handled 'add_text' | {"time": "20:25:31.020", "message": "Dispatch: RenderSystem -> handled 'add_text'", "context": {"level": null, "scene": null, "state": null}, "data": {}}
[2026-01-01 20:25:31] [DEBUG] [game] Emitted: 'player_input' data={'input': 's'} | {"time": "20:25:31.020", "message": "Emitted: 'player_input' data={'input': 's'}", "context": {"level": null, "scene": null, "state": null}, "data": {}}
[2026-01-01 20:25:31] [DEBUG] [game] Emitted: 'dungeon_player_movement' data={'input': 'd'} | {"time": "20:25:31.146", "message": "Emitted: 'dungeon_player_movement' data={'input': 'd'}", "context": {"level": null, "scene": null, "state": null}, "data": {}}
[2026-01-01 20:25:31] [DEBUG] [game] Dispatch: DungeonManager -> handled 'dungeon_player_movement' | {"time": "20:25:31.146", "message": "Dispatch: DungeonManager -> handled 'dungeon_player_movement'", "context": {"level": null, "scene": null, "state": null}, "data": {}}
[2026-01-01 20:25:31] [DEBUG] [game] [handle_player_move] dx=[1], dy=[0], cur_x=[2], cur_y=[2], new_x=[3], new_y=[2] | {"time": "20:25:31.146", "message": "[handle_player_move] dx=[1], dy=[0], cur_x=[2], cur_y=[2], new_x=[3], new_y=[2]", "context": {"level": null, "scene": null, "state": null}, "data": {}}
[2026-01-01 20:25:31] [DEBUG] [game] [handle_player_move] evaluted to walkable | {"time": "20:25:31.147", "message": "[handle_player_move] evaluted to walkable", "context": {"level": null, "scene": null, "state": null}, "data": {}}
[2026-01-01 20:25:31] [DEBUG] [game] Emitted: 'add_text' data={'display_text': ' ####################'} | {"time": "20:25:31.175", "message": "Emitted: 'add_text' data={'display_text': ' ####################'}", "context": {"level": null, "scene": null, "state": null}, "data": {}}
[2026-01-01 20:25:31] [DEBUG] [game] Dispatch: RenderSystem -> handled 'add_text' | {"time": "20:25:31.175", "message": "Dispatch: RenderSystem -> handled 'add_text'", "context": {"level": null, "scene": null, "state": null}, "data": {}}
[2026-01-01 20:25:31] [DEBUG] [game] Emitted: 'add_text' data={'display_text': ' #                  #'} | {"time": "20:25:31.175", "message": "Emitted: 'add_text' data={'display_text': ' #                  #'}", "context": {"level": null, "scene": null, "state": null}, "data": {}}
[2026-01-01 20:25:31] [DEBUG] [game] Dispatch: RenderSystem -> handled 'add_text' | {"time": "20:25:31.175", "message": "Dispatch: RenderSystem -> handled 'add_text'", "context": {"level": null, "scene": null, "state": null}, "data": {}}
[2026-01-01 20:25:31] [DEBUG] [game] Emitted: 'add_text' data={'display_text': ' #  @               #'} | {"time": "20:25:31.176", "message": "Emitted: 'add_text' data={'display_text': ' #  @               #'}", "context": {"level": null, "scene": null, "state": null}, "data": {}}
[2026-01-01 20:25:31] [DEBUG] [game] Dispatch: RenderSystem -> handled 'add_text' | {"time": "20:25:31.176", "message": "Dispatch: RenderSystem -> handled 'add_text'", "context": {"level": null, "scene": null, "state": null}, "data": {}}
[2026-01-01 20:25:31] [DEBUG] [game] Emitted: 'add_text' data={'display_text': ' #                  #'} | {"time": "20:25:31.176", "message": "Emitted: 'add_text' data={'display_text': ' #                  #'}", "context": {"level": null, "scene": null, "state": null}, "data": {}}
[2026-01-01 20:25:31] [DEBUG] [game] Dispatch: RenderSystem -> handled 'add_text' | {"time": "20:25:31.176", "message": "Dispatch: RenderSystem -> handled 'add_text'", "context": {"level": null, "scene": null, "state": null}, "data": {}}
[2026-01-01 20:25:31] [DEBUG] [game] Emitted: 'add_text' data={'display_text': ' #                  #'} | {"time": "20:25:31.176", "message": "Emitted: 'add_text' data={'display_text': ' #                  #'}", "context": {"level": null, "scene": null, "state": null}, "data": {}}
[2026-01-01 20:25:31] [DEBUG] [game] Dispatch: RenderSystem -> handled 'add_text' | {"time": "20:25:31.177", "message": "Dispatch: RenderSystem -> handled 'add_text'", "context": {"level": null, "scene": null, "state": null}, "data": {}}
[2026-01-01 20:25:31] [DEBUG] [game] Emitted: 'add_text' data={'display_text': ' #                  #'} | {"time": "20:25:31.177", "message": "Emitted: 'add_text' data={'display_text': ' #                  #'}", "context": {"level": null, "scene": null, "state": null}, "data": {}}
[2026-01-01 20:25:31] [DEBUG] [game] Dispatch: RenderSystem -> handled 'add_text' | {"time": "20:25:31.177", "message": "Dispatch: RenderSystem -> handled 'add_text'", "context": {"level": null, "scene": null, "state": null}, "data": {}}
[2026-01-01 20:25:31] [DEBUG] [game] Emitted: 'add_text' data={'display_text': ' #                  #'} | {"time": "20:25:31.177", "message": "Emitted: 'add_text' data={'display_text': ' #                  #'}", "context": {"level": null, "scene": null, "state": null}, "data": {}}
[2026-01-01 20:25:31] [DEBUG] [game] Dispatch: RenderSystem -> handled 'add_text' | {"time": "20:25:31.177", "message": "Dispatch: RenderSystem -> handled 'add_text'", "context": {"level": null, "scene": null, "state": null}, "data": {}}
[2026-01-01 20:25:31] [DEBUG] [game] Emitted: 'add_text' data={'display_text': ' #                  #'} | {"time": "20:25:31.178", "message": "Emitted: 'add_text' data={'display_text': ' #                  #'}", "context": {"level": null, "scene": null, "state": null}, "data": {}}
[2026-01-01 20:25:31] [DEBUG] [game] Dispatch: RenderSystem -> handled 'add_text' | {"time": "20:25:31.178", "message": "Dispatch: RenderSystem -> handled 'add_text'", "context": {"level": null, "scene": null, "state": null}, "data": {}}
[2026-01-01 20:25:31] [DEBUG] [game] Emitted: 'add_text' data={'display_text': ' #                  #'} | {"time": "20:25:31.178", "message": "Emitted: 'add_text' data={'display_text': ' #                  #'}", "context": {"level": null, "scene": null, "state": null}, "data": {}}
[2026-01-01 20:25:31] [DEBUG] [game] Dispatch: RenderSystem -> handled 'add_text' | {"time": "20:25:31.178", "message": "Dispatch: RenderSystem -> handled 'add_text'", "context": {"level": null, "scene": null, "state": null}, "data": {}}
[2026-01-01 20:25:31] [DEBUG] [game] Emitted: 'add_text' data={'display_text': ' #                  #'} | {"time": "20:25:31.178", "message": "Emitted: 'add_text' data={'display_text': ' #                  #'}", "context": {"level": null, "scene": null, "state": null}, "data": {}}
[2026-01-01 20:25:31] [DEBUG] [game] Dispatch: RenderSystem -> handled 'add_text' | {"time": "20:25:31.178", "message": "Dispatch: RenderSystem -> handled 'add_text'", "context": {"level": null, "scene": null, "state": null}, "data": {}}
[2026-01-01 20:25:31] [DEBUG] [game] Emitted: 'add_text' data={'display_text': ' #         $        #'} | {"time": "20:25:31.179", "message": "Emitted: 'add_text' data={'display_text': ' #         $        #'}", "context": {"level": null, "scene": null, "state": null}, "data": {}}
[2026-01-01 20:25:31] [DEBUG] [game] Dispatch: RenderSystem -> handled 'add_text' | {"time": "20:25:31.179", "message": "Dispatch: RenderSystem -> handled 'add_text'", "context": {"level": null, "scene": null, "state": null}, "data": {}}
[2026-01-01 20:25:31] [DEBUG] [game] Emitted: 'add_text' data={'display_text': ' #                  #'} | {"time": "20:25:31.179", "message": "Emitted: 'add_text' data={'display_text': ' #                  #'}", "context": {"level": null, "scene": null, "state": null}, "data": {}}
[2026-01-01 20:25:31] [DEBUG] [game] Dispatch: RenderSystem -> handled 'add_text' | {"time": "20:25:31.179", "message": "Dispatch: RenderSystem -> handled 'add_text'", "context": {"level": null, "scene": null, "state": null}, "data": {}}
[2026-01-01 20:25:31] [DEBUG] [game] Emitted: 'add_text' data={'display_text': ' #                  #'} | {"time": "20:25:31.179", "message": "Emitted: 'add_text' data={'display_text': ' #                  #'}", "context": {"level": null, "scene": null, "state": null}, "data": {}}
[2026-01-01 20:25:31] [DEBUG] [game] Dispatch: RenderSystem -> handled 'add_text' | {"time": "20:25:31.179", "message": "Dispatch: RenderSystem -> handled 'add_text'", "context": {"level": null, "scene": null, "state": null}, "data": {}}
[2026-01-01 20:25:31] [DEBUG] [game] Emitted: 'add_text' data={'display_text': ' #                  #'} | {"time": "20:25:31.180", "message": "Emitted: 'add_text' data={'display_text': ' #                  #'}", "context": {"level": null, "scene": null, "state": null}, "data": {}}
[2026-01-01 20:25:31] [DEBUG] [game] Dispatch: RenderSystem -> handled 'add_text' | {"time": "20:25:31.180", "message": "Dispatch: RenderSystem -> handled 'add_text'", "context": {"level": null, "scene": null, "state": null}, "data": {}}
[2026-01-01 20:25:31] [DEBUG] [game] Emitted: 'add_text' data={'display_text': ' #                  #'} | {"time": "20:25:31.180", "message": "Emitted: 'add_text' data={'display_text': ' #                  #'}", "context": {"level": null, "scene": null, "state": null}, "data": {}}
[2026-01-01 20:25:31] [DEBUG] [game] Dispatch: RenderSystem -> handled 'add_text' | {"time": "20:25:31.180", "message": "Dispatch: RenderSystem -> handled 'add_text'", "context": {"level": null, "scene": null, "state": null}, "data": {}}
[2026-01-01 20:25:31] [DEBUG] [game] Emitted: 'add_text' data={'display_text': ' #                  #'} | {"time": "20:25:31.180", "message": "Emitted: 'add_text' data={'display_text': ' #                  #'}", "context": {"level": null, "scene": null, "state": null}, "data": {}}
[2026-01-01 20:25:31] [DEBUG] [game] Dispatch: RenderSystem -> handled 'add_text' | {"time": "20:25:31.180", "message": "Dispatch: RenderSystem -> handled 'add_text'", "context": {"level": null, "scene": null, "state": null}, "data": {}}
[2026-01-01 20:25:31] [DEBUG] [game] Emitted: 'add_text' data={'display_text': ' #                  #'} | {"time": "20:25:31.180", "message": "Emitted: 'add_text' data={'display_text': ' #                  #'}", "context": {"level": null, "scene": null, "state": null}, "data": {}}
[2026-01-01 20:25:31] [DEBUG] [game] Dispatch: RenderSystem -> handled 'add_text' | {"time": "20:25:31.181", "message": "Dispatch: RenderSystem -> handled 'add_text'", "context": {"level": null, "scene": null, "state": null}, "data": {}}
[2026-01-01 20:25:31] [DEBUG] [game] Emitted: 'add_text' data={'display_text': ' #                  #'} | {"time": "20:25:31.181", "message": "Emitted: 'add_text' data={'display_text': ' #                  #'}", "context": {"level": null, "scene": null, "state": null}, "data": {}}
[2026-01-01 20:25:31] [DEBUG] [game] Dispatch: RenderSystem -> handled 'add_text' | {"time": "20:25:31.181", "message": "Dispatch: RenderSystem -> handled 'add_text'", "context": {"level": null, "scene": null, "state": null}, "data": {}}
[2026-01-01 20:25:31] [DEBUG] [game] Emitted: 'add_text' data={'display_text': ' #                  #'} | {"time": "20:25:31.181", "message": "Emitted: 'add_text' data={'display_text': ' #                  #'}", "context": {"level": null, "scene": null, "state": null}, "data": {}}
[2026-01-01 20:25:31] [DEBUG] [game] Dispatch: RenderSystem -> handled 'add_text' | {"time": "20:25:31.181", "message": "Dispatch: RenderSystem -> handled 'add_text'", "context": {"level": null, "scene": null, "state": null}, "data": {}}
[2026-01-01 20:25:31] [DEBUG] [game] Emitted: 'add_text' data={'display_text': ' ####################'} | {"time": "20:25:31.181", "message": "Emitted: 'add_text' data={'display_text': ' ####################'}", "context": {"level": null, "scene": null, "state": null}, "data": {}}
[2026-01-01 20:25:31] [DEBUG] [game] Dispatch: RenderSystem -> handled 'add_text' | {"time": "20:25:31.182", "message": "Dispatch: RenderSystem -> handled 'add_text'", "context": {"level": null, "scene": null, "state": null}, "data": {}}
[2026-01-01 20:25:31] [DEBUG] [game] Emitted: 'player_input' data={'input': 'd'} | {"time": "20:25:31.182", "message": "Emitted: 'player_input' data={'input': 'd'}", "context": {"level": null, "scene": null, "state": null}, "data": {}}
[2026-01-01 20:25:31] [DEBUG] [game] Emitted: 'dungeon_player_movement' data={'input': 's'} | {"time": "20:25:31.230", "message": "Emitted: 'dungeon_player_movement' data={'input': 's'}", "context": {"level": null, "scene": null, "state": null}, "data": {}}
[2026-01-01 20:25:31] [DEBUG] [game] Dispatch: DungeonManager -> handled 'dungeon_player_movement' | {"time": "20:25:31.230", "message": "Dispatch: DungeonManager -> handled 'dungeon_player_movement'", "context": {"level": null, "scene": null, "state": null}, "data": {}}
[2026-01-01 20:25:31] [DEBUG] [game] [handle_player_move] dx=[0], dy=[1], cur_x=[3], cur_y=[2], new_x=[3], new_y=[3] | {"time": "20:25:31.230", "message": "[handle_player_move] dx=[0], dy=[1], cur_x=[3], cur_y=[2], new_x=[3], new_y=[3]", "context": {"level": null, "scene": null, "state": null}, "data": {}}
[2026-01-01 20:25:31] [DEBUG] [game] [handle_player_move] evaluted to walkable | {"time": "20:25:31.231", "message": "[handle_player_move] evaluted to walkable", "context": {"level": null, "scene": null, "state": null}, "data": {}}
[2026-01-01 20:25:31] [DEBUG] [game] Emitted: 'add_text' data={'display_text': ' ####################'} | {"time": "20:25:31.259", "message": "Emitted: 'add_text' data={'display_text': ' ####################'}", "context": {"level": null, "scene": null, "state": null}, "data": {}}
[2026-01-01 20:25:31] [DEBUG] [game] Dispatch: RenderSystem -> handled 'add_text' | {"time": "20:25:31.259", "message": "Dispatch: RenderSystem -> handled 'add_text'", "context": {"level": null, "scene": null, "state": null}, "data": {}}
[2026-01-01 20:25:31] [DEBUG] [game] Emitted: 'add_text' data={'display_text': ' #                  #'} | {"time": "20:25:31.260", "message": "Emitted: 'add_text' data={'display_text': ' #                  #'}", "context": {"level": null, "scene": null, "state": null}, "data": {}}
[2026-01-01 20:25:31] [DEBUG] [game] Dispatch: RenderSystem -> handled 'add_text' | {"time": "20:25:31.260", "message": "Dispatch: RenderSystem -> handled 'add_text'", "context": {"level": null, "scene": null, "state": null}, "data": {}}
[2026-01-01 20:25:31] [DEBUG] [game] Emitted: 'add_text' data={'display_text': ' #                  #'} | {"time": "20:25:31.260", "message": "Emitted: 'add_text' data={'display_text': ' #                  #'}", "context": {"level": null, "scene": null, "state": null}, "data": {}}
[2026-01-01 20:25:31] [DEBUG] [game] Dispatch: RenderSystem -> handled 'add_text' | {"time": "20:25:31.260", "message": "Dispatch: RenderSystem -> handled 'add_text'", "context": {"level": null, "scene": null, "state": null}, "data": {}}
[2026-01-01 20:25:31] [DEBUG] [game] Emitted: 'add_text' data={'display_text': ' #  @               #'} | {"time": "20:25:31.260", "message": "Emitted: 'add_text' data={'display_text': ' #  @               #'}", "context": {"level": null, "scene": null, "state": null}, "data": {}}
[2026-01-01 20:25:31] [DEBUG] [game] Dispatch: RenderSystem -> handled 'add_text' | {"time": "20:25:31.261", "message": "Dispatch: RenderSystem -> handled 'add_text'", "context": {"level": null, "scene": null, "state": null}, "data": {}}
[2026-01-01 20:25:31] [DEBUG] [game] Emitted: 'add_text' data={'display_text': ' #                  #'} | {"time": "20:25:31.261", "message": "Emitted: 'add_text' data={'display_text': ' #                  #'}", "context": {"level": null, "scene": null, "state": null}, "data": {}}
[2026-01-01 20:25:31] [DEBUG] [game] Dispatch: RenderSystem -> handled 'add_text' | {"time": "20:25:31.261", "message": "Dispatch: RenderSystem -> handled 'add_text'", "context": {"level": null, "scene": null, "state": null}, "data": {}}
[2026-01-01 20:25:31] [DEBUG] [game] Emitted: 'add_text' data={'display_text': ' #                  #'} | {"time": "20:25:31.261", "message": "Emitted: 'add_text' data={'display_text': ' #                  #'}", "context": {"level": null, "scene": null, "state": null}, "data": {}}
[2026-01-01 20:25:31] [DEBUG] [game] Dispatch: RenderSystem -> handled 'add_text' | {"time": "20:25:31.261", "message": "Dispatch: RenderSystem -> handled 'add_text'", "context": {"level": null, "scene": null, "state": null}, "data": {}}
[2026-01-01 20:25:31] [DEBUG] [game] Emitted: 'add_text' data={'display_text': ' #                  #'} | {"time": "20:25:31.261", "message": "Emitted: 'add_text' data={'display_text': ' #                  #'}", "context": {"level": null, "scene": null, "state": null}, "data": {}}
[2026-01-01 20:25:31] [DEBUG] [game] Dispatch: RenderSystem -> handled 'add_text' | {"time": "20:25:31.261", "message": "Dispatch: RenderSystem -> handled 'add_text'", "context": {"level": null, "scene": null, "state": null}, "data": {}}
[2026-01-01 20:25:31] [DEBUG] [game] Emitted: 'add_text' data={'display_text': ' #                  #'} | {"time": "20:25:31.262", "message": "Emitted: 'add_text' data={'display_text': ' #                  #'}", "context": {"level": null, "scene": null, "state": null}, "data": {}}
[2026-01-01 20:25:31] [DEBUG] [game] Dispatch: RenderSystem -> handled 'add_text' | {"time": "20:25:31.262", "message": "Dispatch: RenderSystem -> handled 'add_text'", "context": {"level": null, "scene": null, "state": null}, "data": {}}
[2026-01-01 20:25:31] [DEBUG] [game] Emitted: 'add_text' data={'display_text': ' #                  #'} | {"time": "20:25:31.262", "message": "Emitted: 'add_text' data={'display_text': ' #                  #'}", "context": {"level": null, "scene": null, "state": null}, "data": {}}
[2026-01-01 20:25:31] [DEBUG] [game] Dispatch: RenderSystem -> handled 'add_text' | {"time": "20:25:31.262", "message": "Dispatch: RenderSystem -> handled 'add_text'", "context": {"level": null, "scene": null, "state": null}, "data": {}}
[2026-01-01 20:25:31] [DEBUG] [game] Emitted: 'add_text' data={'display_text': ' #                  #'} | {"time": "20:25:31.262", "message": "Emitted: 'add_text' data={'display_text': ' #                  #'}", "context": {"level": null, "scene": null, "state": null}, "data": {}}
[2026-01-01 20:25:31] [DEBUG] [game] Dispatch: RenderSystem -> handled 'add_text' | {"time": "20:25:31.262", "message": "Dispatch: RenderSystem -> handled 'add_text'", "context": {"level": null, "scene": null, "state": null}, "data": {}}
[2026-01-01 20:25:31] [DEBUG] [game] Emitted: 'add_text' data={'display_text': ' #         $        #'} | {"time": "20:25:31.263", "message": "Emitted: 'add_text' data={'display_text': ' #         $        #'}", "context": {"level": null, "scene": null, "state": null}, "data": {}}
[2026-01-01 20:25:31] [DEBUG] [game] Dispatch: RenderSystem -> handled 'add_text' | {"time": "20:25:31.263", "message": "Dispatch: RenderSystem -> handled 'add_text'", "context": {"level": null, "scene": null, "state": null}, "data": {}}
[2026-01-01 20:25:31] [DEBUG] [game] Emitted: 'add_text' data={'display_text': ' #                  #'} | {"time": "20:25:31.263", "message": "Emitted: 'add_text' data={'display_text': ' #                  #'}", "context": {"level": null, "scene": null, "state": null}, "data": {}}
[2026-01-01 20:25:31] [DEBUG] [game] Dispatch: RenderSystem -> handled 'add_text' | {"time": "20:25:31.263", "message": "Dispatch: RenderSystem -> handled 'add_text'", "context": {"level": null, "scene": null, "state": null}, "data": {}}
[2026-01-01 20:25:31] [DEBUG] [game] Emitted: 'add_text' data={'display_text': ' #                  #'} | {"time": "20:25:31.263", "message": "Emitted: 'add_text' data={'display_text': ' #                  #'}", "context": {"level": null, "scene": null, "state": null}, "data": {}}
[2026-01-01 20:25:31] [DEBUG] [game] Dispatch: RenderSystem -> handled 'add_text' | {"time": "20:25:31.263", "message": "Dispatch: RenderSystem -> handled 'add_text'", "context": {"level": null, "scene": null, "state": null}, "data": {}}
[2026-01-01 20:25:31] [DEBUG] [game] Emitted: 'add_text' data={'display_text': ' #                  #'} | {"time": "20:25:31.264", "message": "Emitted: 'add_text' data={'display_text': ' #                  #'}", "context": {"level": null, "scene": null, "state": null}, "data": {}}
[2026-01-01 20:25:31] [DEBUG] [game] Dispatch: RenderSystem -> handled 'add_text' | {"time": "20:25:31.264", "message": "Dispatch: RenderSystem -> handled 'add_text'", "context": {"level": null, "scene": null, "state": null}, "data": {}}
[2026-01-01 20:25:31] [DEBUG] [game] Emitted: 'add_text' data={'display_text': ' #                  #'} | {"time": "20:25:31.264", "message": "Emitted: 'add_text' data={'display_text': ' #                  #'}", "context": {"level": null, "scene": null, "state": null}, "data": {}}
[2026-01-01 20:25:31] [DEBUG] [game] Dispatch: RenderSystem -> handled 'add_text' | {"time": "20:25:31.264", "message": "Dispatch: RenderSystem -> handled 'add_text'", "context": {"level": null, "scene": null, "state": null}, "data": {}}
[2026-01-01 20:25:31] [DEBUG] [game] Emitted: 'add_text' data={'display_text': ' #                  #'} | {"time": "20:25:31.264", "message": "Emitted: 'add_text' data={'display_text': ' #                  #'}", "context": {"level": null, "scene": null, "state": null}, "data": {}}
[2026-01-01 20:25:31] [DEBUG] [game] Dispatch: RenderSystem -> handled 'add_text' | {"time": "20:25:31.264", "message": "Dispatch: RenderSystem -> handled 'add_text'", "context": {"level": null, "scene": null, "state": null}, "data": {}}
[2026-01-01 20:25:31] [DEBUG] [game] Emitted: 'add_text' data={'display_text': ' #                  #'} | {"time": "20:25:31.265", "message": "Emitted: 'add_text' data={'display_text': ' #                  #'}", "context": {"level": null, "scene": null, "state": null}, "data": {}}
[2026-01-01 20:25:31] [DEBUG] [game] Dispatch: RenderSystem -> handled 'add_text' | {"time": "20:25:31.265", "message": "Dispatch: RenderSystem -> handled 'add_text'", "context": {"level": null, "scene": null, "state": null}, "data": {}}
[2026-01-01 20:25:31] [DEBUG] [game] Emitted: 'add_text' data={'display_text': ' #                  #'} | {"time": "20:25:31.265", "message": "Emitted: 'add_text' data={'display_text': ' #                  #'}", "context": {"level": null, "scene": null, "state": null}, "data": {}}
[2026-01-01 20:25:31] [DEBUG] [game] Dispatch: RenderSystem -> handled 'add_text' | {"time": "20:25:31.265", "message": "Dispatch: RenderSystem -> handled 'add_text'", "context": {"level": null, "scene": null, "state": null}, "data": {}}
[2026-01-01 20:25:31] [DEBUG] [game] Emitted: 'add_text' data={'display_text': ' #                  #'} | {"time": "20:25:31.265", "message": "Emitted: 'add_text' data={'display_text': ' #                  #'}", "context": {"level": null, "scene": null, "state": null}, "data": {}}
[2026-01-01 20:25:31] [DEBUG] [game] Dispatch: RenderSystem -> handled 'add_text' | {"time": "20:25:31.265", "message": "Dispatch: RenderSystem -> handled 'add_text'", "context": {"level": null, "scene": null, "state": null}, "data": {}}
[2026-01-01 20:25:31] [DEBUG] [game] Emitted: 'add_text' data={'display_text': ' ####################'} | {"time": "20:25:31.265", "message": "Emitted: 'add_text' data={'display_text': ' ####################'}", "context": {"level": null, "scene": null, "state": null}, "data": {}}
[2026-01-01 20:25:31] [DEBUG] [game] Dispatch: RenderSystem -> handled 'add_text' | {"time": "20:25:31.265", "message": "Dispatch: RenderSystem -> handled 'add_text'", "context": {"level": null, "scene": null, "state": null}, "data": {}}
[2026-01-01 20:25:31] [DEBUG] [game] Emitted: 'player_input' data={'input': 's'} | {"time": "20:25:31.266", "message": "Emitted: 'player_input' data={'input': 's'}", "context": {"level": null, "scene": null, "state": null}, "data": {}}
[2026-01-01 20:25:31] [DEBUG] [game] Emitted: 'dungeon_player_movement' data={'input': 'd'} | {"time": "20:25:31.283", "message": "Emitted: 'dungeon_player_movement' data={'input': 'd'}", "context": {"level": null, "scene": null, "state": null}, "data": {}}
[2026-01-01 20:25:31] [DEBUG] [game] Dispatch: DungeonManager -> handled 'dungeon_player_movement' | {"time": "20:25:31.283", "message": "Dispatch: DungeonManager -> handled 'dungeon_player_movement'", "context": {"level": null, "scene": null, "state": null}, "data": {}}
[2026-01-01 20:25:31] [DEBUG] [game] [handle_player_move] dx=[1], dy=[0], cur_x=[3], cur_y=[3], new_x=[4], new_y=[3] | {"time": "20:25:31.284", "message": "[handle_player_move] dx=[1], dy=[0], cur_x=[3], cur_y=[3], new_x=[4], new_y=[3]", "context": {"level": null, "scene": null, "state": null}, "data": {}}
[2026-01-01 20:25:31] [DEBUG] [game] [handle_player_move] evaluted to walkable | {"time": "20:25:31.284", "message": "[handle_player_move] evaluted to walkable", "context": {"level": null, "scene": null, "state": null}, "data": {}}
[2026-01-01 20:25:31] [DEBUG] [game] Emitted: 'add_text' data={'display_text': ' ####################'} | {"time": "20:25:31.315", "message": "Emitted: 'add_text' data={'display_text': ' ####################'}", "context": {"level": null, "scene": null, "state": null}, "data": {}}
[2026-01-01 20:25:31] [DEBUG] [game] Dispatch: RenderSystem -> handled 'add_text' | {"time": "20:25:31.315", "message": "Dispatch: RenderSystem -> handled 'add_text'", "context": {"level": null, "scene": null, "state": null}, "data": {}}
[2026-01-01 20:25:31] [DEBUG] [game] Emitted: 'add_text' data={'display_text': ' #                  #'} | {"time": "20:25:31.315", "message": "Emitted: 'add_text' data={'display_text': ' #                  #'}", "context": {"level": null, "scene": null, "state": null}, "data": {}}
[2026-01-01 20:25:31] [DEBUG] [game] Dispatch: RenderSystem -> handled 'add_text' | {"time": "20:25:31.315", "message": "Dispatch: RenderSystem -> handled 'add_text'", "context": {"level": null, "scene": null, "state": null}, "data": {}}
[2026-01-01 20:25:31] [DEBUG] [game] Emitted: 'add_text' data={'display_text': ' #                  #'} | {"time": "20:25:31.315", "message": "Emitted: 'add_text' data={'display_text': ' #                  #'}", "context": {"level": null, "scene": null, "state": null}, "data": {}}
[2026-01-01 20:25:31] [DEBUG] [game] Dispatch: RenderSystem -> handled 'add_text' | {"time": "20:25:31.315", "message": "Dispatch: RenderSystem -> handled 'add_text'", "context": {"level": null, "scene": null, "state": null}, "data": {}}
[2026-01-01 20:25:31] [DEBUG] [game] Emitted: 'add_text' data={'display_text': ' #   @              #'} | {"time": "20:25:31.316", "message": "Emitted: 'add_text' data={'display_text': ' #   @              #'}", "context": {"level": null, "scene": null, "state": null}, "data": {}}
[2026-01-01 20:25:31] [DEBUG] [game] Dispatch: RenderSystem -> handled 'add_text' | {"time": "20:25:31.316", "message": "Dispatch: RenderSystem -> handled 'add_text'", "context": {"level": null, "scene": null, "state": null}, "data": {}}
[2026-01-01 20:25:31] [DEBUG] [game] Emitted: 'add_text' data={'display_text': ' #                  #'} | {"time": "20:25:31.316", "message": "Emitted: 'add_text' data={'display_text': ' #                  #'}", "context": {"level": null, "scene": null, "state": null}, "data": {}}
[2026-01-01 20:25:31] [DEBUG] [game] Dispatch: RenderSystem -> handled 'add_text' | {"time": "20:25:31.316", "message": "Dispatch: RenderSystem -> handled 'add_text'", "context": {"level": null, "scene": null, "state": null}, "data": {}}
[2026-01-01 20:25:31] [DEBUG] [game] Emitted: 'add_text' data={'display_text': ' #                  #'} | {"time": "20:25:31.316", "message": "Emitted: 'add_text' data={'display_text': ' #                  #'}", "context": {"level": null, "scene": null, "state": null}, "data": {}}
[2026-01-01 20:25:31] [DEBUG] [game] Dispatch: RenderSystem -> handled 'add_text' | {"time": "20:25:31.316", "message": "Dispatch: RenderSystem -> handled 'add_text'", "context": {"level": null, "scene": null, "state": null}, "data": {}}
[2026-01-01 20:25:31] [DEBUG] [game] Emitted: 'add_text' data={'display_text': ' #                  #'} | {"time": "20:25:31.317", "message": "Emitted: 'add_text' data={'display_text': ' #                  #'}", "context": {"level": null, "scene": null, "state": null}, "data": {}}
[2026-01-01 20:25:31] [DEBUG] [game] Dispatch: RenderSystem -> handled 'add_text' | {"time": "20:25:31.317", "message": "Dispatch: RenderSystem -> handled 'add_text'", "context": {"level": null, "scene": null, "state": null}, "data": {}}
[2026-01-01 20:25:31] [DEBUG] [game] Emitted: 'add_text' data={'display_text': ' #                  #'} | {"time": "20:25:31.317", "message": "Emitted: 'add_text' data={'display_text': ' #                  #'}", "context": {"level": null, "scene": null, "state": null}, "data": {}}
[2026-01-01 20:25:31] [DEBUG] [game] Dispatch: RenderSystem -> handled 'add_text' | {"time": "20:25:31.317", "message": "Dispatch: RenderSystem -> handled 'add_text'", "context": {"level": null, "scene": null, "state": null}, "data": {}}
[2026-01-01 20:25:31] [DEBUG] [game] Emitted: 'add_text' data={'display_text': ' #                  #'} | {"time": "20:25:31.317", "message": "Emitted: 'add_text' data={'display_text': ' #                  #'}", "context": {"level": null, "scene": null, "state": null}, "data": {}}
[2026-01-01 20:25:31] [DEBUG] [game] Dispatch: RenderSystem -> handled 'add_text' | {"time": "20:25:31.317", "message": "Dispatch: RenderSystem -> handled 'add_text'", "context": {"level": null, "scene": null, "state": null}, "data": {}}
[2026-01-01 20:25:31] [DEBUG] [game] Emitted: 'add_text' data={'display_text': ' #                  #'} | {"time": "20:25:31.317", "message": "Emitted: 'add_text' data={'display_text': ' #                  #'}", "context": {"level": null, "scene": null, "state": null}, "data": {}}
[2026-01-01 20:25:31] [DEBUG] [game] Dispatch: RenderSystem -> handled 'add_text' | {"time": "20:25:31.317", "message": "Dispatch: RenderSystem -> handled 'add_text'", "context": {"level": null, "scene": null, "state": null}, "data": {}}
[2026-01-01 20:25:31] [DEBUG] [game] Emitted: 'add_text' data={'display_text': ' #         $        #'} | {"time": "20:25:31.317", "message": "Emitted: 'add_text' data={'display_text': ' #         $        #'}", "context": {"level": null, "scene": null, "state": null}, "data": {}}
[2026-01-01 20:25:31] [DEBUG] [game] Dispatch: RenderSystem -> handled 'add_text' | {"time": "20:25:31.318", "message": "Dispatch: RenderSystem -> handled 'add_text'", "context": {"level": null, "scene": null, "state": null}, "data": {}}
[2026-01-01 20:25:31] [DEBUG] [game] Emitted: 'add_text' data={'display_text': ' #                  #'} | {"time": "20:25:31.318", "message": "Emitted: 'add_text' data={'display_text': ' #                  #'}", "context": {"level": null, "scene": null, "state": null}, "data": {}}
[2026-01-01 20:25:31] [DEBUG] [game] Dispatch: RenderSystem -> handled 'add_text' | {"time": "20:25:31.318", "message": "Dispatch: RenderSystem -> handled 'add_text'", "context": {"level": null, "scene": null, "state": null}, "data": {}}
[2026-01-01 20:25:31] [DEBUG] [game] Emitted: 'add_text' data={'display_text': ' #                  #'} | {"time": "20:25:31.318", "message": "Emitted: 'add_text' data={'display_text': ' #                  #'}", "context": {"level": null, "scene": null, "state": null}, "data": {}}
[2026-01-01 20:25:31] [DEBUG] [game] Dispatch: RenderSystem -> handled 'add_text' | {"time": "20:25:31.318", "message": "Dispatch: RenderSystem -> handled 'add_text'", "context": {"level": null, "scene": null, "state": null}, "data": {}}
[2026-01-01 20:25:31] [DEBUG] [game] Emitted: 'add_text' data={'display_text': ' #                  #'} | {"time": "20:25:31.318", "message": "Emitted: 'add_text' data={'display_text': ' #                  #'}", "context": {"level": null, "scene": null, "state": null}, "data": {}}
[2026-01-01 20:25:31] [DEBUG] [game] Dispatch: RenderSystem -> handled 'add_text' | {"time": "20:25:31.318", "message": "Dispatch: RenderSystem -> handled 'add_text'", "context": {"level": null, "scene": null, "state": null}, "data": {}}
[2026-01-01 20:25:31] [DEBUG] [game] Emitted: 'add_text' data={'display_text': ' #                  #'} | {"time": "20:25:31.318", "message": "Emitted: 'add_text' data={'display_text': ' #                  #'}", "context": {"level": null, "scene": null, "state": null}, "data": {}}
[2026-01-01 20:25:31] [DEBUG] [game] Dispatch: RenderSystem -> handled 'add_text' | {"time": "20:25:31.318", "message": "Dispatch: RenderSystem -> handled 'add_text'", "context": {"level": null, "scene": null, "state": null}, "data": {}}
[2026-01-01 20:25:31] [DEBUG] [game] Emitted: 'add_text' data={'display_text': ' #                  #'} | {"time": "20:25:31.319", "message": "Emitted: 'add_text' data={'display_text': ' #                  #'}", "context": {"level": null, "scene": null, "state": null}, "data": {}}
[2026-01-01 20:25:31] [DEBUG] [game] Dispatch: RenderSystem -> handled 'add_text' | {"time": "20:25:31.319", "message": "Dispatch: RenderSystem -> handled 'add_text'", "context": {"level": null, "scene": null, "state": null}, "data": {}}
[2026-01-01 20:25:31] [DEBUG] [game] Emitted: 'add_text' data={'display_text': ' #                  #'} | {"time": "20:25:31.319", "message": "Emitted: 'add_text' data={'display_text': ' #                  #'}", "context": {"level": null, "scene": null, "state": null}, "data": {}}
[2026-01-01 20:25:31] [DEBUG] [game] Dispatch: RenderSystem -> handled 'add_text' | {"time": "20:25:31.319", "message": "Dispatch: RenderSystem -> handled 'add_text'", "context": {"level": null, "scene": null, "state": null}, "data": {}}
[2026-01-01 20:25:31] [DEBUG] [game] Emitted: 'add_text' data={'display_text': ' #                  #'} | {"time": "20:25:31.319", "message": "Emitted: 'add_text' data={'display_text': ' #                  #'}", "context": {"level": null, "scene": null, "state": null}, "data": {}}
[2026-01-01 20:25:31] [DEBUG] [game] Dispatch: RenderSystem -> handled 'add_text' | {"time": "20:25:31.319", "message": "Dispatch: RenderSystem -> handled 'add_text'", "context": {"level": null, "scene": null, "state": null}, "data": {}}
[2026-01-01 20:25:31] [DEBUG] [game] Emitted: 'add_text' data={'display_text': ' #                  #'} | {"time": "20:25:31.319", "message": "Emitted: 'add_text' data={'display_text': ' #                  #'}", "context": {"level": null, "scene": null, "state": null}, "data": {}}
[2026-01-01 20:25:31] [DEBUG] [game] Dispatch: RenderSystem -> handled 'add_text' | {"time": "20:25:31.319", "message": "Dispatch: RenderSystem -> handled 'add_text'", "context": {"level": null, "scene": null, "state": null}, "data": {}}
[2026-01-01 20:25:31] [DEBUG] [game] Emitted: 'add_text' data={'display_text': ' ####################'} | {"time": "20:25:31.320", "message": "Emitted: 'add_text' data={'display_text': ' ####################'}", "context": {"level": null, "scene": null, "state": null}, "data": {}}
[2026-01-01 20:25:31] [DEBUG] [game] Dispatch: RenderSystem -> handled 'add_text' | {"time": "20:25:31.320", "message": "Dispatch: RenderSystem -> handled 'add_text'", "context": {"level": null, "scene": null, "state": null}, "data": {}}
[2026-01-01 20:25:31] [DEBUG] [game] Emitted: 'player_input' data={'input': 'd'} | {"time": "20:25:31.320", "message": "Emitted: 'player_input' data={'input': 'd'}", "context": {"level": null, "scene": null, "state": null}, "data": {}}
[2026-01-01 20:25:31] [DEBUG] [game] Emitted: 'dungeon_player_movement' data={'input': 'd'} | {"time": "20:25:31.442", "message": "Emitted: 'dungeon_player_movement' data={'input': 'd'}", "context": {"level": null, "scene": null, "state": null}, "data": {}}
[2026-01-01 20:25:31] [DEBUG] [game] Dispatch: DungeonManager -> handled 'dungeon_player_movement' | {"time": "20:25:31.443", "message": "Dispatch: DungeonManager -> handled 'dungeon_player_movement'", "context": {"level": null, "scene": null, "state": null}, "data": {}}
[2026-01-01 20:25:31] [DEBUG] [game] [handle_player_move] dx=[1], dy=[0], cur_x=[4], cur_y=[3], new_x=[5], new_y=[3] | {"time": "20:25:31.443", "message": "[handle_player_move] dx=[1], dy=[0], cur_x=[4], cur_y=[3], new_x=[5], new_y=[3]", "context": {"level": null, "scene": null, "state": null}, "data": {}}
[2026-01-01 20:25:31] [DEBUG] [game] [handle_player_move] evaluted to walkable | {"time": "20:25:31.443", "message": "[handle_player_move] evaluted to walkable", "context": {"level": null, "scene": null, "state": null}, "data": {}}
[2026-01-01 20:25:31] [DEBUG] [game] Emitted: 'add_text' data={'display_text': ' ####################'} | {"time": "20:25:31.470", "message": "Emitted: 'add_text' data={'display_text': ' ####################'}", "context": {"level": null, "scene": null, "state": null}, "data": {}}
[2026-01-01 20:25:31] [DEBUG] [game] Dispatch: RenderSystem -> handled 'add_text' | {"time": "20:25:31.470", "message": "Dispatch: RenderSystem -> handled 'add_text'", "context": {"level": null, "scene": null, "state": null}, "data": {}}
[2026-01-01 20:25:31] [DEBUG] [game] Emitted: 'add_text' data={'display_text': ' #                  #'} | {"time": "20:25:31.471", "message": "Emitted: 'add_text' data={'display_text': ' #                  #'}", "context": {"level": null, "scene": null, "state": null}, "data": {}}
[2026-01-01 20:25:31] [DEBUG] [game] Dispatch: RenderSystem -> handled 'add_text' | {"time": "20:25:31.471", "message": "Dispatch: RenderSystem -> handled 'add_text'", "context": {"level": null, "scene": null, "state": null}, "data": {}}
[2026-01-01 20:25:31] [DEBUG] [game] Emitted: 'add_text' data={'display_text': ' #                  #'} | {"time": "20:25:31.471", "message": "Emitted: 'add_text' data={'display_text': ' #                  #'}", "context": {"level": null, "scene": null, "state": null}, "data": {}}
[2026-01-01 20:25:31] [DEBUG] [game] Dispatch: RenderSystem -> handled 'add_text' | {"time": "20:25:31.471", "message": "Dispatch: RenderSystem -> handled 'add_text'", "context": {"level": null, "scene": null, "state": null}, "data": {}}
[2026-01-01 20:25:31] [DEBUG] [game] Emitted: 'add_text' data={'display_text': ' #    @             #'} | {"time": "20:25:31.471", "message": "Emitted: 'add_text' data={'display_text': ' #    @             #'}", "context": {"level": null, "scene": null, "state": null}, "data": {}}
[2026-01-01 20:25:31] [DEBUG] [game] Dispatch: RenderSystem -> handled 'add_text' | {"time": "20:25:31.471", "message": "Dispatch: RenderSystem -> handled 'add_text'", "context": {"level": null, "scene": null, "state": null}, "data": {}}
[2026-01-01 20:25:31] [DEBUG] [game] Emitted: 'add_text' data={'display_text': ' #                  #'} | {"time": "20:25:31.472", "message": "Emitted: 'add_text' data={'display_text': ' #                  #'}", "context": {"level": null, "scene": null, "state": null}, "data": {}}
[2026-01-01 20:25:31] [DEBUG] [game] Dispatch: RenderSystem -> handled 'add_text' | {"time": "20:25:31.472", "message": "Dispatch: RenderSystem -> handled 'add_text'", "context": {"level": null, "scene": null, "state": null}, "data": {}}
[2026-01-01 20:25:31] [DEBUG] [game] Emitted: 'add_text' data={'display_text': ' #                  #'} | {"time": "20:25:31.472", "message": "Emitted: 'add_text' data={'display_text': ' #                  #'}", "context": {"level": null, "scene": null, "state": null}, "data": {}}
[2026-01-01 20:25:31] [DEBUG] [game] Dispatch: RenderSystem -> handled 'add_text' | {"time": "20:25:31.472", "message": "Dispatch: RenderSystem -> handled 'add_text'", "context": {"level": null, "scene": null, "state": null}, "data": {}}
[2026-01-01 20:25:31] [DEBUG] [game] Emitted: 'add_text' data={'display_text': ' #                  #'} | {"time": "20:25:31.472", "message": "Emitted: 'add_text' data={'display_text': ' #                  #'}", "context": {"level": null, "scene": null, "state": null}, "data": {}}
[2026-01-01 20:25:31] [DEBUG] [game] Dispatch: RenderSystem -> handled 'add_text' | {"time": "20:25:31.472", "message": "Dispatch: RenderSystem -> handled 'add_text'", "context": {"level": null, "scene": null, "state": null}, "data": {}}
[2026-01-01 20:25:31] [DEBUG] [game] Emitted: 'add_text' data={'display_text': ' #                  #'} | {"time": "20:25:31.473", "message": "Emitted: 'add_text' data={'display_text': ' #                  #'}", "context": {"level": null, "scene": null, "state": null}, "data": {}}
[2026-01-01 20:25:31] [DEBUG] [game] Dispatch: RenderSystem -> handled 'add_text' | {"time": "20:25:31.473", "message": "Dispatch: RenderSystem -> handled 'add_text'", "context": {"level": null, "scene": null, "state": null}, "data": {}}
[2026-01-01 20:25:31] [DEBUG] [game] Emitted: 'add_text' data={'display_text': ' #                  #'} | {"time": "20:25:31.473", "message": "Emitted: 'add_text' data={'display_text': ' #                  #'}", "context": {"level": null, "scene": null, "state": null}, "data": {}}
[2026-01-01 20:25:31] [DEBUG] [game] Dispatch: RenderSystem -> handled 'add_text' | {"time": "20:25:31.473", "message": "Dispatch: RenderSystem -> handled 'add_text'", "context": {"level": null, "scene": null, "state": null}, "data": {}}
[2026-01-01 20:25:31] [DEBUG] [game] Emitted: 'add_text' data={'display_text': ' #                  #'} | {"time": "20:25:31.473", "message": "Emitted: 'add_text' data={'display_text': ' #                  #'}", "context": {"level": null, "scene": null, "state": null}, "data": {}}
[2026-01-01 20:25:31] [DEBUG] [game] Dispatch: RenderSystem -> handled 'add_text' | {"time": "20:25:31.473", "message": "Dispatch: RenderSystem -> handled 'add_text'", "context": {"level": null, "scene": null, "state": null}, "data": {}}
[2026-01-01 20:25:31] [DEBUG] [game] Emitted: 'add_text' data={'display_text': ' #         $        #'} | {"time": "20:25:31.473", "message": "Emitted: 'add_text' data={'display_text': ' #         $        #'}", "context": {"level": null, "scene": null, "state": null}, "data": {}}
[2026-01-01 20:25:31] [DEBUG] [game] Dispatch: RenderSystem -> handled 'add_text' | {"time": "20:25:31.474", "message": "Dispatch: RenderSystem -> handled 'add_text'", "context": {"level": null, "scene": null, "state": null}, "data": {}}
[2026-01-01 20:25:31] [DEBUG] [game] Emitted: 'add_text' data={'display_text': ' #                  #'} | {"time": "20:25:31.474", "message": "Emitted: 'add_text' data={'display_text': ' #                  #'}", "context": {"level": null, "scene": null, "state": null}, "data": {}}
[2026-01-01 20:25:31] [DEBUG] [game] Dispatch: RenderSystem -> handled 'add_text' | {"time": "20:25:31.474", "message": "Dispatch: RenderSystem -> handled 'add_text'", "context": {"level": null, "scene": null, "state": null}, "data": {}}
[2026-01-01 20:25:31] [DEBUG] [game] Emitted: 'add_text' data={'display_text': ' #                  #'} | {"time": "20:25:31.474", "message": "Emitted: 'add_text' data={'display_text': ' #                  #'}", "context": {"level": null, "scene": null, "state": null}, "data": {}}
[2026-01-01 20:25:31] [DEBUG] [game] Dispatch: RenderSystem -> handled 'add_text' | {"time": "20:25:31.474", "message": "Dispatch: RenderSystem -> handled 'add_text'", "context": {"level": null, "scene": null, "state": null}, "data": {}}
[2026-01-01 20:25:31] [DEBUG] [game] Emitted: 'add_text' data={'display_text': ' #                  #'} | {"time": "20:25:31.474", "message": "Emitted: 'add_text' data={'display_text': ' #                  #'}", "context": {"level": null, "scene": null, "state": null}, "data": {}}
[2026-01-01 20:25:31] [DEBUG] [game] Dispatch: RenderSystem -> handled 'add_text' | {"time": "20:25:31.474", "message": "Dispatch: RenderSystem -> handled 'add_text'", "context": {"level": null, "scene": null, "state": null}, "data": {}}
[2026-01-01 20:25:31] [DEBUG] [game] Emitted: 'add_text' data={'display_text': ' #                  #'} | {"time": "20:25:31.474", "message": "Emitted: 'add_text' data={'display_text': ' #                  #'}", "context": {"level": null, "scene": null, "state": null}, "data": {}}
[2026-01-01 20:25:31] [DEBUG] [game] Dispatch: RenderSystem -> handled 'add_text' | {"time": "20:25:31.474", "message": "Dispatch: RenderSystem -> handled 'add_text'", "context": {"level": null, "scene": null, "state": null}, "data": {}}
[2026-01-01 20:25:31] [DEBUG] [game] Emitted: 'add_text' data={'display_text': ' #                  #'} | {"time": "20:25:31.475", "message": "Emitted: 'add_text' data={'display_text': ' #                  #'}", "context": {"level": null, "scene": null, "state": null}, "data": {}}
[2026-01-01 20:25:31] [DEBUG] [game] Dispatch: RenderSystem -> handled 'add_text' | {"time": "20:25:31.475", "message": "Dispatch: RenderSystem -> handled 'add_text'", "context": {"level": null, "scene": null, "state": null}, "data": {}}
[2026-01-01 20:25:31] [DEBUG] [game] Emitted: 'add_text' data={'display_text': ' #                  #'} | {"time": "20:25:31.475", "message": "Emitted: 'add_text' data={'display_text': ' #                  #'}", "context": {"level": null, "scene": null, "state": null}, "data": {}}
[2026-01-01 20:25:31] [DEBUG] [game] Dispatch: RenderSystem -> handled 'add_text' | {"time": "20:25:31.475", "message": "Dispatch: RenderSystem -> handled 'add_text'", "context": {"level": null, "scene": null, "state": null}, "data": {}}
[2026-01-01 20:25:31] [DEBUG] [game] Emitted: 'add_text' data={'display_text': ' #                  #'} | {"time": "20:25:31.475", "message": "Emitted: 'add_text' data={'display_text': ' #                  #'}", "context": {"level": null, "scene": null, "state": null}, "data": {}}
[2026-01-01 20:25:31] [DEBUG] [game] Dispatch: RenderSystem -> handled 'add_text' | {"time": "20:25:31.476", "message": "Dispatch: RenderSystem -> handled 'add_text'", "context": {"level": null, "scene": null, "state": null}, "data": {}}
[2026-01-01 20:25:31] [DEBUG] [game] Emitted: 'add_text' data={'display_text': ' #                  #'} | {"time": "20:25:31.476", "message": "Emitted: 'add_text' data={'display_text': ' #                  #'}", "context": {"level": null, "scene": null, "state": null}, "data": {}}
[2026-01-01 20:25:31] [DEBUG] [game] Dispatch: RenderSystem -> handled 'add_text' | {"time": "20:25:31.476", "message": "Dispatch: RenderSystem -> handled 'add_text'", "context": {"level": null, "scene": null, "state": null}, "data": {}}
[2026-01-01 20:25:31] [DEBUG] [game] Emitted: 'add_text' data={'display_text': ' ####################'} | {"time": "20:25:31.476", "message": "Emitted: 'add_text' data={'display_text': ' ####################'}", "context": {"level": null, "scene": null, "state": null}, "data": {}}
[2026-01-01 20:25:31] [DEBUG] [game] Dispatch: RenderSystem -> handled 'add_text' | {"time": "20:25:31.476", "message": "Dispatch: RenderSystem -> handled 'add_text'", "context": {"level": null, "scene": null, "state": null}, "data": {}}
[2026-01-01 20:25:31] [DEBUG] [game] Emitted: 'player_input' data={'input': 'd'} | {"time": "20:25:31.476", "message": "Emitted: 'player_input' data={'input': 'd'}", "context": {"level": null, "scene": null, "state": null}, "data": {}}
[2026-01-01 20:25:31] [DEBUG] [game] Emitted: 'dungeon_player_movement' data={'input': 's'} | {"time": "20:25:31.490", "message": "Emitted: 'dungeon_player_movement' data={'input': 's'}", "context": {"level": null, "scene": null, "state": null}, "data": {}}
[2026-01-01 20:25:31] [DEBUG] [game] Dispatch: DungeonManager -> handled 'dungeon_player_movement' | {"time": "20:25:31.490", "message": "Dispatch: DungeonManager -> handled 'dungeon_player_movement'", "context": {"level": null, "scene": null, "state": null}, "data": {}}
[2026-01-01 20:25:31] [DEBUG] [game] [handle_player_move] dx=[0], dy=[1], cur_x=[5], cur_y=[3], new_x=[5], new_y=[4] | {"time": "20:25:31.491", "message": "[handle_player_move] dx=[0], dy=[1], cur_x=[5], cur_y=[3], new_x=[5], new_y=[4]", "context": {"level": null, "scene": null, "state": null}, "data": {}}
[2026-01-01 20:25:31] [DEBUG] [game] [handle_player_move] evaluted to walkable | {"time": "20:25:31.491", "message": "[handle_player_move] evaluted to walkable", "context": {"level": null, "scene": null, "state": null}, "data": {}}
[2026-01-01 20:25:31] [DEBUG] [game] Emitted: 'add_text' data={'display_text': ' ####################'} | {"time": "20:25:31.520", "message": "Emitted: 'add_text' data={'display_text': ' ####################'}", "context": {"level": null, "scene": null, "state": null}, "data": {}}
[2026-01-01 20:25:31] [DEBUG] [game] Dispatch: RenderSystem -> handled 'add_text' | {"time": "20:25:31.520", "message": "Dispatch: RenderSystem -> handled 'add_text'", "context": {"level": null, "scene": null, "state": null}, "data": {}}
[2026-01-01 20:25:31] [DEBUG] [game] Emitted: 'add_text' data={'display_text': ' #                  #'} | {"time": "20:25:31.521", "message": "Emitted: 'add_text' data={'display_text': ' #                  #'}", "context": {"level": null, "scene": null, "state": null}, "data": {}}
[2026-01-01 20:25:31] [DEBUG] [game] Dispatch: RenderSystem -> handled 'add_text' | {"time": "20:25:31.521", "message": "Dispatch: RenderSystem -> handled 'add_text'", "context": {"level": null, "scene": null, "state": null}, "data": {}}
[2026-01-01 20:25:31] [DEBUG] [game] Emitted: 'add_text' data={'display_text': ' #                  #'} | {"time": "20:25:31.521", "message": "Emitted: 'add_text' data={'display_text': ' #                  #'}", "context": {"level": null, "scene": null, "state": null}, "data": {}}
[2026-01-01 20:25:31] [DEBUG] [game] Dispatch: RenderSystem -> handled 'add_text' | {"time": "20:25:31.521", "message": "Dispatch: RenderSystem -> handled 'add_text'", "context": {"level": null, "scene": null, "state": null}, "data": {}}
[2026-01-01 20:25:31] [DEBUG] [game] Emitted: 'add_text' data={'display_text': ' #                  #'} | {"time": "20:25:31.521", "message": "Emitted: 'add_text' data={'display_text': ' #                  #'}", "context": {"level": null, "scene": null, "state": null}, "data": {}}
[2026-01-01 20:25:31] [DEBUG] [game] Dispatch: RenderSystem -> handled 'add_text' | {"time": "20:25:31.521", "message": "Dispatch: RenderSystem -> handled 'add_text'", "context": {"level": null, "scene": null, "state": null}, "data": {}}
[2026-01-01 20:25:31] [DEBUG] [game] Emitted: 'add_text' data={'display_text': ' #    @             #'} | {"time": "20:25:31.521", "message": "Emitted: 'add_text' data={'display_text': ' #    @             #'}", "context": {"level": null, "scene": null, "state": null}, "data": {}}
[2026-01-01 20:25:31] [DEBUG] [game] Dispatch: RenderSystem -> handled 'add_text' | {"time": "20:25:31.522", "message": "Dispatch: RenderSystem -> handled 'add_text'", "context": {"level": null, "scene": null, "state": null}, "data": {}}
[2026-01-01 20:25:31] [DEBUG] [game] Emitted: 'add_text' data={'display_text': ' #                  #'} | {"time": "20:25:31.522", "message": "Emitted: 'add_text' data={'display_text': ' #                  #'}", "context": {"level": null, "scene": null, "state": null}, "data": {}}
[2026-01-01 20:25:31] [DEBUG] [game] Dispatch: RenderSystem -> handled 'add_text' | {"time": "20:25:31.522", "message": "Dispatch: RenderSystem -> handled 'add_text'", "context": {"level": null, "scene": null, "state": null}, "data": {}}
[2026-01-01 20:25:31] [DEBUG] [game] Emitted: 'add_text' data={'display_text': ' #                  #'} | {"time": "20:25:31.522", "message": "Emitted: 'add_text' data={'display_text': ' #                  #'}", "context": {"level": null, "scene": null, "state": null}, "data": {}}
[2026-01-01 20:25:31] [DEBUG] [game] Dispatch: RenderSystem -> handled 'add_text' | {"time": "20:25:31.522", "message": "Dispatch: RenderSystem -> handled 'add_text'", "context": {"level": null, "scene": null, "state": null}, "data": {}}
[2026-01-01 20:25:31] [DEBUG] [game] Emitted: 'add_text' data={'display_text': ' #                  #'} | {"time": "20:25:31.522", "message": "Emitted: 'add_text' data={'display_text': ' #                  #'}", "context": {"level": null, "scene": null, "state": null}, "data": {}}
[2026-01-01 20:25:31] [DEBUG] [game] Dispatch: RenderSystem -> handled 'add_text' | {"time": "20:25:31.522", "message": "Dispatch: RenderSystem -> handled 'add_text'", "context": {"level": null, "scene": null, "state": null}, "data": {}}
[2026-01-01 20:25:31] [DEBUG] [game] Emitted: 'add_text' data={'display_text': ' #                  #'} | {"time": "20:25:31.522", "message": "Emitted: 'add_text' data={'display_text': ' #                  #'}", "context": {"level": null, "scene": null, "state": null}, "data": {}}
[2026-01-01 20:25:31] [DEBUG] [game] Dispatch: RenderSystem -> handled 'add_text' | {"time": "20:25:31.522", "message": "Dispatch: RenderSystem -> handled 'add_text'", "context": {"level": null, "scene": null, "state": null}, "data": {}}
[2026-01-01 20:25:31] [DEBUG] [game] Emitted: 'add_text' data={'display_text': ' #                  #'} | {"time": "20:25:31.523", "message": "Emitted: 'add_text' data={'display_text': ' #                  #'}", "context": {"level": null, "scene": null, "state": null}, "data": {}}
[2026-01-01 20:25:31] [DEBUG] [game] Dispatch: RenderSystem -> handled 'add_text' | {"time": "20:25:31.523", "message": "Dispatch: RenderSystem -> handled 'add_text'", "context": {"level": null, "scene": null, "state": null}, "data": {}}
[2026-01-01 20:25:31] [DEBUG] [game] Emitted: 'add_text' data={'display_text': ' #         $        #'} | {"time": "20:25:31.523", "message": "Emitted: 'add_text' data={'display_text': ' #         $        #'}", "context": {"level": null, "scene": null, "state": null}, "data": {}}
[2026-01-01 20:25:31] [DEBUG] [game] Dispatch: RenderSystem -> handled 'add_text' | {"time": "20:25:31.523", "message": "Dispatch: RenderSystem -> handled 'add_text'", "context": {"level": null, "scene": null, "state": null}, "data": {}}
[2026-01-01 20:25:31] [DEBUG] [game] Emitted: 'add_text' data={'display_text': ' #                  #'} | {"time": "20:25:31.523", "message": "Emitted: 'add_text' data={'display_text': ' #                  #'}", "context": {"level": null, "scene": null, "state": null}, "data": {}}
[2026-01-01 20:25:31] [DEBUG] [game] Dispatch: RenderSystem -> handled 'add_text' | {"time": "20:25:31.523", "message": "Dispatch: RenderSystem -> handled 'add_text'", "context": {"level": null, "scene": null, "state": null}, "data": {}}
[2026-01-01 20:25:31] [DEBUG] [game] Emitted: 'add_text' data={'display_text': ' #                  #'} | {"time": "20:25:31.523", "message": "Emitted: 'add_text' data={'display_text': ' #                  #'}", "context": {"level": null, "scene": null, "state": null}, "data": {}}
[2026-01-01 20:25:31] [DEBUG] [game] Dispatch: RenderSystem -> handled 'add_text' | {"time": "20:25:31.523", "message": "Dispatch: RenderSystem -> handled 'add_text'", "context": {"level": null, "scene": null, "state": null}, "data": {}}
[2026-01-01 20:25:31] [DEBUG] [game] Emitted: 'add_text' data={'display_text': ' #                  #'} | {"time": "20:25:31.523", "message": "Emitted: 'add_text' data={'display_text': ' #                  #'}", "context": {"level": null, "scene": null, "state": null}, "data": {}}
[2026-01-01 20:25:31] [DEBUG] [game] Dispatch: RenderSystem -> handled 'add_text' | {"time": "20:25:31.523", "message": "Dispatch: RenderSystem -> handled 'add_text'", "context": {"level": null, "scene": null, "state": null}, "data": {}}
[2026-01-01 20:25:31] [DEBUG] [game] Emitted: 'add_text' data={'display_text': ' #                  #'} | {"time": "20:25:31.523", "message": "Emitted: 'add_text' data={'display_text': ' #                  #'}", "context": {"level": null, "scene": null, "state": null}, "data": {}}
[2026-01-01 20:25:31] [DEBUG] [game] Dispatch: RenderSystem -> handled 'add_text' | {"time": "20:25:31.524", "message": "Dispatch: RenderSystem -> handled 'add_text'", "context": {"level": null, "scene": null, "state": null}, "data": {}}
[2026-01-01 20:25:31] [DEBUG] [game] Emitted: 'add_text' data={'display_text': ' #                  #'} | {"time": "20:25:31.524", "message": "Emitted: 'add_text' data={'display_text': ' #                  #'}", "context": {"level": null, "scene": null, "state": null}, "data": {}}
[2026-01-01 20:25:31] [DEBUG] [game] Dispatch: RenderSystem -> handled 'add_text' | {"time": "20:25:31.524", "message": "Dispatch: RenderSystem -> handled 'add_text'", "context": {"level": null, "scene": null, "state": null}, "data": {}}
[2026-01-01 20:25:31] [DEBUG] [game] Emitted: 'add_text' data={'display_text': ' #                  #'} | {"time": "20:25:31.524", "message": "Emitted: 'add_text' data={'display_text': ' #                  #'}", "context": {"level": null, "scene": null, "state": null}, "data": {}}
[2026-01-01 20:25:31] [DEBUG] [game] Dispatch: RenderSystem -> handled 'add_text' | {"time": "20:25:31.524", "message": "Dispatch: RenderSystem -> handled 'add_text'", "context": {"level": null, "scene": null, "state": null}, "data": {}}
[2026-01-01 20:25:31] [DEBUG] [game] Emitted: 'add_text' data={'display_text': ' #                  #'} | {"time": "20:25:31.524", "message": "Emitted: 'add_text' data={'display_text': ' #                  #'}", "context": {"level": null, "scene": null, "state": null}, "data": {}}
[2026-01-01 20:25:31] [DEBUG] [game] Dispatch: RenderSystem -> handled 'add_text' | {"time": "20:25:31.524", "message": "Dispatch: RenderSystem -> handled 'add_text'", "context": {"level": null, "scene": null, "state": null}, "data": {}}
[2026-01-01 20:25:31] [DEBUG] [game] Emitted: 'add_text' data={'display_text': ' #                  #'} | {"time": "20:25:31.524", "message": "Emitted: 'add_text' data={'display_text': ' #                  #'}", "context": {"level": null, "scene": null, "state": null}, "data": {}}
[2026-01-01 20:25:31] [DEBUG] [game] Dispatch: RenderSystem -> handled 'add_text' | {"time": "20:25:31.524", "message": "Dispatch: RenderSystem -> handled 'add_text'", "context": {"level": null, "scene": null, "state": null}, "data": {}}
[2026-01-01 20:25:31] [DEBUG] [game] Emitted: 'add_text' data={'display_text': ' ####################'} | {"time": "20:25:31.525", "message": "Emitted: 'add_text' data={'display_text': ' ####################'}", "context": {"level": null, "scene": null, "state": null}, "data": {}}
[2026-01-01 20:25:31] [DEBUG] [game] Dispatch: RenderSystem -> handled 'add_text' | {"time": "20:25:31.525", "message": "Dispatch: RenderSystem -> handled 'add_text'", "context": {"level": null, "scene": null, "state": null}, "data": {}}
[2026-01-01 20:25:31] [DEBUG] [game] Emitted: 'player_input' data={'input': 's'} | {"time": "20:25:31.525", "message": "Emitted: 'player_input' data={'input': 's'}", "context": {"level": null, "scene": null, "state": null}, "data": {}}
[2026-01-01 20:25:31] [DEBUG] [game] Emitted: 'dungeon_player_movement' data={'input': 's'} | {"time": "20:25:31.622", "message": "Emitted: 'dungeon_player_movement' data={'input': 's'}", "context": {"level": null, "scene": null, "state": null}, "data": {}}
[2026-01-01 20:25:31] [DEBUG] [game] Dispatch: DungeonManager -> handled 'dungeon_player_movement' | {"time": "20:25:31.623", "message": "Dispatch: DungeonManager -> handled 'dungeon_player_movement'", "context": {"level": null, "scene": null, "state": null}, "data": {}}
[2026-01-01 20:25:31] [DEBUG] [game] [handle_player_move] dx=[0], dy=[1], cur_x=[5], cur_y=[4], new_x=[5], new_y=[5] | {"time": "20:25:31.623", "message": "[handle_player_move] dx=[0], dy=[1], cur_x=[5], cur_y=[4], new_x=[5], new_y=[5]", "context": {"level": null, "scene": null, "state": null}, "data": {}}
[2026-01-01 20:25:31] [DEBUG] [game] [handle_player_move] evaluted to walkable | {"time": "20:25:31.623", "message": "[handle_player_move] evaluted to walkable", "context": {"level": null, "scene": null, "state": null}, "data": {}}
[2026-01-01 20:25:31] [DEBUG] [game] Emitted: 'add_text' data={'display_text': ' ####################'} | {"time": "20:25:31.651", "message": "Emitted: 'add_text' data={'display_text': ' ####################'}", "context": {"level": null, "scene": null, "state": null}, "data": {}}
[2026-01-01 20:25:31] [DEBUG] [game] Dispatch: RenderSystem -> handled 'add_text' | {"time": "20:25:31.651", "message": "Dispatch: RenderSystem -> handled 'add_text'", "context": {"level": null, "scene": null, "state": null}, "data": {}}
[2026-01-01 20:25:31] [DEBUG] [game] Emitted: 'add_text' data={'display_text': ' #                  #'} | {"time": "20:25:31.652", "message": "Emitted: 'add_text' data={'display_text': ' #                  #'}", "context": {"level": null, "scene": null, "state": null}, "data": {}}
[2026-01-01 20:25:31] [DEBUG] [game] Dispatch: RenderSystem -> handled 'add_text' | {"time": "20:25:31.652", "message": "Dispatch: RenderSystem -> handled 'add_text'", "context": {"level": null, "scene": null, "state": null}, "data": {}}
[2026-01-01 20:25:31] [DEBUG] [game] Emitted: 'add_text' data={'display_text': ' #                  #'} | {"time": "20:25:31.652", "message": "Emitted: 'add_text' data={'display_text': ' #                  #'}", "context": {"level": null, "scene": null, "state": null}, "data": {}}
[2026-01-01 20:25:31] [DEBUG] [game] Dispatch: RenderSystem -> handled 'add_text' | {"time": "20:25:31.652", "message": "Dispatch: RenderSystem -> handled 'add_text'", "context": {"level": null, "scene": null, "state": null}, "data": {}}
[2026-01-01 20:25:31] [DEBUG] [game] Emitted: 'add_text' data={'display_text': ' #                  #'} | {"time": "20:25:31.652", "message": "Emitted: 'add_text' data={'display_text': ' #                  #'}", "context": {"level": null, "scene": null, "state": null}, "data": {}}
[2026-01-01 20:25:31] [DEBUG] [game] Dispatch: RenderSystem -> handled 'add_text' | {"time": "20:25:31.652", "message": "Dispatch: RenderSystem -> handled 'add_text'", "context": {"level": null, "scene": null, "state": null}, "data": {}}
[2026-01-01 20:25:31] [DEBUG] [game] Emitted: 'add_text' data={'display_text': ' #                  #'} | {"time": "20:25:31.653", "message": "Emitted: 'add_text' data={'display_text': ' #                  #'}", "context": {"level": null, "scene": null, "state": null}, "data": {}}
[2026-01-01 20:25:31] [DEBUG] [game] Dispatch: RenderSystem -> handled 'add_text' | {"time": "20:25:31.653", "message": "Dispatch: RenderSystem -> handled 'add_text'", "context": {"level": null, "scene": null, "state": null}, "data": {}}
[2026-01-01 20:25:31] [DEBUG] [game] Emitted: 'add_text' data={'display_text': ' #    @             #'} | {"time": "20:25:31.653", "message": "Emitted: 'add_text' data={'display_text': ' #    @             #'}", "context": {"level": null, "scene": null, "state": null}, "data": {}}
[2026-01-01 20:25:31] [DEBUG] [game] Dispatch: RenderSystem -> handled 'add_text' | {"time": "20:25:31.653", "message": "Dispatch: RenderSystem -> handled 'add_text'", "context": {"level": null, "scene": null, "state": null}, "data": {}}
[2026-01-01 20:25:31] [DEBUG] [game] Emitted: 'add_text' data={'display_text': ' #                  #'} | {"time": "20:25:31.653", "message": "Emitted: 'add_text' data={'display_text': ' #                  #'}", "context": {"level": null, "scene": null, "state": null}, "data": {}}
[2026-01-01 20:25:31] [DEBUG] [game] Dispatch: RenderSystem -> handled 'add_text' | {"time": "20:25:31.653", "message": "Dispatch: RenderSystem -> handled 'add_text'", "context": {"level": null, "scene": null, "state": null}, "data": {}}
[2026-01-01 20:25:31] [DEBUG] [game] Emitted: 'add_text' data={'display_text': ' #                  #'} | {"time": "20:25:31.654", "message": "Emitted: 'add_text' data={'display_text': ' #                  #'}", "context": {"level": null, "scene": null, "state": null}, "data": {}}
[2026-01-01 20:25:31] [DEBUG] [game] Dispatch: RenderSystem -> handled 'add_text' | {"time": "20:25:31.654", "message": "Dispatch: RenderSystem -> handled 'add_text'", "context": {"level": null, "scene": null, "state": null}, "data": {}}
[2026-01-01 20:25:31] [DEBUG] [game] Emitted: 'add_text' data={'display_text': ' #                  #'} | {"time": "20:25:31.654", "message": "Emitted: 'add_text' data={'display_text': ' #                  #'}", "context": {"level": null, "scene": null, "state": null}, "data": {}}
[2026-01-01 20:25:31] [DEBUG] [game] Dispatch: RenderSystem -> handled 'add_text' | {"time": "20:25:31.654", "message": "Dispatch: RenderSystem -> handled 'add_text'", "context": {"level": null, "scene": null, "state": null}, "data": {}}
[2026-01-01 20:25:31] [DEBUG] [game] Emitted: 'add_text' data={'display_text': ' #                  #'} | {"time": "20:25:31.654", "message": "Emitted: 'add_text' data={'display_text': ' #                  #'}", "context": {"level": null, "scene": null, "state": null}, "data": {}}
[2026-01-01 20:25:31] [DEBUG] [game] Dispatch: RenderSystem -> handled 'add_text' | {"time": "20:25:31.654", "message": "Dispatch: RenderSystem -> handled 'add_text'", "context": {"level": null, "scene": null, "state": null}, "data": {}}
[2026-01-01 20:25:31] [DEBUG] [game] Emitted: 'add_text' data={'display_text': ' #         $        #'} | {"time": "20:25:31.654", "message": "Emitted: 'add_text' data={'display_text': ' #         $        #'}", "context": {"level": null, "scene": null, "state": null}, "data": {}}
[2026-01-01 20:25:31] [DEBUG] [game] Dispatch: RenderSystem -> handled 'add_text' | {"time": "20:25:31.655", "message": "Dispatch: RenderSystem -> handled 'add_text'", "context": {"level": null, "scene": null, "state": null}, "data": {}}
[2026-01-01 20:25:31] [DEBUG] [game] Emitted: 'add_text' data={'display_text': ' #                  #'} | {"time": "20:25:31.655", "message": "Emitted: 'add_text' data={'display_text': ' #                  #'}", "context": {"level": null, "scene": null, "state": null}, "data": {}}
[2026-01-01 20:25:31] [DEBUG] [game] Dispatch: RenderSystem -> handled 'add_text' | {"time": "20:25:31.655", "message": "Dispatch: RenderSystem -> handled 'add_text'", "context": {"level": null, "scene": null, "state": null}, "data": {}}
[2026-01-01 20:25:31] [DEBUG] [game] Emitted: 'add_text' data={'display_text': ' #                  #'} | {"time": "20:25:31.655", "message": "Emitted: 'add_text' data={'display_text': ' #                  #'}", "context": {"level": null, "scene": null, "state": null}, "data": {}}
[2026-01-01 20:25:31] [DEBUG] [game] Dispatch: RenderSystem -> handled 'add_text' | {"time": "20:25:31.655", "message": "Dispatch: RenderSystem -> handled 'add_text'", "context": {"level": null, "scene": null, "state": null}, "data": {}}
[2026-01-01 20:25:31] [DEBUG] [game] Emitted: 'add_text' data={'display_text': ' #                  #'} | {"time": "20:25:31.655", "message": "Emitted: 'add_text' data={'display_text': ' #                  #'}", "context": {"level": null, "scene": null, "state": null}, "data": {}}
[2026-01-01 20:25:31] [DEBUG] [game] Dispatch: RenderSystem -> handled 'add_text' | {"time": "20:25:31.655", "message": "Dispatch: RenderSystem -> handled 'add_text'", "context": {"level": null, "scene": null, "state": null}, "data": {}}
[2026-01-01 20:25:31] [DEBUG] [game] Emitted: 'add_text' data={'display_text': ' #                  #'} | {"time": "20:25:31.656", "message": "Emitted: 'add_text' data={'display_text': ' #                  #'}", "context": {"level": null, "scene": null, "state": null}, "data": {}}
[2026-01-01 20:25:31] [DEBUG] [game] Dispatch: RenderSystem -> handled 'add_text' | {"time": "20:25:31.656", "message": "Dispatch: RenderSystem -> handled 'add_text'", "context": {"level": null, "scene": null, "state": null}, "data": {}}
[2026-01-01 20:25:31] [DEBUG] [game] Emitted: 'add_text' data={'display_text': ' #                  #'} | {"time": "20:25:31.656", "message": "Emitted: 'add_text' data={'display_text': ' #                  #'}", "context": {"level": null, "scene": null, "state": null}, "data": {}}
[2026-01-01 20:25:31] [DEBUG] [game] Dispatch: RenderSystem -> handled 'add_text' | {"time": "20:25:31.656", "message": "Dispatch: RenderSystem -> handled 'add_text'", "context": {"level": null, "scene": null, "state": null}, "data": {}}
[2026-01-01 20:25:31] [DEBUG] [game] Emitted: 'add_text' data={'display_text': ' #                  #'} | {"time": "20:25:31.656", "message": "Emitted: 'add_text' data={'display_text': ' #                  #'}", "context": {"level": null, "scene": null, "state": null}, "data": {}}
[2026-01-01 20:25:31] [DEBUG] [game] Dispatch: RenderSystem -> handled 'add_text' | {"time": "20:25:31.656", "message": "Dispatch: RenderSystem -> handled 'add_text'", "context": {"level": null, "scene": null, "state": null}, "data": {}}
[2026-01-01 20:25:31] [DEBUG] [game] Emitted: 'add_text' data={'display_text': ' #                  #'} | {"time": "20:25:31.657", "message": "Emitted: 'add_text' data={'display_text': ' #                  #'}", "context": {"level": null, "scene": null, "state": null}, "data": {}}
[2026-01-01 20:25:31] [DEBUG] [game] Dispatch: RenderSystem -> handled 'add_text' | {"time": "20:25:31.657", "message": "Dispatch: RenderSystem -> handled 'add_text'", "context": {"level": null, "scene": null, "state": null}, "data": {}}
[2026-01-01 20:25:31] [DEBUG] [game] Emitted: 'add_text' data={'display_text': ' #                  #'} | {"time": "20:25:31.657", "message": "Emitted: 'add_text' data={'display_text': ' #                  #'}", "context": {"level": null, "scene": null, "state": null}, "data": {}}
[2026-01-01 20:25:31] [DEBUG] [game] Dispatch: RenderSystem -> handled 'add_text' | {"time": "20:25:31.657", "message": "Dispatch: RenderSystem -> handled 'add_text'", "context": {"level": null, "scene": null, "state": null}, "data": {}}
[2026-01-01 20:25:31] [DEBUG] [game] Emitted: 'add_text' data={'display_text': ' ####################'} | {"time": "20:25:31.657", "message": "Emitted: 'add_text' data={'display_text': ' ####################'}", "context": {"level": null, "scene": null, "state": null}, "data": {}}
[2026-01-01 20:25:31] [DEBUG] [game] Dispatch: RenderSystem -> handled 'add_text' | {"time": "20:25:31.657", "message": "Dispatch: RenderSystem -> handled 'add_text'", "context": {"level": null, "scene": null, "state": null}, "data": {}}
[2026-01-01 20:25:31] [DEBUG] [game] Emitted: 'player_input' data={'input': 's'} | {"time": "20:25:31.658", "message": "Emitted: 'player_input' data={'input': 's'}", "context": {"level": null, "scene": null, "state": null}, "data": {}}
[2026-01-01 20:25:31] [DEBUG] [game] Emitted: 'dungeon_player_movement' data={'input': 'd'} | {"time": "20:25:31.678", "message": "Emitted: 'dungeon_player_movement' data={'input': 'd'}", "context": {"level": null, "scene": null, "state": null}, "data": {}}
[2026-01-01 20:25:31] [DEBUG] [game] Dispatch: DungeonManager -> handled 'dungeon_player_movement' | {"time": "20:25:31.679", "message": "Dispatch: DungeonManager -> handled 'dungeon_player_movement'", "context": {"level": null, "scene": null, "state": null}, "data": {}}
[2026-01-01 20:25:31] [DEBUG] [game] [handle_player_move] dx=[1], dy=[0], cur_x=[5], cur_y=[5], new_x=[6], new_y=[5] | {"time": "20:25:31.679", "message": "[handle_player_move] dx=[1], dy=[0], cur_x=[5], cur_y=[5], new_x=[6], new_y=[5]", "context": {"level": null, "scene": null, "state": null}, "data": {}}
[2026-01-01 20:25:31] [DEBUG] [game] [handle_player_move] evaluted to walkable | {"time": "20:25:31.679", "message": "[handle_player_move] evaluted to walkable", "context": {"level": null, "scene": null, "state": null}, "data": {}}
[2026-01-01 20:25:31] [DEBUG] [game] Emitted: 'add_text' data={'display_text': ' ####################'} | {"time": "20:25:31.707", "message": "Emitted: 'add_text' data={'display_text': ' ####################'}", "context": {"level": null, "scene": null, "state": null}, "data": {}}
[2026-01-01 20:25:31] [DEBUG] [game] Dispatch: RenderSystem -> handled 'add_text' | {"time": "20:25:31.707", "message": "Dispatch: RenderSystem -> handled 'add_text'", "context": {"level": null, "scene": null, "state": null}, "data": {}}
[2026-01-01 20:25:31] [DEBUG] [game] Emitted: 'add_text' data={'display_text': ' #                  #'} | {"time": "20:25:31.707", "message": "Emitted: 'add_text' data={'display_text': ' #                  #'}", "context": {"level": null, "scene": null, "state": null}, "data": {}}
[2026-01-01 20:25:31] [DEBUG] [game] Dispatch: RenderSystem -> handled 'add_text' | {"time": "20:25:31.708", "message": "Dispatch: RenderSystem -> handled 'add_text'", "context": {"level": null, "scene": null, "state": null}, "data": {}}
[2026-01-01 20:25:31] [DEBUG] [game] Emitted: 'add_text' data={'display_text': ' #                  #'} | {"time": "20:25:31.708", "message": "Emitted: 'add_text' data={'display_text': ' #                  #'}", "context": {"level": null, "scene": null, "state": null}, "data": {}}
[2026-01-01 20:25:31] [DEBUG] [game] Dispatch: RenderSystem -> handled 'add_text' | {"time": "20:25:31.708", "message": "Dispatch: RenderSystem -> handled 'add_text'", "context": {"level": null, "scene": null, "state": null}, "data": {}}
[2026-01-01 20:25:31] [DEBUG] [game] Emitted: 'add_text' data={'display_text': ' #                  #'} | {"time": "20:25:31.708", "message": "Emitted: 'add_text' data={'display_text': ' #                  #'}", "context": {"level": null, "scene": null, "state": null}, "data": {}}
[2026-01-01 20:25:31] [DEBUG] [game] Dispatch: RenderSystem -> handled 'add_text' | {"time": "20:25:31.708", "message": "Dispatch: RenderSystem -> handled 'add_text'", "context": {"level": null, "scene": null, "state": null}, "data": {}}
[2026-01-01 20:25:31] [DEBUG] [game] Emitted: 'add_text' data={'display_text': ' #                  #'} | {"time": "20:25:31.708", "message": "Emitted: 'add_text' data={'display_text': ' #                  #'}", "context": {"level": null, "scene": null, "state": null}, "data": {}}
[2026-01-01 20:25:31] [DEBUG] [game] Dispatch: RenderSystem -> handled 'add_text' | {"time": "20:25:31.709", "message": "Dispatch: RenderSystem -> handled 'add_text'", "context": {"level": null, "scene": null, "state": null}, "data": {}}
[2026-01-01 20:25:31] [DEBUG] [game] Emitted: 'add_text' data={'display_text': ' #     @            #'} | {"time": "20:25:31.709", "message": "Emitted: 'add_text' data={'display_text': ' #     @            #'}", "context": {"level": null, "scene": null, "state": null}, "data": {}}
[2026-01-01 20:25:31] [DEBUG] [game] Dispatch: RenderSystem -> handled 'add_text' | {"time": "20:25:31.709", "message": "Dispatch: RenderSystem -> handled 'add_text'", "context": {"level": null, "scene": null, "state": null}, "data": {}}
[2026-01-01 20:25:31] [DEBUG] [game] Emitted: 'add_text' data={'display_text': ' #                  #'} | {"time": "20:25:31.709", "message": "Emitted: 'add_text' data={'display_text': ' #                  #'}", "context": {"level": null, "scene": null, "state": null}, "data": {}}
[2026-01-01 20:25:31] [DEBUG] [game] Dispatch: RenderSystem -> handled 'add_text' | {"time": "20:25:31.709", "message": "Dispatch: RenderSystem -> handled 'add_text'", "context": {"level": null, "scene": null, "state": null}, "data": {}}
[2026-01-01 20:25:31] [DEBUG] [game] Emitted: 'add_text' data={'display_text': ' #                  #'} | {"time": "20:25:31.710", "message": "Emitted: 'add_text' data={'display_text': ' #                  #'}", "context": {"level": null, "scene": null, "state": null}, "data": {}}
[2026-01-01 20:25:31] [DEBUG] [game] Dispatch: RenderSystem -> handled 'add_text' | {"time": "20:25:31.710", "message": "Dispatch: RenderSystem -> handled 'add_text'", "context": {"level": null, "scene": null, "state": null}, "data": {}}
[2026-01-01 20:25:31] [DEBUG] [game] Emitted: 'add_text' data={'display_text': ' #                  #'} | {"time": "20:25:31.710", "message": "Emitted: 'add_text' data={'display_text': ' #                  #'}", "context": {"level": null, "scene": null, "state": null}, "data": {}}
[2026-01-01 20:25:31] [DEBUG] [game] Dispatch: RenderSystem -> handled 'add_text' | {"time": "20:25:31.710", "message": "Dispatch: RenderSystem -> handled 'add_text'", "context": {"level": null, "scene": null, "state": null}, "data": {}}
[2026-01-01 20:25:31] [DEBUG] [game] Emitted: 'add_text' data={'display_text': ' #                  #'} | {"time": "20:25:31.710", "message": "Emitted: 'add_text' data={'display_text': ' #                  #'}", "context": {"level": null, "scene": null, "state": null}, "data": {}}
[2026-01-01 20:25:31] [DEBUG] [game] Dispatch: RenderSystem -> handled 'add_text' | {"time": "20:25:31.710", "message": "Dispatch: RenderSystem -> handled 'add_text'", "context": {"level": null, "scene": null, "state": null}, "data": {}}
[2026-01-01 20:25:31] [DEBUG] [game] Emitted: 'add_text' data={'display_text': ' #         $        #'} | {"time": "20:25:31.711", "message": "Emitted: 'add_text' data={'display_text': ' #         $        #'}", "context": {"level": null, "scene": null, "state": null}, "data": {}}
[2026-01-01 20:25:31] [DEBUG] [game] Dispatch: RenderSystem -> handled 'add_text' | {"time": "20:25:31.711", "message": "Dispatch: RenderSystem -> handled 'add_text'", "context": {"level": null, "scene": null, "state": null}, "data": {}}
[2026-01-01 20:25:31] [DEBUG] [game] Emitted: 'add_text' data={'display_text': ' #                  #'} | {"time": "20:25:31.711", "message": "Emitted: 'add_text' data={'display_text': ' #                  #'}", "context": {"level": null, "scene": null, "state": null}, "data": {}}
[2026-01-01 20:25:31] [DEBUG] [game] Dispatch: RenderSystem -> handled 'add_text' | {"time": "20:25:31.711", "message": "Dispatch: RenderSystem -> handled 'add_text'", "context": {"level": null, "scene": null, "state": null}, "data": {}}
[2026-01-01 20:25:31] [DEBUG] [game] Emitted: 'add_text' data={'display_text': ' #                  #'} | {"time": "20:25:31.711", "message": "Emitted: 'add_text' data={'display_text': ' #                  #'}", "context": {"level": null, "scene": null, "state": null}, "data": {}}
[2026-01-01 20:25:31] [DEBUG] [game] Dispatch: RenderSystem -> handled 'add_text' | {"time": "20:25:31.711", "message": "Dispatch: RenderSystem -> handled 'add_text'", "context": {"level": null, "scene": null, "state": null}, "data": {}}
[2026-01-01 20:25:31] [DEBUG] [game] Emitted: 'add_text' data={'display_text': ' #                  #'} | {"time": "20:25:31.712", "message": "Emitted: 'add_text' data={'display_text': ' #                  #'}", "context": {"level": null, "scene": null, "state": null}, "data": {}}
[2026-01-01 20:25:31] [DEBUG] [game] Dispatch: RenderSystem -> handled 'add_text' | {"time": "20:25:31.712", "message": "Dispatch: RenderSystem -> handled 'add_text'", "context": {"level": null, "scene": null, "state": null}, "data": {}}
[2026-01-01 20:25:31] [DEBUG] [game] Emitted: 'add_text' data={'display_text': ' #                  #'} | {"time": "20:25:31.712", "message": "Emitted: 'add_text' data={'display_text': ' #                  #'}", "context": {"level": null, "scene": null, "state": null}, "data": {}}
[2026-01-01 20:25:31] [DEBUG] [game] Dispatch: RenderSystem -> handled 'add_text' | {"time": "20:25:31.712", "message": "Dispatch: RenderSystem -> handled 'add_text'", "context": {"level": null, "scene": null, "state": null}, "data": {}}
[2026-01-01 20:25:31] [DEBUG] [game] Emitted: 'add_text' data={'display_text': ' #                  #'} | {"time": "20:25:31.712", "message": "Emitted: 'add_text' data={'display_text': ' #                  #'}", "context": {"level": null, "scene": null, "state": null}, "data": {}}
[2026-01-01 20:25:31] [DEBUG] [game] Dispatch: RenderSystem -> handled 'add_text' | {"time": "20:25:31.712", "message": "Dispatch: RenderSystem -> handled 'add_text'", "context": {"level": null, "scene": null, "state": null}, "data": {}}
[2026-01-01 20:25:31] [DEBUG] [game] Emitted: 'add_text' data={'display_text': ' #                  #'} | {"time": "20:25:31.713", "message": "Emitted: 'add_text' data={'display_text': ' #                  #'}", "context": {"level": null, "scene": null, "state": null}, "data": {}}
[2026-01-01 20:25:31] [DEBUG] [game] Dispatch: RenderSystem -> handled 'add_text' | {"time": "20:25:31.713", "message": "Dispatch: RenderSystem -> handled 'add_text'", "context": {"level": null, "scene": null, "state": null}, "data": {}}
[2026-01-01 20:25:31] [DEBUG] [game] Emitted: 'add_text' data={'display_text': ' #                  #'} | {"time": "20:25:31.713", "message": "Emitted: 'add_text' data={'display_text': ' #                  #'}", "context": {"level": null, "scene": null, "state": null}, "data": {}}
[2026-01-01 20:25:31] [DEBUG] [game] Dispatch: RenderSystem -> handled 'add_text' | {"time": "20:25:31.713", "message": "Dispatch: RenderSystem -> handled 'add_text'", "context": {"level": null, "scene": null, "state": null}, "data": {}}
[2026-01-01 20:25:31] [DEBUG] [game] Emitted: 'add_text' data={'display_text': ' #                  #'} | {"time": "20:25:31.713", "message": "Emitted: 'add_text' data={'display_text': ' #                  #'}", "context": {"level": null, "scene": null, "state": null}, "data": {}}
[2026-01-01 20:25:31] [DEBUG] [game] Dispatch: RenderSystem -> handled 'add_text' | {"time": "20:25:31.713", "message": "Dispatch: RenderSystem -> handled 'add_text'", "context": {"level": null, "scene": null, "state": null}, "data": {}}
[2026-01-01 20:25:31] [DEBUG] [game] Emitted: 'add_text' data={'display_text': ' ####################'} | {"time": "20:25:31.713", "message": "Emitted: 'add_text' data={'display_text': ' ####################'}", "context": {"level": null, "scene": null, "state": null}, "data": {}}
[2026-01-01 20:25:31] [DEBUG] [game] Dispatch: RenderSystem -> handled 'add_text' | {"time": "20:25:31.714", "message": "Dispatch: RenderSystem -> handled 'add_text'", "context": {"level": null, "scene": null, "state": null}, "data": {}}
[2026-01-01 20:25:31] [DEBUG] [game] Emitted: 'player_input' data={'input': 'd'} | {"time": "20:25:31.714", "message": "Emitted: 'player_input' data={'input': 'd'}", "context": {"level": null, "scene": null, "state": null}, "data": {}}
[2026-01-01 20:25:31] [DEBUG] [game] Emitted: 'dungeon_player_movement' data={'input': 'd'} | {"time": "20:25:31.801", "message": "Emitted: 'dungeon_player_movement' data={'input': 'd'}", "context": {"level": null, "scene": null, "state": null}, "data": {}}
[2026-01-01 20:25:31] [DEBUG] [game] Dispatch: DungeonManager -> handled 'dungeon_player_movement' | {"time": "20:25:31.802", "message": "Dispatch: DungeonManager -> handled 'dungeon_player_movement'", "context": {"level": null, "scene": null, "state": null}, "data": {}}
[2026-01-01 20:25:31] [DEBUG] [game] [handle_player_move] dx=[1], dy=[0], cur_x=[6], cur_y=[5], new_x=[7], new_y=[5] | {"time": "20:25:31.802", "message": "[handle_player_move] dx=[1], dy=[0], cur_x=[6], cur_y=[5], new_x=[7], new_y=[5]", "context": {"level": null, "scene": null, "state": null}, "data": {}}
[2026-01-01 20:25:31] [DEBUG] [game] [handle_player_move] evaluted to walkable | {"time": "20:25:31.802", "message": "[handle_player_move] evaluted to walkable", "context": {"level": null, "scene": null, "state": null}, "data": {}}
[2026-01-01 20:25:31] [DEBUG] [game] Emitted: 'add_text' data={'display_text': ' ####################'} | {"time": "20:25:31.831", "message": "Emitted: 'add_text' data={'display_text': ' ####################'}", "context": {"level": null, "scene": null, "state": null}, "data": {}}
[2026-01-01 20:25:31] [DEBUG] [game] Dispatch: RenderSystem -> handled 'add_text' | {"time": "20:25:31.831", "message": "Dispatch: RenderSystem -> handled 'add_text'", "context": {"level": null, "scene": null, "state": null}, "data": {}}
[2026-01-01 20:25:31] [DEBUG] [game] Emitted: 'add_text' data={'display_text': ' #                  #'} | {"time": "20:25:31.832", "message": "Emitted: 'add_text' data={'display_text': ' #                  #'}", "context": {"level": null, "scene": null, "state": null}, "data": {}}
[2026-01-01 20:25:31] [DEBUG] [game] Dispatch: RenderSystem -> handled 'add_text' | {"time": "20:25:31.832", "message": "Dispatch: RenderSystem -> handled 'add_text'", "context": {"level": null, "scene": null, "state": null}, "data": {}}
[2026-01-01 20:25:31] [DEBUG] [game] Emitted: 'add_text' data={'display_text': ' #                  #'} | {"time": "20:25:31.832", "message": "Emitted: 'add_text' data={'display_text': ' #                  #'}", "context": {"level": null, "scene": null, "state": null}, "data": {}}
[2026-01-01 20:25:31] [DEBUG] [game] Dispatch: RenderSystem -> handled 'add_text' | {"time": "20:25:31.832", "message": "Dispatch: RenderSystem -> handled 'add_text'", "context": {"level": null, "scene": null, "state": null}, "data": {}}
[2026-01-01 20:25:31] [DEBUG] [game] Emitted: 'add_text' data={'display_text': ' #                  #'} | {"time": "20:25:31.832", "message": "Emitted: 'add_text' data={'display_text': ' #                  #'}", "context": {"level": null, "scene": null, "state": null}, "data": {}}
[2026-01-01 20:25:31] [DEBUG] [game] Dispatch: RenderSystem -> handled 'add_text' | {"time": "20:25:31.832", "message": "Dispatch: RenderSystem -> handled 'add_text'", "context": {"level": null, "scene": null, "state": null}, "data": {}}
[2026-01-01 20:25:31] [DEBUG] [game] Emitted: 'add_text' data={'display_text': ' #                  #'} | {"time": "20:25:31.832", "message": "Emitted: 'add_text' data={'display_text': ' #                  #'}", "context": {"level": null, "scene": null, "state": null}, "data": {}}
[2026-01-01 20:25:31] [DEBUG] [game] Dispatch: RenderSystem -> handled 'add_text' | {"time": "20:25:31.833", "message": "Dispatch: RenderSystem -> handled 'add_text'", "context": {"level": null, "scene": null, "state": null}, "data": {}}
[2026-01-01 20:25:31] [DEBUG] [game] Emitted: 'add_text' data={'display_text': ' #      @           #'} | {"time": "20:25:31.833", "message": "Emitted: 'add_text' data={'display_text': ' #      @           #'}", "context": {"level": null, "scene": null, "state": null}, "data": {}}
[2026-01-01 20:25:31] [DEBUG] [game] Dispatch: RenderSystem -> handled 'add_text' | {"time": "20:25:31.833", "message": "Dispatch: RenderSystem -> handled 'add_text'", "context": {"level": null, "scene": null, "state": null}, "data": {}}
[2026-01-01 20:25:31] [DEBUG] [game] Emitted: 'add_text' data={'display_text': ' #                  #'} | {"time": "20:25:31.833", "message": "Emitted: 'add_text' data={'display_text': ' #                  #'}", "context": {"level": null, "scene": null, "state": null}, "data": {}}
[2026-01-01 20:25:31] [DEBUG] [game] Dispatch: RenderSystem -> handled 'add_text' | {"time": "20:25:31.833", "message": "Dispatch: RenderSystem -> handled 'add_text'", "context": {"level": null, "scene": null, "state": null}, "data": {}}
[2026-01-01 20:25:31] [DEBUG] [game] Emitted: 'add_text' data={'display_text': ' #                  #'} | {"time": "20:25:31.833", "message": "Emitted: 'add_text' data={'display_text': ' #                  #'}", "context": {"level": null, "scene": null, "state": null}, "data": {}}
[2026-01-01 20:25:31] [DEBUG] [game] Dispatch: RenderSystem -> handled 'add_text' | {"time": "20:25:31.833", "message": "Dispatch: RenderSystem -> handled 'add_text'", "context": {"level": null, "scene": null, "state": null}, "data": {}}
[2026-01-01 20:25:31] [DEBUG] [game] Emitted: 'add_text' data={'display_text': ' #                  #'} | {"time": "20:25:31.833", "message": "Emitted: 'add_text' data={'display_text': ' #                  #'}", "context": {"level": null, "scene": null, "state": null}, "data": {}}
[2026-01-01 20:25:31] [DEBUG] [game] Dispatch: RenderSystem -> handled 'add_text' | {"time": "20:25:31.834", "message": "Dispatch: RenderSystem -> handled 'add_text'", "context": {"level": null, "scene": null, "state": null}, "data": {}}
[2026-01-01 20:25:31] [DEBUG] [game] Emitted: 'add_text' data={'display_text': ' #                  #'} | {"time": "20:25:31.834", "message": "Emitted: 'add_text' data={'display_text': ' #                  #'}", "context": {"level": null, "scene": null, "state": null}, "data": {}}
[2026-01-01 20:25:31] [DEBUG] [game] Dispatch: RenderSystem -> handled 'add_text' | {"time": "20:25:31.834", "message": "Dispatch: RenderSystem -> handled 'add_text'", "context": {"level": null, "scene": null, "state": null}, "data": {}}
[2026-01-01 20:25:31] [DEBUG] [game] Emitted: 'add_text' data={'display_text': ' #         $        #'} | {"time": "20:25:31.834", "message": "Emitted: 'add_text' data={'display_text': ' #         $        #'}", "context": {"level": null, "scene": null, "state": null}, "data": {}}
[2026-01-01 20:25:31] [DEBUG] [game] Dispatch: RenderSystem -> handled 'add_text' | {"time": "20:25:31.834", "message": "Dispatch: RenderSystem -> handled 'add_text'", "context": {"level": null, "scene": null, "state": null}, "data": {}}
[2026-01-01 20:25:31] [DEBUG] [game] Emitted: 'add_text' data={'display_text': ' #                  #'} | {"time": "20:25:31.834", "message": "Emitted: 'add_text' data={'display_text': ' #                  #'}", "context": {"level": null, "scene": null, "state": null}, "data": {}}
[2026-01-01 20:25:31] [DEBUG] [game] Dispatch: RenderSystem -> handled 'add_text' | {"time": "20:25:31.834", "message": "Dispatch: RenderSystem -> handled 'add_text'", "context": {"level": null, "scene": null, "state": null}, "data": {}}
[2026-01-01 20:25:31] [DEBUG] [game] Emitted: 'add_text' data={'display_text': ' #                  #'} | {"time": "20:25:31.835", "message": "Emitted: 'add_text' data={'display_text': ' #                  #'}", "context": {"level": null, "scene": null, "state": null}, "data": {}}
[2026-01-01 20:25:31] [DEBUG] [game] Dispatch: RenderSystem -> handled 'add_text' | {"time": "20:25:31.835", "message": "Dispatch: RenderSystem -> handled 'add_text'", "context": {"level": null, "scene": null, "state": null}, "data": {}}
[2026-01-01 20:25:31] [DEBUG] [game] Emitted: 'add_text' data={'display_text': ' #                  #'} | {"time": "20:25:31.835", "message": "Emitted: 'add_text' data={'display_text': ' #                  #'}", "context": {"level": null, "scene": null, "state": null}, "data": {}}
[2026-01-01 20:25:31] [DEBUG] [game] Dispatch: RenderSystem -> handled 'add_text' | {"time": "20:25:31.835", "message": "Dispatch: RenderSystem -> handled 'add_text'", "context": {"level": null, "scene": null, "state": null}, "data": {}}
[2026-01-01 20:25:31] [DEBUG] [game] Emitted: 'add_text' data={'display_text': ' #                  #'} | {"time": "20:25:31.835", "message": "Emitted: 'add_text' data={'display_text': ' #                  #'}", "context": {"level": null, "scene": null, "state": null}, "data": {}}
[2026-01-01 20:25:31] [DEBUG] [game] Dispatch: RenderSystem -> handled 'add_text' | {"time": "20:25:31.835", "message": "Dispatch: RenderSystem -> handled 'add_text'", "context": {"level": null, "scene": null, "state": null}, "data": {}}
[2026-01-01 20:25:31] [DEBUG] [game] Emitted: 'add_text' data={'display_text': ' #                  #'} | {"time": "20:25:31.835", "message": "Emitted: 'add_text' data={'display_text': ' #                  #'}", "context": {"level": null, "scene": null, "state": null}, "data": {}}
[2026-01-01 20:25:31] [DEBUG] [game] Dispatch: RenderSystem -> handled 'add_text' | {"time": "20:25:31.835", "message": "Dispatch: RenderSystem -> handled 'add_text'", "context": {"level": null, "scene": null, "state": null}, "data": {}}
[2026-01-01 20:25:31] [DEBUG] [game] Emitted: 'add_text' data={'display_text': ' #                  #'} | {"time": "20:25:31.836", "message": "Emitted: 'add_text' data={'display_text': ' #                  #'}", "context": {"level": null, "scene": null, "state": null}, "data": {}}
[2026-01-01 20:25:31] [DEBUG] [game] Dispatch: RenderSystem -> handled 'add_text' | {"time": "20:25:31.836", "message": "Dispatch: RenderSystem -> handled 'add_text'", "context": {"level": null, "scene": null, "state": null}, "data": {}}
[2026-01-01 20:25:31] [DEBUG] [game] Emitted: 'add_text' data={'display_text': ' #                  #'} | {"time": "20:25:31.836", "message": "Emitted: 'add_text' data={'display_text': ' #                  #'}", "context": {"level": null, "scene": null, "state": null}, "data": {}}
[2026-01-01 20:25:31] [DEBUG] [game] Dispatch: RenderSystem -> handled 'add_text' | {"time": "20:25:31.836", "message": "Dispatch: RenderSystem -> handled 'add_text'", "context": {"level": null, "scene": null, "state": null}, "data": {}}
[2026-01-01 20:25:31] [DEBUG] [game] Emitted: 'add_text' data={'display_text': ' #                  #'} | {"time": "20:25:31.836", "message": "Emitted: 'add_text' data={'display_text': ' #                  #'}", "context": {"level": null, "scene": null, "state": null}, "data": {}}
[2026-01-01 20:25:31] [DEBUG] [game] Dispatch: RenderSystem -> handled 'add_text' | {"time": "20:25:31.836", "message": "Dispatch: RenderSystem -> handled 'add_text'", "context": {"level": null, "scene": null, "state": null}, "data": {}}
[2026-01-01 20:25:31] [DEBUG] [game] Emitted: 'add_text' data={'display_text': ' ####################'} | {"time": "20:25:31.836", "message": "Emitted: 'add_text' data={'display_text': ' ####################'}", "context": {"level": null, "scene": null, "state": null}, "data": {}}
[2026-01-01 20:25:31] [DEBUG] [game] Dispatch: RenderSystem -> handled 'add_text' | {"time": "20:25:31.836", "message": "Dispatch: RenderSystem -> handled 'add_text'", "context": {"level": null, "scene": null, "state": null}, "data": {}}
[2026-01-01 20:25:31] [DEBUG] [game] Emitted: 'player_input' data={'input': 'd'} | {"time": "20:25:31.837", "message": "Emitted: 'player_input' data={'input': 'd'}", "context": {"level": null, "scene": null, "state": null}, "data": {}}
[2026-01-01 20:25:31] [DEBUG] [game] Emitted: 'dungeon_player_movement' data={'input': 's'} | {"time": "20:25:31.887", "message": "Emitted: 'dungeon_player_movement' data={'input': 's'}", "context": {"level": null, "scene": null, "state": null}, "data": {}}
[2026-01-01 20:25:31] [DEBUG] [game] Dispatch: DungeonManager -> handled 'dungeon_player_movement' | {"time": "20:25:31.888", "message": "Dispatch: DungeonManager -> handled 'dungeon_player_movement'", "context": {"level": null, "scene": null, "state": null}, "data": {}}
[2026-01-01 20:25:31] [DEBUG] [game] [handle_player_move] dx=[0], dy=[1], cur_x=[7], cur_y=[5], new_x=[7], new_y=[6] | {"time": "20:25:31.888", "message": "[handle_player_move] dx=[0], dy=[1], cur_x=[7], cur_y=[5], new_x=[7], new_y=[6]", "context": {"level": null, "scene": null, "state": null}, "data": {}}
[2026-01-01 20:25:31] [DEBUG] [game] [handle_player_move] evaluted to walkable | {"time": "20:25:31.888", "message": "[handle_player_move] evaluted to walkable", "context": {"level": null, "scene": null, "state": null}, "data": {}}
[2026-01-01 20:25:31] [DEBUG] [game] Emitted: 'add_text' data={'display_text': ' ####################'} | {"time": "20:25:31.918", "message": "Emitted: 'add_text' data={'display_text': ' ####################'}", "context": {"level": null, "scene": null, "state": null}, "data": {}}
[2026-01-01 20:25:31] [DEBUG] [game] Dispatch: RenderSystem -> handled 'add_text' | {"time": "20:25:31.918", "message": "Dispatch: RenderSystem -> handled 'add_text'", "context": {"level": null, "scene": null, "state": null}, "data": {}}
[2026-01-01 20:25:31] [DEBUG] [game] Emitted: 'add_text' data={'display_text': ' #                  #'} | {"time": "20:25:31.918", "message": "Emitted: 'add_text' data={'display_text': ' #                  #'}", "context": {"level": null, "scene": null, "state": null}, "data": {}}
[2026-01-01 20:25:31] [DEBUG] [game] Dispatch: RenderSystem -> handled 'add_text' | {"time": "20:25:31.918", "message": "Dispatch: RenderSystem -> handled 'add_text'", "context": {"level": null, "scene": null, "state": null}, "data": {}}
[2026-01-01 20:25:31] [DEBUG] [game] Emitted: 'add_text' data={'display_text': ' #                  #'} | {"time": "20:25:31.918", "message": "Emitted: 'add_text' data={'display_text': ' #                  #'}", "context": {"level": null, "scene": null, "state": null}, "data": {}}
[2026-01-01 20:25:31] [DEBUG] [game] Dispatch: RenderSystem -> handled 'add_text' | {"time": "20:25:31.918", "message": "Dispatch: RenderSystem -> handled 'add_text'", "context": {"level": null, "scene": null, "state": null}, "data": {}}
[2026-01-01 20:25:31] [DEBUG] [game] Emitted: 'add_text' data={'display_text': ' #                  #'} | {"time": "20:25:31.918", "message": "Emitted: 'add_text' data={'display_text': ' #                  #'}", "context": {"level": null, "scene": null, "state": null}, "data": {}}
[2026-01-01 20:25:31] [DEBUG] [game] Dispatch: RenderSystem -> handled 'add_text' | {"time": "20:25:31.919", "message": "Dispatch: RenderSystem -> handled 'add_text'", "context": {"level": null, "scene": null, "state": null}, "data": {}}
[2026-01-01 20:25:31] [DEBUG] [game] Emitted: 'add_text' data={'display_text': ' #                  #'} | {"time": "20:25:31.919", "message": "Emitted: 'add_text' data={'display_text': ' #                  #'}", "context": {"level": null, "scene": null, "state": null}, "data": {}}
[2026-01-01 20:25:31] [DEBUG] [game] Dispatch: RenderSystem -> handled 'add_text' | {"time": "20:25:31.919", "message": "Dispatch: RenderSystem -> handled 'add_text'", "context": {"level": null, "scene": null, "state": null}, "data": {}}
[2026-01-01 20:25:31] [DEBUG] [game] Emitted: 'add_text' data={'display_text': ' #                  #'} | {"time": "20:25:31.919", "message": "Emitted: 'add_text' data={'display_text': ' #                  #'}", "context": {"level": null, "scene": null, "state": null}, "data": {}}
[2026-01-01 20:25:31] [DEBUG] [game] Dispatch: RenderSystem -> handled 'add_text' | {"time": "20:25:31.919", "message": "Dispatch: RenderSystem -> handled 'add_text'", "context": {"level": null, "scene": null, "state": null}, "data": {}}
[2026-01-01 20:25:31] [DEBUG] [game] Emitted: 'add_text' data={'display_text': ' #      @           #'} | {"time": "20:25:31.920", "message": "Emitted: 'add_text' data={'display_text': ' #      @           #'}", "context": {"level": null, "scene": null, "state": null}, "data": {}}
[2026-01-01 20:25:31] [DEBUG] [game] Dispatch: RenderSystem -> handled 'add_text' | {"time": "20:25:31.920", "message": "Dispatch: RenderSystem -> handled 'add_text'", "context": {"level": null, "scene": null, "state": null}, "data": {}}
[2026-01-01 20:25:31] [DEBUG] [game] Emitted: 'add_text' data={'display_text': ' #                  #'} | {"time": "20:25:31.920", "message": "Emitted: 'add_text' data={'display_text': ' #                  #'}", "context": {"level": null, "scene": null, "state": null}, "data": {}}
[2026-01-01 20:25:31] [DEBUG] [game] Dispatch: RenderSystem -> handled 'add_text' | {"time": "20:25:31.920", "message": "Dispatch: RenderSystem -> handled 'add_text'", "context": {"level": null, "scene": null, "state": null}, "data": {}}
[2026-01-01 20:25:31] [DEBUG] [game] Emitted: 'add_text' data={'display_text': ' #                  #'} | {"time": "20:25:31.920", "message": "Emitted: 'add_text' data={'display_text': ' #                  #'}", "context": {"level": null, "scene": null, "state": null}, "data": {}}
[2026-01-01 20:25:31] [DEBUG] [game] Dispatch: RenderSystem -> handled 'add_text' | {"time": "20:25:31.920", "message": "Dispatch: RenderSystem -> handled 'add_text'", "context": {"level": null, "scene": null, "state": null}, "data": {}}
[2026-01-01 20:25:31] [DEBUG] [game] Emitted: 'add_text' data={'display_text': ' #                  #'} | {"time": "20:25:31.920", "message": "Emitted: 'add_text' data={'display_text': ' #                  #'}", "context": {"level": null, "scene": null, "state": null}, "data": {}}
[2026-01-01 20:25:31] [DEBUG] [game] Dispatch: RenderSystem -> handled 'add_text' | {"time": "20:25:31.921", "message": "Dispatch: RenderSystem -> handled 'add_text'", "context": {"level": null, "scene": null, "state": null}, "data": {}}
[2026-01-01 20:25:31] [DEBUG] [game] Emitted: 'add_text' data={'display_text': ' #         $        #'} | {"time": "20:25:31.921", "message": "Emitted: 'add_text' data={'display_text': ' #         $        #'}", "context": {"level": null, "scene": null, "state": null}, "data": {}}
[2026-01-01 20:25:31] [DEBUG] [game] Dispatch: RenderSystem -> handled 'add_text' | {"time": "20:25:31.921", "message": "Dispatch: RenderSystem -> handled 'add_text'", "context": {"level": null, "scene": null, "state": null}, "data": {}}
[2026-01-01 20:25:31] [DEBUG] [game] Emitted: 'add_text' data={'display_text': ' #                  #'} | {"time": "20:25:31.921", "message": "Emitted: 'add_text' data={'display_text': ' #                  #'}", "context": {"level": null, "scene": null, "state": null}, "data": {}}
[2026-01-01 20:25:31] [DEBUG] [game] Dispatch: RenderSystem -> handled 'add_text' | {"time": "20:25:31.921", "message": "Dispatch: RenderSystem -> handled 'add_text'", "context": {"level": null, "scene": null, "state": null}, "data": {}}
[2026-01-01 20:25:31] [DEBUG] [game] Emitted: 'add_text' data={'display_text': ' #                  #'} | {"time": "20:25:31.921", "message": "Emitted: 'add_text' data={'display_text': ' #                  #'}", "context": {"level": null, "scene": null, "state": null}, "data": {}}
[2026-01-01 20:25:31] [DEBUG] [game] Dispatch: RenderSystem -> handled 'add_text' | {"time": "20:25:31.921", "message": "Dispatch: RenderSystem -> handled 'add_text'", "context": {"level": null, "scene": null, "state": null}, "data": {}}
[2026-01-01 20:25:31] [DEBUG] [game] Emitted: 'add_text' data={'display_text': ' #                  #'} | {"time": "20:25:31.922", "message": "Emitted: 'add_text' data={'display_text': ' #                  #'}", "context": {"level": null, "scene": null, "state": null}, "data": {}}
[2026-01-01 20:25:31] [DEBUG] [game] Dispatch: RenderSystem -> handled 'add_text' | {"time": "20:25:31.922", "message": "Dispatch: RenderSystem -> handled 'add_text'", "context": {"level": null, "scene": null, "state": null}, "data": {}}
[2026-01-01 20:25:31] [DEBUG] [game] Emitted: 'add_text' data={'display_text': ' #                  #'} | {"time": "20:25:31.922", "message": "Emitted: 'add_text' data={'display_text': ' #                  #'}", "context": {"level": null, "scene": null, "state": null}, "data": {}}
[2026-01-01 20:25:31] [DEBUG] [game] Dispatch: RenderSystem -> handled 'add_text' | {"time": "20:25:31.922", "message": "Dispatch: RenderSystem -> handled 'add_text'", "context": {"level": null, "scene": null, "state": null}, "data": {}}
[2026-01-01 20:25:31] [DEBUG] [game] Emitted: 'add_text' data={'display_text': ' #                  #'} | {"time": "20:25:31.922", "message": "Emitted: 'add_text' data={'display_text': ' #                  #'}", "context": {"level": null, "scene": null, "state": null}, "data": {}}
[2026-01-01 20:25:31] [DEBUG] [game] Dispatch: RenderSystem -> handled 'add_text' | {"time": "20:25:31.922", "message": "Dispatch: RenderSystem -> handled 'add_text'", "context": {"level": null, "scene": null, "state": null}, "data": {}}
[2026-01-01 20:25:31] [DEBUG] [game] Emitted: 'add_text' data={'display_text': ' #                  #'} | {"time": "20:25:31.923", "message": "Emitted: 'add_text' data={'display_text': ' #                  #'}", "context": {"level": null, "scene": null, "state": null}, "data": {}}
[2026-01-01 20:25:31] [DEBUG] [game] Dispatch: RenderSystem -> handled 'add_text' | {"time": "20:25:31.923", "message": "Dispatch: RenderSystem -> handled 'add_text'", "context": {"level": null, "scene": null, "state": null}, "data": {}}
[2026-01-01 20:25:31] [DEBUG] [game] Emitted: 'add_text' data={'display_text': ' #                  #'} | {"time": "20:25:31.923", "message": "Emitted: 'add_text' data={'display_text': ' #                  #'}", "context": {"level": null, "scene": null, "state": null}, "data": {}}
[2026-01-01 20:25:31] [DEBUG] [game] Dispatch: RenderSystem -> handled 'add_text' | {"time": "20:25:31.923", "message": "Dispatch: RenderSystem -> handled 'add_text'", "context": {"level": null, "scene": null, "state": null}, "data": {}}
[2026-01-01 20:25:31] [DEBUG] [game] Emitted: 'add_text' data={'display_text': ' #                  #'} | {"time": "20:25:31.923", "message": "Emitted: 'add_text' data={'display_text': ' #                  #'}", "context": {"level": null, "scene": null, "state": null}, "data": {}}
[2026-01-01 20:25:31] [DEBUG] [game] Dispatch: RenderSystem -> handled 'add_text' | {"time": "20:25:31.923", "message": "Dispatch: RenderSystem -> handled 'add_text'", "context": {"level": null, "scene": null, "state": null}, "data": {}}
[2026-01-01 20:25:31] [DEBUG] [game] Emitted: 'add_text' data={'display_text': ' ####################'} | {"time": "20:25:31.923", "message": "Emitted: 'add_text' data={'display_text': ' ####################'}", "context": {"level": null, "scene": null, "state": null}, "data": {}}
[2026-01-01 20:25:31] [DEBUG] [game] Dispatch: RenderSystem -> handled 'add_text' | {"time": "20:25:31.924", "message": "Dispatch: RenderSystem -> handled 'add_text'", "context": {"level": null, "scene": null, "state": null}, "data": {}}
[2026-01-01 20:25:31] [DEBUG] [game] Emitted: 'player_input' data={'input': 's'} | {"time": "20:25:31.924", "message": "Emitted: 'player_input' data={'input': 's'}", "context": {"level": null, "scene": null, "state": null}, "data": {}}
[2026-01-01 20:25:31] [DEBUG] [game] Emitted: 'dungeon_player_movement' data={'input': 'd'} | {"time": "20:25:31.943", "message": "Emitted: 'dungeon_player_movement' data={'input': 'd'}", "context": {"level": null, "scene": null, "state": null}, "data": {}}
[2026-01-01 20:25:31] [DEBUG] [game] Dispatch: DungeonManager -> handled 'dungeon_player_movement' | {"time": "20:25:31.944", "message": "Dispatch: DungeonManager -> handled 'dungeon_player_movement'", "context": {"level": null, "scene": null, "state": null}, "data": {}}
[2026-01-01 20:25:31] [DEBUG] [game] [handle_player_move] dx=[1], dy=[0], cur_x=[7], cur_y=[6], new_x=[8], new_y=[6] | {"time": "20:25:31.944", "message": "[handle_player_move] dx=[1], dy=[0], cur_x=[7], cur_y=[6], new_x=[8], new_y=[6]", "context": {"level": null, "scene": null, "state": null}, "data": {}}
[2026-01-01 20:25:31] [DEBUG] [game] [handle_player_move] evaluted to walkable | {"time": "20:25:31.944", "message": "[handle_player_move] evaluted to walkable", "context": {"level": null, "scene": null, "state": null}, "data": {}}
[2026-01-01 20:25:31] [DEBUG] [game] Emitted: 'add_text' data={'display_text': ' ####################'} | {"time": "20:25:31.972", "message": "Emitted: 'add_text' data={'display_text': ' ####################'}", "context": {"level": null, "scene": null, "state": null}, "data": {}}
[2026-01-01 20:25:31] [DEBUG] [game] Dispatch: RenderSystem -> handled 'add_text' | {"time": "20:25:31.973", "message": "Dispatch: RenderSystem -> handled 'add_text'", "context": {"level": null, "scene": null, "state": null}, "data": {}}
[2026-01-01 20:25:31] [DEBUG] [game] Emitted: 'add_text' data={'display_text': ' #                  #'} | {"time": "20:25:31.973", "message": "Emitted: 'add_text' data={'display_text': ' #                  #'}", "context": {"level": null, "scene": null, "state": null}, "data": {}}
[2026-01-01 20:25:31] [DEBUG] [game] Dispatch: RenderSystem -> handled 'add_text' | {"time": "20:25:31.973", "message": "Dispatch: RenderSystem -> handled 'add_text'", "context": {"level": null, "scene": null, "state": null}, "data": {}}
[2026-01-01 20:25:31] [DEBUG] [game] Emitted: 'add_text' data={'display_text': ' #                  #'} | {"time": "20:25:31.973", "message": "Emitted: 'add_text' data={'display_text': ' #                  #'}", "context": {"level": null, "scene": null, "state": null}, "data": {}}
[2026-01-01 20:25:31] [DEBUG] [game] Dispatch: RenderSystem -> handled 'add_text' | {"time": "20:25:31.973", "message": "Dispatch: RenderSystem -> handled 'add_text'", "context": {"level": null, "scene": null, "state": null}, "data": {}}
[2026-01-01 20:25:31] [DEBUG] [game] Emitted: 'add_text' data={'display_text': ' #                  #'} | {"time": "20:25:31.973", "message": "Emitted: 'add_text' data={'display_text': ' #                  #'}", "context": {"level": null, "scene": null, "state": null}, "data": {}}
[2026-01-01 20:25:31] [DEBUG] [game] Dispatch: RenderSystem -> handled 'add_text' | {"time": "20:25:31.973", "message": "Dispatch: RenderSystem -> handled 'add_text'", "context": {"level": null, "scene": null, "state": null}, "data": {}}
[2026-01-01 20:25:31] [DEBUG] [game] Emitted: 'add_text' data={'display_text': ' #                  #'} | {"time": "20:25:31.974", "message": "Emitted: 'add_text' data={'display_text': ' #                  #'}", "context": {"level": null, "scene": null, "state": null}, "data": {}}
[2026-01-01 20:25:31] [DEBUG] [game] Dispatch: RenderSystem -> handled 'add_text' | {"time": "20:25:31.974", "message": "Dispatch: RenderSystem -> handled 'add_text'", "context": {"level": null, "scene": null, "state": null}, "data": {}}
[2026-01-01 20:25:31] [DEBUG] [game] Emitted: 'add_text' data={'display_text': ' #                  #'} | {"time": "20:25:31.974", "message": "Emitted: 'add_text' data={'display_text': ' #                  #'}", "context": {"level": null, "scene": null, "state": null}, "data": {}}
[2026-01-01 20:25:31] [DEBUG] [game] Dispatch: RenderSystem -> handled 'add_text' | {"time": "20:25:31.974", "message": "Dispatch: RenderSystem -> handled 'add_text'", "context": {"level": null, "scene": null, "state": null}, "data": {}}
[2026-01-01 20:25:31] [DEBUG] [game] Emitted: 'add_text' data={'display_text': ' #       @          #'} | {"time": "20:25:31.974", "message": "Emitted: 'add_text' data={'display_text': ' #       @          #'}", "context": {"level": null, "scene": null, "state": null}, "data": {}}
[2026-01-01 20:25:31] [DEBUG] [game] Dispatch: RenderSystem -> handled 'add_text' | {"time": "20:25:31.974", "message": "Dispatch: RenderSystem -> handled 'add_text'", "context": {"level": null, "scene": null, "state": null}, "data": {}}
[2026-01-01 20:25:31] [DEBUG] [game] Emitted: 'add_text' data={'display_text': ' #                  #'} | {"time": "20:25:31.975", "message": "Emitted: 'add_text' data={'display_text': ' #                  #'}", "context": {"level": null, "scene": null, "state": null}, "data": {}}
[2026-01-01 20:25:31] [DEBUG] [game] Dispatch: RenderSystem -> handled 'add_text' | {"time": "20:25:31.975", "message": "Dispatch: RenderSystem -> handled 'add_text'", "context": {"level": null, "scene": null, "state": null}, "data": {}}
[2026-01-01 20:25:31] [DEBUG] [game] Emitted: 'add_text' data={'display_text': ' #                  #'} | {"time": "20:25:31.975", "message": "Emitted: 'add_text' data={'display_text': ' #                  #'}", "context": {"level": null, "scene": null, "state": null}, "data": {}}
[2026-01-01 20:25:31] [DEBUG] [game] Dispatch: RenderSystem -> handled 'add_text' | {"time": "20:25:31.975", "message": "Dispatch: RenderSystem -> handled 'add_text'", "context": {"level": null, "scene": null, "state": null}, "data": {}}
[2026-01-01 20:25:31] [DEBUG] [game] Emitted: 'add_text' data={'display_text': ' #                  #'} | {"time": "20:25:31.975", "message": "Emitted: 'add_text' data={'display_text': ' #                  #'}", "context": {"level": null, "scene": null, "state": null}, "data": {}}
[2026-01-01 20:25:31] [DEBUG] [game] Dispatch: RenderSystem -> handled 'add_text' | {"time": "20:25:31.975", "message": "Dispatch: RenderSystem -> handled 'add_text'", "context": {"level": null, "scene": null, "state": null}, "data": {}}
[2026-01-01 20:25:31] [DEBUG] [game] Emitted: 'add_text' data={'display_text': ' #         $        #'} | {"time": "20:25:31.976", "message": "Emitted: 'add_text' data={'display_text': ' #         $        #'}", "context": {"level": null, "scene": null, "state": null}, "data": {}}
[2026-01-01 20:25:31] [DEBUG] [game] Dispatch: RenderSystem -> handled 'add_text' | {"time": "20:25:31.976", "message": "Dispatch: RenderSystem -> handled 'add_text'", "context": {"level": null, "scene": null, "state": null}, "data": {}}
[2026-01-01 20:25:31] [DEBUG] [game] Emitted: 'add_text' data={'display_text': ' #                  #'} | {"time": "20:25:31.976", "message": "Emitted: 'add_text' data={'display_text': ' #                  #'}", "context": {"level": null, "scene": null, "state": null}, "data": {}}
[2026-01-01 20:25:31] [DEBUG] [game] Dispatch: RenderSystem -> handled 'add_text' | {"time": "20:25:31.976", "message": "Dispatch: RenderSystem -> handled 'add_text'", "context": {"level": null, "scene": null, "state": null}, "data": {}}
[2026-01-01 20:25:31] [DEBUG] [game] Emitted: 'add_text' data={'display_text': ' #                  #'} | {"time": "20:25:31.976", "message": "Emitted: 'add_text' data={'display_text': ' #                  #'}", "context": {"level": null, "scene": null, "state": null}, "data": {}}
[2026-01-01 20:25:31] [DEBUG] [game] Dispatch: RenderSystem -> handled 'add_text' | {"time": "20:25:31.976", "message": "Dispatch: RenderSystem -> handled 'add_text'", "context": {"level": null, "scene": null, "state": null}, "data": {}}
[2026-01-01 20:25:31] [DEBUG] [game] Emitted: 'add_text' data={'display_text': ' #                  #'} | {"time": "20:25:31.976", "message": "Emitted: 'add_text' data={'display_text': ' #                  #'}", "context": {"level": null, "scene": null, "state": null}, "data": {}}
[2026-01-01 20:25:31] [DEBUG] [game] Dispatch: RenderSystem -> handled 'add_text' | {"time": "20:25:31.977", "message": "Dispatch: RenderSystem -> handled 'add_text'", "context": {"level": null, "scene": null, "state": null}, "data": {}}
[2026-01-01 20:25:31] [DEBUG] [game] Emitted: 'add_text' data={'display_text': ' #                  #'} | {"time": "20:25:31.977", "message": "Emitted: 'add_text' data={'display_text': ' #                  #'}", "context": {"level": null, "scene": null, "state": null}, "data": {}}
[2026-01-01 20:25:31] [DEBUG] [game] Dispatch: RenderSystem -> handled 'add_text' | {"time": "20:25:31.977", "message": "Dispatch: RenderSystem -> handled 'add_text'", "context": {"level": null, "scene": null, "state": null}, "data": {}}
[2026-01-01 20:25:31] [DEBUG] [game] Emitted: 'add_text' data={'display_text': ' #                  #'} | {"time": "20:25:31.977", "message": "Emitted: 'add_text' data={'display_text': ' #                  #'}", "context": {"level": null, "scene": null, "state": null}, "data": {}}
[2026-01-01 20:25:31] [DEBUG] [game] Dispatch: RenderSystem -> handled 'add_text' | {"time": "20:25:31.977", "message": "Dispatch: RenderSystem -> handled 'add_text'", "context": {"level": null, "scene": null, "state": null}, "data": {}}
[2026-01-01 20:25:31] [DEBUG] [game] Emitted: 'add_text' data={'display_text': ' #                  #'} | {"time": "20:25:31.977", "message": "Emitted: 'add_text' data={'display_text': ' #                  #'}", "context": {"level": null, "scene": null, "state": null}, "data": {}}
[2026-01-01 20:25:31] [DEBUG] [game] Dispatch: RenderSystem -> handled 'add_text' | {"time": "20:25:31.977", "message": "Dispatch: RenderSystem -> handled 'add_text'", "context": {"level": null, "scene": null, "state": null}, "data": {}}
[2026-01-01 20:25:31] [DEBUG] [game] Emitted: 'add_text' data={'display_text': ' #                  #'} | {"time": "20:25:31.978", "message": "Emitted: 'add_text' data={'display_text': ' #                  #'}", "context": {"level": null, "scene": null, "state": null}, "data": {}}
[2026-01-01 20:25:31] [DEBUG] [game] Dispatch: RenderSystem -> handled 'add_text' | {"time": "20:25:31.978", "message": "Dispatch: RenderSystem -> handled 'add_text'", "context": {"level": null, "scene": null, "state": null}, "data": {}}
[2026-01-01 20:25:31] [DEBUG] [game] Emitted: 'add_text' data={'display_text': ' #                  #'} | {"time": "20:25:31.978", "message": "Emitted: 'add_text' data={'display_text': ' #                  #'}", "context": {"level": null, "scene": null, "state": null}, "data": {}}
[2026-01-01 20:25:31] [DEBUG] [game] Dispatch: RenderSystem -> handled 'add_text' | {"time": "20:25:31.978", "message": "Dispatch: RenderSystem -> handled 'add_text'", "context": {"level": null, "scene": null, "state": null}, "data": {}}
[2026-01-01 20:25:31] [DEBUG] [game] Emitted: 'add_text' data={'display_text': ' ####################'} | {"time": "20:25:31.978", "message": "Emitted: 'add_text' data={'display_text': ' ####################'}", "context": {"level": null, "scene": null, "state": null}, "data": {}}
[2026-01-01 20:25:31] [DEBUG] [game] Dispatch: RenderSystem -> handled 'add_text' | {"time": "20:25:31.978", "message": "Dispatch: RenderSystem -> handled 'add_text'", "context": {"level": null, "scene": null, "state": null}, "data": {}}
[2026-01-01 20:25:31] [DEBUG] [game] Emitted: 'player_input' data={'input': 'd'} | {"time": "20:25:31.978", "message": "Emitted: 'player_input' data={'input': 'd'}", "context": {"level": null, "scene": null, "state": null}, "data": {}}
[2026-01-01 20:25:32] [DEBUG] [game] Emitted: 'dungeon_player_movement' data={'input': 's'} | {"time": "20:25:32.037", "message": "Emitted: 'dungeon_player_movement' data={'input': 's'}", "context": {"level": null, "scene": null, "state": null}, "data": {}}
[2026-01-01 20:25:32] [DEBUG] [game] Dispatch: DungeonManager -> handled 'dungeon_player_movement' | {"time": "20:25:32.038", "message": "Dispatch: DungeonManager -> handled 'dungeon_player_movement'", "context": {"level": null, "scene": null, "state": null}, "data": {}}
[2026-01-01 20:25:32] [DEBUG] [game] [handle_player_move] dx=[0], dy=[1], cur_x=[8], cur_y=[6], new_x=[8], new_y=[7] | {"time": "20:25:32.038", "message": "[handle_player_move] dx=[0], dy=[1], cur_x=[8], cur_y=[6], new_x=[8], new_y=[7]", "context": {"level": null, "scene": null, "state": null}, "data": {}}
[2026-01-01 20:25:32] [DEBUG] [game] [handle_player_move] evaluted to walkable | {"time": "20:25:32.038", "message": "[handle_player_move] evaluted to walkable", "context": {"level": null, "scene": null, "state": null}, "data": {}}
[2026-01-01 20:25:32] [DEBUG] [game] Emitted: 'add_text' data={'display_text': ' ####################'} | {"time": "20:25:32.068", "message": "Emitted: 'add_text' data={'display_text': ' ####################'}", "context": {"level": null, "scene": null, "state": null}, "data": {}}
[2026-01-01 20:25:32] [DEBUG] [game] Dispatch: RenderSystem -> handled 'add_text' | {"time": "20:25:32.068", "message": "Dispatch: RenderSystem -> handled 'add_text'", "context": {"level": null, "scene": null, "state": null}, "data": {}}
[2026-01-01 20:25:32] [DEBUG] [game] Emitted: 'add_text' data={'display_text': ' #                  #'} | {"time": "20:25:32.068", "message": "Emitted: 'add_text' data={'display_text': ' #                  #'}", "context": {"level": null, "scene": null, "state": null}, "data": {}}
[2026-01-01 20:25:32] [DEBUG] [game] Dispatch: RenderSystem -> handled 'add_text' | {"time": "20:25:32.068", "message": "Dispatch: RenderSystem -> handled 'add_text'", "context": {"level": null, "scene": null, "state": null}, "data": {}}
[2026-01-01 20:25:32] [DEBUG] [game] Emitted: 'add_text' data={'display_text': ' #                  #'} | {"time": "20:25:32.068", "message": "Emitted: 'add_text' data={'display_text': ' #                  #'}", "context": {"level": null, "scene": null, "state": null}, "data": {}}
[2026-01-01 20:25:32] [DEBUG] [game] Dispatch: RenderSystem -> handled 'add_text' | {"time": "20:25:32.068", "message": "Dispatch: RenderSystem -> handled 'add_text'", "context": {"level": null, "scene": null, "state": null}, "data": {}}
[2026-01-01 20:25:32] [DEBUG] [game] Emitted: 'add_text' data={'display_text': ' #                  #'} | {"time": "20:25:32.069", "message": "Emitted: 'add_text' data={'display_text': ' #                  #'}", "context": {"level": null, "scene": null, "state": null}, "data": {}}
[2026-01-01 20:25:32] [DEBUG] [game] Dispatch: RenderSystem -> handled 'add_text' | {"time": "20:25:32.069", "message": "Dispatch: RenderSystem -> handled 'add_text'", "context": {"level": null, "scene": null, "state": null}, "data": {}}
[2026-01-01 20:25:32] [DEBUG] [game] Emitted: 'add_text' data={'display_text': ' #                  #'} | {"time": "20:25:32.069", "message": "Emitted: 'add_text' data={'display_text': ' #                  #'}", "context": {"level": null, "scene": null, "state": null}, "data": {}}
[2026-01-01 20:25:32] [DEBUG] [game] Dispatch: RenderSystem -> handled 'add_text' | {"time": "20:25:32.069", "message": "Dispatch: RenderSystem -> handled 'add_text'", "context": {"level": null, "scene": null, "state": null}, "data": {}}
[2026-01-01 20:25:32] [DEBUG] [game] Emitted: 'add_text' data={'display_text': ' #                  #'} | {"time": "20:25:32.069", "message": "Emitted: 'add_text' data={'display_text': ' #                  #'}", "context": {"level": null, "scene": null, "state": null}, "data": {}}
[2026-01-01 20:25:32] [DEBUG] [game] Dispatch: RenderSystem -> handled 'add_text' | {"time": "20:25:32.069", "message": "Dispatch: RenderSystem -> handled 'add_text'", "context": {"level": null, "scene": null, "state": null}, "data": {}}
[2026-01-01 20:25:32] [DEBUG] [game] Emitted: 'add_text' data={'display_text': ' #                  #'} | {"time": "20:25:32.069", "message": "Emitted: 'add_text' data={'display_text': ' #                  #'}", "context": {"level": null, "scene": null, "state": null}, "data": {}}
[2026-01-01 20:25:32] [DEBUG] [game] Dispatch: RenderSystem -> handled 'add_text' | {"time": "20:25:32.070", "message": "Dispatch: RenderSystem -> handled 'add_text'", "context": {"level": null, "scene": null, "state": null}, "data": {}}
[2026-01-01 20:25:32] [DEBUG] [game] Emitted: 'add_text' data={'display_text': ' #       @          #'} | {"time": "20:25:32.070", "message": "Emitted: 'add_text' data={'display_text': ' #       @          #'}", "context": {"level": null, "scene": null, "state": null}, "data": {}}
[2026-01-01 20:25:32] [DEBUG] [game] Dispatch: RenderSystem -> handled 'add_text' | {"time": "20:25:32.070", "message": "Dispatch: RenderSystem -> handled 'add_text'", "context": {"level": null, "scene": null, "state": null}, "data": {}}
[2026-01-01 20:25:32] [DEBUG] [game] Emitted: 'add_text' data={'display_text': ' #                  #'} | {"time": "20:25:32.070", "message": "Emitted: 'add_text' data={'display_text': ' #                  #'}", "context": {"level": null, "scene": null, "state": null}, "data": {}}
[2026-01-01 20:25:32] [DEBUG] [game] Dispatch: RenderSystem -> handled 'add_text' | {"time": "20:25:32.070", "message": "Dispatch: RenderSystem -> handled 'add_text'", "context": {"level": null, "scene": null, "state": null}, "data": {}}
[2026-01-01 20:25:32] [DEBUG] [game] Emitted: 'add_text' data={'display_text': ' #                  #'} | {"time": "20:25:32.070", "message": "Emitted: 'add_text' data={'display_text': ' #                  #'}", "context": {"level": null, "scene": null, "state": null}, "data": {}}
[2026-01-01 20:25:32] [DEBUG] [game] Dispatch: RenderSystem -> handled 'add_text' | {"time": "20:25:32.070", "message": "Dispatch: RenderSystem -> handled 'add_text'", "context": {"level": null, "scene": null, "state": null}, "data": {}}
[2026-01-01 20:25:32] [DEBUG] [game] Emitted: 'add_text' data={'display_text': ' #         $        #'} | {"time": "20:25:32.071", "message": "Emitted: 'add_text' data={'display_text': ' #         $        #'}", "context": {"level": null, "scene": null, "state": null}, "data": {}}
[2026-01-01 20:25:32] [DEBUG] [game] Dispatch: RenderSystem -> handled 'add_text' | {"time": "20:25:32.071", "message": "Dispatch: RenderSystem -> handled 'add_text'", "context": {"level": null, "scene": null, "state": null}, "data": {}}
[2026-01-01 20:25:32] [DEBUG] [game] Emitted: 'add_text' data={'display_text': ' #                  #'} | {"time": "20:25:32.071", "message": "Emitted: 'add_text' data={'display_text': ' #                  #'}", "context": {"level": null, "scene": null, "state": null}, "data": {}}
[2026-01-01 20:25:32] [DEBUG] [game] Dispatch: RenderSystem -> handled 'add_text' | {"time": "20:25:32.071", "message": "Dispatch: RenderSystem -> handled 'add_text'", "context": {"level": null, "scene": null, "state": null}, "data": {}}
[2026-01-01 20:25:32] [DEBUG] [game] Emitted: 'add_text' data={'display_text': ' #                  #'} | {"time": "20:25:32.071", "message": "Emitted: 'add_text' data={'display_text': ' #                  #'}", "context": {"level": null, "scene": null, "state": null}, "data": {}}
[2026-01-01 20:25:32] [DEBUG] [game] Dispatch: RenderSystem -> handled 'add_text' | {"time": "20:25:32.071", "message": "Dispatch: RenderSystem -> handled 'add_text'", "context": {"level": null, "scene": null, "state": null}, "data": {}}
[2026-01-01 20:25:32] [DEBUG] [game] Emitted: 'add_text' data={'display_text': ' #                  #'} | {"time": "20:25:32.072", "message": "Emitted: 'add_text' data={'display_text': ' #                  #'}", "context": {"level": null, "scene": null, "state": null}, "data": {}}
[2026-01-01 20:25:32] [DEBUG] [game] Dispatch: RenderSystem -> handled 'add_text' | {"time": "20:25:32.072", "message": "Dispatch: RenderSystem -> handled 'add_text'", "context": {"level": null, "scene": null, "state": null}, "data": {}}
[2026-01-01 20:25:32] [DEBUG] [game] Emitted: 'add_text' data={'display_text': ' #                  #'} | {"time": "20:25:32.072", "message": "Emitted: 'add_text' data={'display_text': ' #                  #'}", "context": {"level": null, "scene": null, "state": null}, "data": {}}
[2026-01-01 20:25:32] [DEBUG] [game] Dispatch: RenderSystem -> handled 'add_text' | {"time": "20:25:32.072", "message": "Dispatch: RenderSystem -> handled 'add_text'", "context": {"level": null, "scene": null, "state": null}, "data": {}}
[2026-01-01 20:25:32] [DEBUG] [game] Emitted: 'add_text' data={'display_text': ' #                  #'} | {"time": "20:25:32.072", "message": "Emitted: 'add_text' data={'display_text': ' #                  #'}", "context": {"level": null, "scene": null, "state": null}, "data": {}}
[2026-01-01 20:25:32] [DEBUG] [game] Dispatch: RenderSystem -> handled 'add_text' | {"time": "20:25:32.072", "message": "Dispatch: RenderSystem -> handled 'add_text'", "context": {"level": null, "scene": null, "state": null}, "data": {}}
[2026-01-01 20:25:32] [DEBUG] [game] Emitted: 'add_text' data={'display_text': ' #                  #'} | {"time": "20:25:32.072", "message": "Emitted: 'add_text' data={'display_text': ' #                  #'}", "context": {"level": null, "scene": null, "state": null}, "data": {}}
[2026-01-01 20:25:32] [DEBUG] [game] Dispatch: RenderSystem -> handled 'add_text' | {"time": "20:25:32.073", "message": "Dispatch: RenderSystem -> handled 'add_text'", "context": {"level": null, "scene": null, "state": null}, "data": {}}
[2026-01-01 20:25:32] [DEBUG] [game] Emitted: 'add_text' data={'display_text': ' #                  #'} | {"time": "20:25:32.073", "message": "Emitted: 'add_text' data={'display_text': ' #                  #'}", "context": {"level": null, "scene": null, "state": null}, "data": {}}
[2026-01-01 20:25:32] [DEBUG] [game] Dispatch: RenderSystem -> handled 'add_text' | {"time": "20:25:32.073", "message": "Dispatch: RenderSystem -> handled 'add_text'", "context": {"level": null, "scene": null, "state": null}, "data": {}}
[2026-01-01 20:25:32] [DEBUG] [game] Emitted: 'add_text' data={'display_text': ' #                  #'} | {"time": "20:25:32.073", "message": "Emitted: 'add_text' data={'display_text': ' #                  #'}", "context": {"level": null, "scene": null, "state": null}, "data": {}}
[2026-01-01 20:25:32] [DEBUG] [game] Dispatch: RenderSystem -> handled 'add_text' | {"time": "20:25:32.073", "message": "Dispatch: RenderSystem -> handled 'add_text'", "context": {"level": null, "scene": null, "state": null}, "data": {}}
[2026-01-01 20:25:32] [DEBUG] [game] Emitted: 'add_text' data={'display_text': ' ####################'} | {"time": "20:25:32.073", "message": "Emitted: 'add_text' data={'display_text': ' ####################'}", "context": {"level": null, "scene": null, "state": null}, "data": {}}
[2026-01-01 20:25:32] [DEBUG] [game] Dispatch: RenderSystem -> handled 'add_text' | {"time": "20:25:32.074", "message": "Dispatch: RenderSystem -> handled 'add_text'", "context": {"level": null, "scene": null, "state": null}, "data": {}}
[2026-01-01 20:25:32] [DEBUG] [game] Emitted: 'player_input' data={'input': 's'} | {"time": "20:25:32.074", "message": "Emitted: 'player_input' data={'input': 's'}", "context": {"level": null, "scene": null, "state": null}, "data": {}}
[2026-01-01 20:25:32] [DEBUG] [game] Emitted: 'dungeon_player_movement' data={'input': 'd'} | {"time": "20:25:32.107", "message": "Emitted: 'dungeon_player_movement' data={'input': 'd'}", "context": {"level": null, "scene": null, "state": null}, "data": {}}
[2026-01-01 20:25:32] [DEBUG] [game] Dispatch: DungeonManager -> handled 'dungeon_player_movement' | {"time": "20:25:32.108", "message": "Dispatch: DungeonManager -> handled 'dungeon_player_movement'", "context": {"level": null, "scene": null, "state": null}, "data": {}}
[2026-01-01 20:25:32] [DEBUG] [game] [handle_player_move] dx=[1], dy=[0], cur_x=[8], cur_y=[7], new_x=[9], new_y=[7] | {"time": "20:25:32.108", "message": "[handle_player_move] dx=[1], dy=[0], cur_x=[8], cur_y=[7], new_x=[9], new_y=[7]", "context": {"level": null, "scene": null, "state": null}, "data": {}}
[2026-01-01 20:25:32] [DEBUG] [game] [handle_player_move] evaluted to walkable | {"time": "20:25:32.108", "message": "[handle_player_move] evaluted to walkable", "context": {"level": null, "scene": null, "state": null}, "data": {}}
[2026-01-01 20:25:32] [DEBUG] [game] Emitted: 'add_text' data={'display_text': ' ####################'} | {"time": "20:25:32.136", "message": "Emitted: 'add_text' data={'display_text': ' ####################'}", "context": {"level": null, "scene": null, "state": null}, "data": {}}
[2026-01-01 20:25:32] [DEBUG] [game] Dispatch: RenderSystem -> handled 'add_text' | {"time": "20:25:32.136", "message": "Dispatch: RenderSystem -> handled 'add_text'", "context": {"level": null, "scene": null, "state": null}, "data": {}}
[2026-01-01 20:25:32] [DEBUG] [game] Emitted: 'add_text' data={'display_text': ' #                  #'} | {"time": "20:25:32.136", "message": "Emitted: 'add_text' data={'display_text': ' #                  #'}", "context": {"level": null, "scene": null, "state": null}, "data": {}}
[2026-01-01 20:25:32] [DEBUG] [game] Dispatch: RenderSystem -> handled 'add_text' | {"time": "20:25:32.136", "message": "Dispatch: RenderSystem -> handled 'add_text'", "context": {"level": null, "scene": null, "state": null}, "data": {}}
[2026-01-01 20:25:32] [DEBUG] [game] Emitted: 'add_text' data={'display_text': ' #                  #'} | {"time": "20:25:32.136", "message": "Emitted: 'add_text' data={'display_text': ' #                  #'}", "context": {"level": null, "scene": null, "state": null}, "data": {}}
[2026-01-01 20:25:32] [DEBUG] [game] Dispatch: RenderSystem -> handled 'add_text' | {"time": "20:25:32.137", "message": "Dispatch: RenderSystem -> handled 'add_text'", "context": {"level": null, "scene": null, "state": null}, "data": {}}
[2026-01-01 20:25:32] [DEBUG] [game] Emitted: 'add_text' data={'display_text': ' #                  #'} | {"time": "20:25:32.137", "message": "Emitted: 'add_text' data={'display_text': ' #                  #'}", "context": {"level": null, "scene": null, "state": null}, "data": {}}
[2026-01-01 20:25:32] [DEBUG] [game] Dispatch: RenderSystem -> handled 'add_text' | {"time": "20:25:32.137", "message": "Dispatch: RenderSystem -> handled 'add_text'", "context": {"level": null, "scene": null, "state": null}, "data": {}}
[2026-01-01 20:25:32] [DEBUG] [game] Emitted: 'add_text' data={'display_text': ' #                  #'} | {"time": "20:25:32.137", "message": "Emitted: 'add_text' data={'display_text': ' #                  #'}", "context": {"level": null, "scene": null, "state": null}, "data": {}}
[2026-01-01 20:25:32] [DEBUG] [game] Dispatch: RenderSystem -> handled 'add_text' | {"time": "20:25:32.137", "message": "Dispatch: RenderSystem -> handled 'add_text'", "context": {"level": null, "scene": null, "state": null}, "data": {}}
[2026-01-01 20:25:32] [DEBUG] [game] Emitted: 'add_text' data={'display_text': ' #                  #'} | {"time": "20:25:32.137", "message": "Emitted: 'add_text' data={'display_text': ' #                  #'}", "context": {"level": null, "scene": null, "state": null}, "data": {}}
[2026-01-01 20:25:32] [DEBUG] [game] Dispatch: RenderSystem -> handled 'add_text' | {"time": "20:25:32.138", "message": "Dispatch: RenderSystem -> handled 'add_text'", "context": {"level": null, "scene": null, "state": null}, "data": {}}
[2026-01-01 20:25:32] [DEBUG] [game] Emitted: 'add_text' data={'display_text': ' #                  #'} | {"time": "20:25:32.138", "message": "Emitted: 'add_text' data={'display_text': ' #                  #'}", "context": {"level": null, "scene": null, "state": null}, "data": {}}
[2026-01-01 20:25:32] [DEBUG] [game] Dispatch: RenderSystem -> handled 'add_text' | {"time": "20:25:32.138", "message": "Dispatch: RenderSystem -> handled 'add_text'", "context": {"level": null, "scene": null, "state": null}, "data": {}}
[2026-01-01 20:25:32] [DEBUG] [game] Emitted: 'add_text' data={'display_text': ' #        @         #'} | {"time": "20:25:32.138", "message": "Emitted: 'add_text' data={'display_text': ' #        @         #'}", "context": {"level": null, "scene": null, "state": null}, "data": {}}
[2026-01-01 20:25:32] [DEBUG] [game] Dispatch: RenderSystem -> handled 'add_text' | {"time": "20:25:32.138", "message": "Dispatch: RenderSystem -> handled 'add_text'", "context": {"level": null, "scene": null, "state": null}, "data": {}}
[2026-01-01 20:25:32] [DEBUG] [game] Emitted: 'add_text' data={'display_text': ' #                  #'} | {"time": "20:25:32.138", "message": "Emitted: 'add_text' data={'display_text': ' #                  #'}", "context": {"level": null, "scene": null, "state": null}, "data": {}}
[2026-01-01 20:25:32] [DEBUG] [game] Dispatch: RenderSystem -> handled 'add_text' | {"time": "20:25:32.138", "message": "Dispatch: RenderSystem -> handled 'add_text'", "context": {"level": null, "scene": null, "state": null}, "data": {}}
[2026-01-01 20:25:32] [DEBUG] [game] Emitted: 'add_text' data={'display_text': ' #                  #'} | {"time": "20:25:32.139", "message": "Emitted: 'add_text' data={'display_text': ' #                  #'}", "context": {"level": null, "scene": null, "state": null}, "data": {}}
[2026-01-01 20:25:32] [DEBUG] [game] Dispatch: RenderSystem -> handled 'add_text' | {"time": "20:25:32.139", "message": "Dispatch: RenderSystem -> handled 'add_text'", "context": {"level": null, "scene": null, "state": null}, "data": {}}
[2026-01-01 20:25:32] [DEBUG] [game] Emitted: 'add_text' data={'display_text': ' #         $        #'} | {"time": "20:25:32.139", "message": "Emitted: 'add_text' data={'display_text': ' #         $        #'}", "context": {"level": null, "scene": null, "state": null}, "data": {}}
[2026-01-01 20:25:32] [DEBUG] [game] Dispatch: RenderSystem -> handled 'add_text' | {"time": "20:25:32.139", "message": "Dispatch: RenderSystem -> handled 'add_text'", "context": {"level": null, "scene": null, "state": null}, "data": {}}
[2026-01-01 20:25:32] [DEBUG] [game] Emitted: 'add_text' data={'display_text': ' #                  #'} | {"time": "20:25:32.139", "message": "Emitted: 'add_text' data={'display_text': ' #                  #'}", "context": {"level": null, "scene": null, "state": null}, "data": {}}
[2026-01-01 20:25:32] [DEBUG] [game] Dispatch: RenderSystem -> handled 'add_text' | {"time": "20:25:32.139", "message": "Dispatch: RenderSystem -> handled 'add_text'", "context": {"level": null, "scene": null, "state": null}, "data": {}}
[2026-01-01 20:25:32] [DEBUG] [game] Emitted: 'add_text' data={'display_text': ' #                  #'} | {"time": "20:25:32.140", "message": "Emitted: 'add_text' data={'display_text': ' #                  #'}", "context": {"level": null, "scene": null, "state": null}, "data": {}}
[2026-01-01 20:25:32] [DEBUG] [game] Dispatch: RenderSystem -> handled 'add_text' | {"time": "20:25:32.140", "message": "Dispatch: RenderSystem -> handled 'add_text'", "context": {"level": null, "scene": null, "state": null}, "data": {}}
[2026-01-01 20:25:32] [DEBUG] [game] Emitted: 'add_text' data={'display_text': ' #                  #'} | {"time": "20:25:32.140", "message": "Emitted: 'add_text' data={'display_text': ' #                  #'}", "context": {"level": null, "scene": null, "state": null}, "data": {}}
[2026-01-01 20:25:32] [DEBUG] [game] Dispatch: RenderSystem -> handled 'add_text' | {"time": "20:25:32.140", "message": "Dispatch: RenderSystem -> handled 'add_text'", "context": {"level": null, "scene": null, "state": null}, "data": {}}
[2026-01-01 20:25:32] [DEBUG] [game] Emitted: 'add_text' data={'display_text': ' #                  #'} | {"time": "20:25:32.140", "message": "Emitted: 'add_text' data={'display_text': ' #                  #'}", "context": {"level": null, "scene": null, "state": null}, "data": {}}
[2026-01-01 20:25:32] [DEBUG] [game] Dispatch: RenderSystem -> handled 'add_text' | {"time": "20:25:32.140", "message": "Dispatch: RenderSystem -> handled 'add_text'", "context": {"level": null, "scene": null, "state": null}, "data": {}}
[2026-01-01 20:25:32] [DEBUG] [game] Emitted: 'add_text' data={'display_text': ' #                  #'} | {"time": "20:25:32.140", "message": "Emitted: 'add_text' data={'display_text': ' #                  #'}", "context": {"level": null, "scene": null, "state": null}, "data": {}}
[2026-01-01 20:25:32] [DEBUG] [game] Dispatch: RenderSystem -> handled 'add_text' | {"time": "20:25:32.140", "message": "Dispatch: RenderSystem -> handled 'add_text'", "context": {"level": null, "scene": null, "state": null}, "data": {}}
[2026-01-01 20:25:32] [DEBUG] [game] Emitted: 'add_text' data={'display_text': ' #                  #'} | {"time": "20:25:32.141", "message": "Emitted: 'add_text' data={'display_text': ' #                  #'}", "context": {"level": null, "scene": null, "state": null}, "data": {}}
[2026-01-01 20:25:32] [DEBUG] [game] Dispatch: RenderSystem -> handled 'add_text' | {"time": "20:25:32.141", "message": "Dispatch: RenderSystem -> handled 'add_text'", "context": {"level": null, "scene": null, "state": null}, "data": {}}
[2026-01-01 20:25:32] [DEBUG] [game] Emitted: 'add_text' data={'display_text': ' #                  #'} | {"time": "20:25:32.141", "message": "Emitted: 'add_text' data={'display_text': ' #                  #'}", "context": {"level": null, "scene": null, "state": null}, "data": {}}
[2026-01-01 20:25:32] [DEBUG] [game] Dispatch: RenderSystem -> handled 'add_text' | {"time": "20:25:32.141", "message": "Dispatch: RenderSystem -> handled 'add_text'", "context": {"level": null, "scene": null, "state": null}, "data": {}}
[2026-01-01 20:25:32] [DEBUG] [game] Emitted: 'add_text' data={'display_text': ' #                  #'} | {"time": "20:25:32.141", "message": "Emitted: 'add_text' data={'display_text': ' #                  #'}", "context": {"level": null, "scene": null, "state": null}, "data": {}}
[2026-01-01 20:25:32] [DEBUG] [game] Dispatch: RenderSystem -> handled 'add_text' | {"time": "20:25:32.141", "message": "Dispatch: RenderSystem -> handled 'add_text'", "context": {"level": null, "scene": null, "state": null}, "data": {}}
[2026-01-01 20:25:32] [DEBUG] [game] Emitted: 'add_text' data={'display_text': ' ####################'} | {"time": "20:25:32.141", "message": "Emitted: 'add_text' data={'display_text': ' ####################'}", "context": {"level": null, "scene": null, "state": null}, "data": {}}
[2026-01-01 20:25:32] [DEBUG] [game] Dispatch: RenderSystem -> handled 'add_text' | {"time": "20:25:32.142", "message": "Dispatch: RenderSystem -> handled 'add_text'", "context": {"level": null, "scene": null, "state": null}, "data": {}}
[2026-01-01 20:25:32] [DEBUG] [game] Emitted: 'player_input' data={'input': 'd'} | {"time": "20:25:32.142", "message": "Emitted: 'player_input' data={'input': 'd'}", "context": {"level": null, "scene": null, "state": null}, "data": {}}
[2026-01-01 20:25:32] [DEBUG] [game] Emitted: 'dungeon_player_movement' data={'input': 'd'} | {"time": "20:25:32.231", "message": "Emitted: 'dungeon_player_movement' data={'input': 'd'}", "context": {"level": null, "scene": null, "state": null}, "data": {}}
[2026-01-01 20:25:32] [DEBUG] [game] Dispatch: DungeonManager -> handled 'dungeon_player_movement' | {"time": "20:25:32.232", "message": "Dispatch: DungeonManager -> handled 'dungeon_player_movement'", "context": {"level": null, "scene": null, "state": null}, "data": {}}
[2026-01-01 20:25:32] [DEBUG] [game] [handle_player_move] dx=[1], dy=[0], cur_x=[9], cur_y=[7], new_x=[10], new_y=[7] | {"time": "20:25:32.232", "message": "[handle_player_move] dx=[1], dy=[0], cur_x=[9], cur_y=[7], new_x=[10], new_y=[7]", "context": {"level": null, "scene": null, "state": null}, "data": {}}
[2026-01-01 20:25:32] [DEBUG] [game] [handle_player_move] evaluted to walkable | {"time": "20:25:32.232", "message": "[handle_player_move] evaluted to walkable", "context": {"level": null, "scene": null, "state": null}, "data": {}}
[2026-01-01 20:25:32] [DEBUG] [game] Emitted: 'add_text' data={'display_text': ' ####################'} | {"time": "20:25:32.259", "message": "Emitted: 'add_text' data={'display_text': ' ####################'}", "context": {"level": null, "scene": null, "state": null}, "data": {}}
[2026-01-01 20:25:32] [DEBUG] [game] Dispatch: RenderSystem -> handled 'add_text' | {"time": "20:25:32.259", "message": "Dispatch: RenderSystem -> handled 'add_text'", "context": {"level": null, "scene": null, "state": null}, "data": {}}
[2026-01-01 20:25:32] [DEBUG] [game] Emitted: 'add_text' data={'display_text': ' #                  #'} | {"time": "20:25:32.259", "message": "Emitted: 'add_text' data={'display_text': ' #                  #'}", "context": {"level": null, "scene": null, "state": null}, "data": {}}
[2026-01-01 20:25:32] [DEBUG] [game] Dispatch: RenderSystem -> handled 'add_text' | {"time": "20:25:32.259", "message": "Dispatch: RenderSystem -> handled 'add_text'", "context": {"level": null, "scene": null, "state": null}, "data": {}}
[2026-01-01 20:25:32] [DEBUG] [game] Emitted: 'add_text' data={'display_text': ' #                  #'} | {"time": "20:25:32.260", "message": "Emitted: 'add_text' data={'display_text': ' #                  #'}", "context": {"level": null, "scene": null, "state": null}, "data": {}}
[2026-01-01 20:25:32] [DEBUG] [game] Dispatch: RenderSystem -> handled 'add_text' | {"time": "20:25:32.260", "message": "Dispatch: RenderSystem -> handled 'add_text'", "context": {"level": null, "scene": null, "state": null}, "data": {}}
[2026-01-01 20:25:32] [DEBUG] [game] Emitted: 'add_text' data={'display_text': ' #                  #'} | {"time": "20:25:32.260", "message": "Emitted: 'add_text' data={'display_text': ' #                  #'}", "context": {"level": null, "scene": null, "state": null}, "data": {}}
[2026-01-01 20:25:32] [DEBUG] [game] Dispatch: RenderSystem -> handled 'add_text' | {"time": "20:25:32.260", "message": "Dispatch: RenderSystem -> handled 'add_text'", "context": {"level": null, "scene": null, "state": null}, "data": {}}
[2026-01-01 20:25:32] [DEBUG] [game] Emitted: 'add_text' data={'display_text': ' #                  #'} | {"time": "20:25:32.260", "message": "Emitted: 'add_text' data={'display_text': ' #                  #'}", "context": {"level": null, "scene": null, "state": null}, "data": {}}
[2026-01-01 20:25:32] [DEBUG] [game] Dispatch: RenderSystem -> handled 'add_text' | {"time": "20:25:32.260", "message": "Dispatch: RenderSystem -> handled 'add_text'", "context": {"level": null, "scene": null, "state": null}, "data": {}}
[2026-01-01 20:25:32] [DEBUG] [game] Emitted: 'add_text' data={'display_text': ' #                  #'} | {"time": "20:25:32.261", "message": "Emitted: 'add_text' data={'display_text': ' #                  #'}", "context": {"level": null, "scene": null, "state": null}, "data": {}}
[2026-01-01 20:25:32] [DEBUG] [game] Dispatch: RenderSystem -> handled 'add_text' | {"time": "20:25:32.261", "message": "Dispatch: RenderSystem -> handled 'add_text'", "context": {"level": null, "scene": null, "state": null}, "data": {}}
[2026-01-01 20:25:32] [DEBUG] [game] Emitted: 'add_text' data={'display_text': ' #                  #'} | {"time": "20:25:32.261", "message": "Emitted: 'add_text' data={'display_text': ' #                  #'}", "context": {"level": null, "scene": null, "state": null}, "data": {}}
[2026-01-01 20:25:32] [DEBUG] [game] Dispatch: RenderSystem -> handled 'add_text' | {"time": "20:25:32.261", "message": "Dispatch: RenderSystem -> handled 'add_text'", "context": {"level": null, "scene": null, "state": null}, "data": {}}
[2026-01-01 20:25:32] [DEBUG] [game] Emitted: 'add_text' data={'display_text': ' #         @        #'} | {"time": "20:25:32.261", "message": "Emitted: 'add_text' data={'display_text': ' #         @        #'}", "context": {"level": null, "scene": null, "state": null}, "data": {}}
[2026-01-01 20:25:32] [DEBUG] [game] Dispatch: RenderSystem -> handled 'add_text' | {"time": "20:25:32.262", "message": "Dispatch: RenderSystem -> handled 'add_text'", "context": {"level": null, "scene": null, "state": null}, "data": {}}
[2026-01-01 20:25:32] [DEBUG] [game] Emitted: 'add_text' data={'display_text': ' #                  #'} | {"time": "20:25:32.262", "message": "Emitted: 'add_text' data={'display_text': ' #                  #'}", "context": {"level": null, "scene": null, "state": null}, "data": {}}
[2026-01-01 20:25:32] [DEBUG] [game] Dispatch: RenderSystem -> handled 'add_text' | {"time": "20:25:32.262", "message": "Dispatch: RenderSystem -> handled 'add_text'", "context": {"level": null, "scene": null, "state": null}, "data": {}}
[2026-01-01 20:25:32] [DEBUG] [game] Emitted: 'add_text' data={'display_text': ' #                  #'} | {"time": "20:25:32.262", "message": "Emitted: 'add_text' data={'display_text': ' #                  #'}", "context": {"level": null, "scene": null, "state": null}, "data": {}}
[2026-01-01 20:25:32] [DEBUG] [game] Dispatch: RenderSystem -> handled 'add_text' | {"time": "20:25:32.262", "message": "Dispatch: RenderSystem -> handled 'add_text'", "context": {"level": null, "scene": null, "state": null}, "data": {}}
[2026-01-01 20:25:32] [DEBUG] [game] Emitted: 'add_text' data={'display_text': ' #         $        #'} | {"time": "20:25:32.262", "message": "Emitted: 'add_text' data={'display_text': ' #         $        #'}", "context": {"level": null, "scene": null, "state": null}, "data": {}}
[2026-01-01 20:25:32] [DEBUG] [game] Dispatch: RenderSystem -> handled 'add_text' | {"time": "20:25:32.262", "message": "Dispatch: RenderSystem -> handled 'add_text'", "context": {"level": null, "scene": null, "state": null}, "data": {}}
[2026-01-01 20:25:32] [DEBUG] [game] Emitted: 'add_text' data={'display_text': ' #                  #'} | {"time": "20:25:32.263", "message": "Emitted: 'add_text' data={'display_text': ' #                  #'}", "context": {"level": null, "scene": null, "state": null}, "data": {}}
[2026-01-01 20:25:32] [DEBUG] [game] Dispatch: RenderSystem -> handled 'add_text' | {"time": "20:25:32.263", "message": "Dispatch: RenderSystem -> handled 'add_text'", "context": {"level": null, "scene": null, "state": null}, "data": {}}
[2026-01-01 20:25:32] [DEBUG] [game] Emitted: 'add_text' data={'display_text': ' #                  #'} | {"time": "20:25:32.263", "message": "Emitted: 'add_text' data={'display_text': ' #                  #'}", "context": {"level": null, "scene": null, "state": null}, "data": {}}
[2026-01-01 20:25:32] [DEBUG] [game] Dispatch: RenderSystem -> handled 'add_text' | {"time": "20:25:32.263", "message": "Dispatch: RenderSystem -> handled 'add_text'", "context": {"level": null, "scene": null, "state": null}, "data": {}}
[2026-01-01 20:25:32] [DEBUG] [game] Emitted: 'add_text' data={'display_text': ' #                  #'} | {"time": "20:25:32.263", "message": "Emitted: 'add_text' data={'display_text': ' #                  #'}", "context": {"level": null, "scene": null, "state": null}, "data": {}}
[2026-01-01 20:25:32] [DEBUG] [game] Dispatch: RenderSystem -> handled 'add_text' | {"time": "20:25:32.263", "message": "Dispatch: RenderSystem -> handled 'add_text'", "context": {"level": null, "scene": null, "state": null}, "data": {}}
[2026-01-01 20:25:32] [DEBUG] [game] Emitted: 'add_text' data={'display_text': ' #                  #'} | {"time": "20:25:32.264", "message": "Emitted: 'add_text' data={'display_text': ' #                  #'}", "context": {"level": null, "scene": null, "state": null}, "data": {}}
[2026-01-01 20:25:32] [DEBUG] [game] Dispatch: RenderSystem -> handled 'add_text' | {"time": "20:25:32.264", "message": "Dispatch: RenderSystem -> handled 'add_text'", "context": {"level": null, "scene": null, "state": null}, "data": {}}
[2026-01-01 20:25:32] [DEBUG] [game] Emitted: 'add_text' data={'display_text': ' #                  #'} | {"time": "20:25:32.264", "message": "Emitted: 'add_text' data={'display_text': ' #                  #'}", "context": {"level": null, "scene": null, "state": null}, "data": {}}
[2026-01-01 20:25:32] [DEBUG] [game] Dispatch: RenderSystem -> handled 'add_text' | {"time": "20:25:32.264", "message": "Dispatch: RenderSystem -> handled 'add_text'", "context": {"level": null, "scene": null, "state": null}, "data": {}}
[2026-01-01 20:25:32] [DEBUG] [game] Emitted: 'add_text' data={'display_text': ' #                  #'} | {"time": "20:25:32.264", "message": "Emitted: 'add_text' data={'display_text': ' #                  #'}", "context": {"level": null, "scene": null, "state": null}, "data": {}}
[2026-01-01 20:25:32] [DEBUG] [game] Dispatch: RenderSystem -> handled 'add_text' | {"time": "20:25:32.264", "message": "Dispatch: RenderSystem -> handled 'add_text'", "context": {"level": null, "scene": null, "state": null}, "data": {}}
[2026-01-01 20:25:32] [DEBUG] [game] Emitted: 'add_text' data={'display_text': ' #                  #'} | {"time": "20:25:32.264", "message": "Emitted: 'add_text' data={'display_text': ' #                  #'}", "context": {"level": null, "scene": null, "state": null}, "data": {}}
[2026-01-01 20:25:32] [DEBUG] [game] Dispatch: RenderSystem -> handled 'add_text' | {"time": "20:25:32.265", "message": "Dispatch: RenderSystem -> handled 'add_text'", "context": {"level": null, "scene": null, "state": null}, "data": {}}
[2026-01-01 20:25:32] [DEBUG] [game] Emitted: 'add_text' data={'display_text': ' #                  #'} | {"time": "20:25:32.265", "message": "Emitted: 'add_text' data={'display_text': ' #                  #'}", "context": {"level": null, "scene": null, "state": null}, "data": {}}
[2026-01-01 20:25:32] [DEBUG] [game] Dispatch: RenderSystem -> handled 'add_text' | {"time": "20:25:32.265", "message": "Dispatch: RenderSystem -> handled 'add_text'", "context": {"level": null, "scene": null, "state": null}, "data": {}}
[2026-01-01 20:25:32] [DEBUG] [game] Emitted: 'add_text' data={'display_text': ' ####################'} | {"time": "20:25:32.265", "message": "Emitted: 'add_text' data={'display_text': ' ####################'}", "context": {"level": null, "scene": null, "state": null}, "data": {}}
[2026-01-01 20:25:32] [DEBUG] [game] Dispatch: RenderSystem -> handled 'add_text' | {"time": "20:25:32.265", "message": "Dispatch: RenderSystem -> handled 'add_text'", "context": {"level": null, "scene": null, "state": null}, "data": {}}
[2026-01-01 20:25:32] [DEBUG] [game] Emitted: 'player_input' data={'input': 'd'} | {"time": "20:25:32.265", "message": "Emitted: 'player_input' data={'input': 'd'}", "context": {"level": null, "scene": null, "state": null}, "data": {}}
[2026-01-01 20:25:32] [DEBUG] [game] Emitted: 'dungeon_player_movement' data={'input': 's'} | {"time": "20:25:32.271", "message": "Emitted: 'dungeon_player_movement' data={'input': 's'}", "context": {"level": null, "scene": null, "state": null}, "data": {}}
[2026-01-01 20:25:32] [DEBUG] [game] Dispatch: DungeonManager -> handled 'dungeon_player_movement' | {"time": "20:25:32.271", "message": "Dispatch: DungeonManager -> handled 'dungeon_player_movement'", "context": {"level": null, "scene": null, "state": null}, "data": {}}
[2026-01-01 20:25:32] [DEBUG] [game] [handle_player_move] dx=[0], dy=[1], cur_x=[10], cur_y=[7], new_x=[10], new_y=[8] | {"time": "20:25:32.271", "message": "[handle_player_move] dx=[0], dy=[1], cur_x=[10], cur_y=[7], new_x=[10], new_y=[8]", "context": {"level": null, "scene": null, "state": null}, "data": {}}
[2026-01-01 20:25:32] [DEBUG] [game] [handle_player_move] evaluted to walkable | {"time": "20:25:32.271", "message": "[handle_player_move] evaluted to walkable", "context": {"level": null, "scene": null, "state": null}, "data": {}}
[2026-01-01 20:25:32] [DEBUG] [game] Emitted: 'add_text' data={'display_text': ' ####################'} | {"time": "20:25:32.300", "message": "Emitted: 'add_text' data={'display_text': ' ####################'}", "context": {"level": null, "scene": null, "state": null}, "data": {}}
[2026-01-01 20:25:32] [DEBUG] [game] Dispatch: RenderSystem -> handled 'add_text' | {"time": "20:25:32.300", "message": "Dispatch: RenderSystem -> handled 'add_text'", "context": {"level": null, "scene": null, "state": null}, "data": {}}
[2026-01-01 20:25:32] [DEBUG] [game] Emitted: 'add_text' data={'display_text': ' #                  #'} | {"time": "20:25:32.300", "message": "Emitted: 'add_text' data={'display_text': ' #                  #'}", "context": {"level": null, "scene": null, "state": null}, "data": {}}
[2026-01-01 20:25:32] [DEBUG] [game] Dispatch: RenderSystem -> handled 'add_text' | {"time": "20:25:32.300", "message": "Dispatch: RenderSystem -> handled 'add_text'", "context": {"level": null, "scene": null, "state": null}, "data": {}}
[2026-01-01 20:25:32] [DEBUG] [game] Emitted: 'add_text' data={'display_text': ' #                  #'} | {"time": "20:25:32.300", "message": "Emitted: 'add_text' data={'display_text': ' #                  #'}", "context": {"level": null, "scene": null, "state": null}, "data": {}}
[2026-01-01 20:25:32] [DEBUG] [game] Dispatch: RenderSystem -> handled 'add_text' | {"time": "20:25:32.301", "message": "Dispatch: RenderSystem -> handled 'add_text'", "context": {"level": null, "scene": null, "state": null}, "data": {}}
[2026-01-01 20:25:32] [DEBUG] [game] Emitted: 'add_text' data={'display_text': ' #                  #'} | {"time": "20:25:32.301", "message": "Emitted: 'add_text' data={'display_text': ' #                  #'}", "context": {"level": null, "scene": null, "state": null}, "data": {}}
[2026-01-01 20:25:32] [DEBUG] [game] Dispatch: RenderSystem -> handled 'add_text' | {"time": "20:25:32.301", "message": "Dispatch: RenderSystem -> handled 'add_text'", "context": {"level": null, "scene": null, "state": null}, "data": {}}
[2026-01-01 20:25:32] [DEBUG] [game] Emitted: 'add_text' data={'display_text': ' #                  #'} | {"time": "20:25:32.301", "message": "Emitted: 'add_text' data={'display_text': ' #                  #'}", "context": {"level": null, "scene": null, "state": null}, "data": {}}
[2026-01-01 20:25:32] [DEBUG] [game] Dispatch: RenderSystem -> handled 'add_text' | {"time": "20:25:32.301", "message": "Dispatch: RenderSystem -> handled 'add_text'", "context": {"level": null, "scene": null, "state": null}, "data": {}}
[2026-01-01 20:25:32] [DEBUG] [game] Emitted: 'add_text' data={'display_text': ' #                  #'} | {"time": "20:25:32.301", "message": "Emitted: 'add_text' data={'display_text': ' #                  #'}", "context": {"level": null, "scene": null, "state": null}, "data": {}}
[2026-01-01 20:25:32] [DEBUG] [game] Dispatch: RenderSystem -> handled 'add_text' | {"time": "20:25:32.301", "message": "Dispatch: RenderSystem -> handled 'add_text'", "context": {"level": null, "scene": null, "state": null}, "data": {}}
[2026-01-01 20:25:32] [DEBUG] [game] Emitted: 'add_text' data={'display_text': ' #                  #'} | {"time": "20:25:32.302", "message": "Emitted: 'add_text' data={'display_text': ' #                  #'}", "context": {"level": null, "scene": null, "state": null}, "data": {}}
[2026-01-01 20:25:32] [DEBUG] [game] Dispatch: RenderSystem -> handled 'add_text' | {"time": "20:25:32.302", "message": "Dispatch: RenderSystem -> handled 'add_text'", "context": {"level": null, "scene": null, "state": null}, "data": {}}
[2026-01-01 20:25:32] [DEBUG] [game] Emitted: 'add_text' data={'display_text': ' #                  #'} | {"time": "20:25:32.302", "message": "Emitted: 'add_text' data={'display_text': ' #                  #'}", "context": {"level": null, "scene": null, "state": null}, "data": {}}
[2026-01-01 20:25:32] [DEBUG] [game] Dispatch: RenderSystem -> handled 'add_text' | {"time": "20:25:32.302", "message": "Dispatch: RenderSystem -> handled 'add_text'", "context": {"level": null, "scene": null, "state": null}, "data": {}}
[2026-01-01 20:25:32] [DEBUG] [game] Emitted: 'add_text' data={'display_text': ' #         @        #'} | {"time": "20:25:32.302", "message": "Emitted: 'add_text' data={'display_text': ' #         @        #'}", "context": {"level": null, "scene": null, "state": null}, "data": {}}
[2026-01-01 20:25:32] [DEBUG] [game] Dispatch: RenderSystem -> handled 'add_text' | {"time": "20:25:32.302", "message": "Dispatch: RenderSystem -> handled 'add_text'", "context": {"level": null, "scene": null, "state": null}, "data": {}}
[2026-01-01 20:25:32] [DEBUG] [game] Emitted: 'add_text' data={'display_text': ' #                  #'} | {"time": "20:25:32.302", "message": "Emitted: 'add_text' data={'display_text': ' #                  #'}", "context": {"level": null, "scene": null, "state": null}, "data": {}}
[2026-01-01 20:25:32] [DEBUG] [game] Dispatch: RenderSystem -> handled 'add_text' | {"time": "20:25:32.303", "message": "Dispatch: RenderSystem -> handled 'add_text'", "context": {"level": null, "scene": null, "state": null}, "data": {}}
[2026-01-01 20:25:32] [DEBUG] [game] Emitted: 'add_text' data={'display_text': ' #         $        #'} | {"time": "20:25:32.303", "message": "Emitted: 'add_text' data={'display_text': ' #         $        #'}", "context": {"level": null, "scene": null, "state": null}, "data": {}}
[2026-01-01 20:25:32] [DEBUG] [game] Dispatch: RenderSystem -> handled 'add_text' | {"time": "20:25:32.303", "message": "Dispatch: RenderSystem -> handled 'add_text'", "context": {"level": null, "scene": null, "state": null}, "data": {}}
[2026-01-01 20:25:32] [DEBUG] [game] Emitted: 'add_text' data={'display_text': ' #                  #'} | {"time": "20:25:32.303", "message": "Emitted: 'add_text' data={'display_text': ' #                  #'}", "context": {"level": null, "scene": null, "state": null}, "data": {}}
[2026-01-01 20:25:32] [DEBUG] [game] Dispatch: RenderSystem -> handled 'add_text' | {"time": "20:25:32.303", "message": "Dispatch: RenderSystem -> handled 'add_text'", "context": {"level": null, "scene": null, "state": null}, "data": {}}
[2026-01-01 20:25:32] [DEBUG] [game] Emitted: 'add_text' data={'display_text': ' #                  #'} | {"time": "20:25:32.304", "message": "Emitted: 'add_text' data={'display_text': ' #                  #'}", "context": {"level": null, "scene": null, "state": null}, "data": {}}
[2026-01-01 20:25:32] [DEBUG] [game] Dispatch: RenderSystem -> handled 'add_text' | {"time": "20:25:32.304", "message": "Dispatch: RenderSystem -> handled 'add_text'", "context": {"level": null, "scene": null, "state": null}, "data": {}}
[2026-01-01 20:25:32] [DEBUG] [game] Emitted: 'add_text' data={'display_text': ' #                  #'} | {"time": "20:25:32.304", "message": "Emitted: 'add_text' data={'display_text': ' #                  #'}", "context": {"level": null, "scene": null, "state": null}, "data": {}}
[2026-01-01 20:25:32] [DEBUG] [game] Dispatch: RenderSystem -> handled 'add_text' | {"time": "20:25:32.304", "message": "Dispatch: RenderSystem -> handled 'add_text'", "context": {"level": null, "scene": null, "state": null}, "data": {}}
[2026-01-01 20:25:32] [DEBUG] [game] Emitted: 'add_text' data={'display_text': ' #                  #'} | {"time": "20:25:32.304", "message": "Emitted: 'add_text' data={'display_text': ' #                  #'}", "context": {"level": null, "scene": null, "state": null}, "data": {}}
[2026-01-01 20:25:32] [DEBUG] [game] Dispatch: RenderSystem -> handled 'add_text' | {"time": "20:25:32.304", "message": "Dispatch: RenderSystem -> handled 'add_text'", "context": {"level": null, "scene": null, "state": null}, "data": {}}
[2026-01-01 20:25:32] [DEBUG] [game] Emitted: 'add_text' data={'display_text': ' #                  #'} | {"time": "20:25:32.305", "message": "Emitted: 'add_text' data={'display_text': ' #                  #'}", "context": {"level": null, "scene": null, "state": null}, "data": {}}
[2026-01-01 20:25:32] [DEBUG] [game] Dispatch: RenderSystem -> handled 'add_text' | {"time": "20:25:32.305", "message": "Dispatch: RenderSystem -> handled 'add_text'", "context": {"level": null, "scene": null, "state": null}, "data": {}}
[2026-01-01 20:25:32] [DEBUG] [game] Emitted: 'add_text' data={'display_text': ' #                  #'} | {"time": "20:25:32.305", "message": "Emitted: 'add_text' data={'display_text': ' #                  #'}", "context": {"level": null, "scene": null, "state": null}, "data": {}}
[2026-01-01 20:25:32] [DEBUG] [game] Dispatch: RenderSystem -> handled 'add_text' | {"time": "20:25:32.305", "message": "Dispatch: RenderSystem -> handled 'add_text'", "context": {"level": null, "scene": null, "state": null}, "data": {}}
[2026-01-01 20:25:32] [DEBUG] [game] Emitted: 'add_text' data={'display_text': ' #                  #'} | {"time": "20:25:32.305", "message": "Emitted: 'add_text' data={'display_text': ' #                  #'}", "context": {"level": null, "scene": null, "state": null}, "data": {}}
[2026-01-01 20:25:32] [DEBUG] [game] Dispatch: RenderSystem -> handled 'add_text' | {"time": "20:25:32.305", "message": "Dispatch: RenderSystem -> handled 'add_text'", "context": {"level": null, "scene": null, "state": null}, "data": {}}
[2026-01-01 20:25:32] [DEBUG] [game] Emitted: 'add_text' data={'display_text': ' #                  #'} | {"time": "20:25:32.306", "message": "Emitted: 'add_text' data={'display_text': ' #                  #'}", "context": {"level": null, "scene": null, "state": null}, "data": {}}
[2026-01-01 20:25:32] [DEBUG] [game] Dispatch: RenderSystem -> handled 'add_text' | {"time": "20:25:32.306", "message": "Dispatch: RenderSystem -> handled 'add_text'", "context": {"level": null, "scene": null, "state": null}, "data": {}}
[2026-01-01 20:25:32] [DEBUG] [game] Emitted: 'add_text' data={'display_text': ' ####################'} | {"time": "20:25:32.306", "message": "Emitted: 'add_text' data={'display_text': ' ####################'}", "context": {"level": null, "scene": null, "state": null}, "data": {}}
[2026-01-01 20:25:32] [DEBUG] [game] Dispatch: RenderSystem -> handled 'add_text' | {"time": "20:25:32.306", "message": "Dispatch: RenderSystem -> handled 'add_text'", "context": {"level": null, "scene": null, "state": null}, "data": {}}
[2026-01-01 20:25:32] [DEBUG] [game] Emitted: 'player_input' data={'input': 's'} | {"time": "20:25:32.306", "message": "Emitted: 'player_input' data={'input': 's'}", "context": {"level": null, "scene": null, "state": null}, "data": {}}
[2026-01-01 20:25:32] [DEBUG] [game] Emitted: 'dungeon_player_movement' data={'input': 'd'} | {"time": "20:25:32.370", "message": "Emitted: 'dungeon_player_movement' data={'input': 'd'}", "context": {"level": null, "scene": null, "state": null}, "data": {}}
[2026-01-01 20:25:32] [DEBUG] [game] Dispatch: DungeonManager -> handled 'dungeon_player_movement' | {"time": "20:25:32.370", "message": "Dispatch: DungeonManager -> handled 'dungeon_player_movement'", "context": {"level": null, "scene": null, "state": null}, "data": {}}
[2026-01-01 20:25:32] [DEBUG] [game] [handle_player_move] dx=[1], dy=[0], cur_x=[10], cur_y=[8], new_x=[11], new_y=[8] | {"time": "20:25:32.370", "message": "[handle_player_move] dx=[1], dy=[0], cur_x=[10], cur_y=[8], new_x=[11], new_y=[8]", "context": {"level": null, "scene": null, "state": null}, "data": {}}
[2026-01-01 20:25:32] [DEBUG] [game] [handle_player_move] evaluted to walkable | {"time": "20:25:32.370", "message": "[handle_player_move] evaluted to walkable", "context": {"level": null, "scene": null, "state": null}, "data": {}}
[2026-01-01 20:25:32] [DEBUG] [game] Emitted: 'add_text' data={'display_text': ' ####################'} | {"time": "20:25:32.397", "message": "Emitted: 'add_text' data={'display_text': ' ####################'}", "context": {"level": null, "scene": null, "state": null}, "data": {}}
[2026-01-01 20:25:32] [DEBUG] [game] Dispatch: RenderSystem -> handled 'add_text' | {"time": "20:25:32.397", "message": "Dispatch: RenderSystem -> handled 'add_text'", "context": {"level": null, "scene": null, "state": null}, "data": {}}
[2026-01-01 20:25:32] [DEBUG] [game] Emitted: 'add_text' data={'display_text': ' #                  #'} | {"time": "20:25:32.397", "message": "Emitted: 'add_text' data={'display_text': ' #                  #'}", "context": {"level": null, "scene": null, "state": null}, "data": {}}
[2026-01-01 20:25:32] [DEBUG] [game] Dispatch: RenderSystem -> handled 'add_text' | {"time": "20:25:32.397", "message": "Dispatch: RenderSystem -> handled 'add_text'", "context": {"level": null, "scene": null, "state": null}, "data": {}}
[2026-01-01 20:25:32] [DEBUG] [game] Emitted: 'add_text' data={'display_text': ' #                  #'} | {"time": "20:25:32.397", "message": "Emitted: 'add_text' data={'display_text': ' #                  #'}", "context": {"level": null, "scene": null, "state": null}, "data": {}}
[2026-01-01 20:25:32] [DEBUG] [game] Dispatch: RenderSystem -> handled 'add_text' | {"time": "20:25:32.397", "message": "Dispatch: RenderSystem -> handled 'add_text'", "context": {"level": null, "scene": null, "state": null}, "data": {}}
[2026-01-01 20:25:32] [DEBUG] [game] Emitted: 'add_text' data={'display_text': ' #                  #'} | {"time": "20:25:32.398", "message": "Emitted: 'add_text' data={'display_text': ' #                  #'}", "context": {"level": null, "scene": null, "state": null}, "data": {}}
[2026-01-01 20:25:32] [DEBUG] [game] Dispatch: RenderSystem -> handled 'add_text' | {"time": "20:25:32.398", "message": "Dispatch: RenderSystem -> handled 'add_text'", "context": {"level": null, "scene": null, "state": null}, "data": {}}
[2026-01-01 20:25:32] [DEBUG] [game] Emitted: 'add_text' data={'display_text': ' #                  #'} | {"time": "20:25:32.398", "message": "Emitted: 'add_text' data={'display_text': ' #                  #'}", "context": {"level": null, "scene": null, "state": null}, "data": {}}
[2026-01-01 20:25:32] [DEBUG] [game] Dispatch: RenderSystem -> handled 'add_text' | {"time": "20:25:32.398", "message": "Dispatch: RenderSystem -> handled 'add_text'", "context": {"level": null, "scene": null, "state": null}, "data": {}}
[2026-01-01 20:25:32] [DEBUG] [game] Emitted: 'add_text' data={'display_text': ' #                  #'} | {"time": "20:25:32.398", "message": "Emitted: 'add_text' data={'display_text': ' #                  #'}", "context": {"level": null, "scene": null, "state": null}, "data": {}}
[2026-01-01 20:25:32] [DEBUG] [game] Dispatch: RenderSystem -> handled 'add_text' | {"time": "20:25:32.398", "message": "Dispatch: RenderSystem -> handled 'add_text'", "context": {"level": null, "scene": null, "state": null}, "data": {}}
[2026-01-01 20:25:32] [DEBUG] [game] Emitted: 'add_text' data={'display_text': ' #                  #'} | {"time": "20:25:32.399", "message": "Emitted: 'add_text' data={'display_text': ' #                  #'}", "context": {"level": null, "scene": null, "state": null}, "data": {}}
[2026-01-01 20:25:32] [DEBUG] [game] Dispatch: RenderSystem -> handled 'add_text' | {"time": "20:25:32.399", "message": "Dispatch: RenderSystem -> handled 'add_text'", "context": {"level": null, "scene": null, "state": null}, "data": {}}
[2026-01-01 20:25:32] [DEBUG] [game] Emitted: 'add_text' data={'display_text': ' #                  #'} | {"time": "20:25:32.399", "message": "Emitted: 'add_text' data={'display_text': ' #                  #'}", "context": {"level": null, "scene": null, "state": null}, "data": {}}
[2026-01-01 20:25:32] [DEBUG] [game] Dispatch: RenderSystem -> handled 'add_text' | {"time": "20:25:32.399", "message": "Dispatch: RenderSystem -> handled 'add_text'", "context": {"level": null, "scene": null, "state": null}, "data": {}}
[2026-01-01 20:25:32] [DEBUG] [game] Emitted: 'add_text' data={'display_text': ' #          @       #'} | {"time": "20:25:32.399", "message": "Emitted: 'add_text' data={'display_text': ' #          @       #'}", "context": {"level": null, "scene": null, "state": null}, "data": {}}
[2026-01-01 20:25:32] [DEBUG] [game] Dispatch: RenderSystem -> handled 'add_text' | {"time": "20:25:32.399", "message": "Dispatch: RenderSystem -> handled 'add_text'", "context": {"level": null, "scene": null, "state": null}, "data": {}}
[2026-01-01 20:25:32] [DEBUG] [game] Emitted: 'add_text' data={'display_text': ' #                  #'} | {"time": "20:25:32.399", "message": "Emitted: 'add_text' data={'display_text': ' #                  #'}", "context": {"level": null, "scene": null, "state": null}, "data": {}}
[2026-01-01 20:25:32] [DEBUG] [game] Dispatch: RenderSystem -> handled 'add_text' | {"time": "20:25:32.399", "message": "Dispatch: RenderSystem -> handled 'add_text'", "context": {"level": null, "scene": null, "state": null}, "data": {}}
[2026-01-01 20:25:32] [DEBUG] [game] Emitted: 'add_text' data={'display_text': ' #         $        #'} | {"time": "20:25:32.400", "message": "Emitted: 'add_text' data={'display_text': ' #         $        #'}", "context": {"level": null, "scene": null, "state": null}, "data": {}}
[2026-01-01 20:25:32] [DEBUG] [game] Dispatch: RenderSystem -> handled 'add_text' | {"time": "20:25:32.400", "message": "Dispatch: RenderSystem -> handled 'add_text'", "context": {"level": null, "scene": null, "state": null}, "data": {}}
[2026-01-01 20:25:32] [DEBUG] [game] Emitted: 'add_text' data={'display_text': ' #                  #'} | {"time": "20:25:32.400", "message": "Emitted: 'add_text' data={'display_text': ' #                  #'}", "context": {"level": null, "scene": null, "state": null}, "data": {}}
[2026-01-01 20:25:32] [DEBUG] [game] Dispatch: RenderSystem -> handled 'add_text' | {"time": "20:25:32.400", "message": "Dispatch: RenderSystem -> handled 'add_text'", "context": {"level": null, "scene": null, "state": null}, "data": {}}
[2026-01-01 20:25:32] [DEBUG] [game] Emitted: 'add_text' data={'display_text': ' #                  #'} | {"time": "20:25:32.400", "message": "Emitted: 'add_text' data={'display_text': ' #                  #'}", "context": {"level": null, "scene": null, "state": null}, "data": {}}
[2026-01-01 20:25:32] [DEBUG] [game] Dispatch: RenderSystem -> handled 'add_text' | {"time": "20:25:32.400", "message": "Dispatch: RenderSystem -> handled 'add_text'", "context": {"level": null, "scene": null, "state": null}, "data": {}}
[2026-01-01 20:25:32] [DEBUG] [game] Emitted: 'add_text' data={'display_text': ' #                  #'} | {"time": "20:25:32.400", "message": "Emitted: 'add_text' data={'display_text': ' #                  #'}", "context": {"level": null, "scene": null, "state": null}, "data": {}}
[2026-01-01 20:25:32] [DEBUG] [game] Dispatch: RenderSystem -> handled 'add_text' | {"time": "20:25:32.400", "message": "Dispatch: RenderSystem -> handled 'add_text'", "context": {"level": null, "scene": null, "state": null}, "data": {}}
[2026-01-01 20:25:32] [DEBUG] [game] Emitted: 'add_text' data={'display_text': ' #                  #'} | {"time": "20:25:32.400", "message": "Emitted: 'add_text' data={'display_text': ' #                  #'}", "context": {"level": null, "scene": null, "state": null}, "data": {}}
[2026-01-01 20:25:32] [DEBUG] [game] Dispatch: RenderSystem -> handled 'add_text' | {"time": "20:25:32.401", "message": "Dispatch: RenderSystem -> handled 'add_text'", "context": {"level": null, "scene": null, "state": null}, "data": {}}
[2026-01-01 20:25:32] [DEBUG] [game] Emitted: 'add_text' data={'display_text': ' #                  #'} | {"time": "20:25:32.401", "message": "Emitted: 'add_text' data={'display_text': ' #                  #'}", "context": {"level": null, "scene": null, "state": null}, "data": {}}
[2026-01-01 20:25:32] [DEBUG] [game] Dispatch: RenderSystem -> handled 'add_text' | {"time": "20:25:32.401", "message": "Dispatch: RenderSystem -> handled 'add_text'", "context": {"level": null, "scene": null, "state": null}, "data": {}}
[2026-01-01 20:25:32] [DEBUG] [game] Emitted: 'add_text' data={'display_text': ' #                  #'} | {"time": "20:25:32.401", "message": "Emitted: 'add_text' data={'display_text': ' #                  #'}", "context": {"level": null, "scene": null, "state": null}, "data": {}}
[2026-01-01 20:25:32] [DEBUG] [game] Dispatch: RenderSystem -> handled 'add_text' | {"time": "20:25:32.401", "message": "Dispatch: RenderSystem -> handled 'add_text'", "context": {"level": null, "scene": null, "state": null}, "data": {}}
[2026-01-01 20:25:32] [DEBUG] [game] Emitted: 'add_text' data={'display_text': ' #                  #'} | {"time": "20:25:32.401", "message": "Emitted: 'add_text' data={'display_text': ' #                  #'}", "context": {"level": null, "scene": null, "state": null}, "data": {}}
[2026-01-01 20:25:32] [DEBUG] [game] Dispatch: RenderSystem -> handled 'add_text' | {"time": "20:25:32.401", "message": "Dispatch: RenderSystem -> handled 'add_text'", "context": {"level": null, "scene": null, "state": null}, "data": {}}
[2026-01-01 20:25:32] [DEBUG] [game] Emitted: 'add_text' data={'display_text': ' #                  #'} | {"time": "20:25:32.402", "message": "Emitted: 'add_text' data={'display_text': ' #                  #'}", "context": {"level": null, "scene": null, "state": null}, "data": {}}
[2026-01-01 20:25:32] [DEBUG] [game] Dispatch: RenderSystem -> handled 'add_text' | {"time": "20:25:32.402", "message": "Dispatch: RenderSystem -> handled 'add_text'", "context": {"level": null, "scene": null, "state": null}, "data": {}}
[2026-01-01 20:25:32] [DEBUG] [game] Emitted: 'add_text' data={'display_text': ' ####################'} | {"time": "20:25:32.402", "message": "Emitted: 'add_text' data={'display_text': ' ####################'}", "context": {"level": null, "scene": null, "state": null}, "data": {}}
[2026-01-01 20:25:32] [DEBUG] [game] Dispatch: RenderSystem -> handled 'add_text' | {"time": "20:25:32.402", "message": "Dispatch: RenderSystem -> handled 'add_text'", "context": {"level": null, "scene": null, "state": null}, "data": {}}
[2026-01-01 20:25:32] [DEBUG] [game] Emitted: 'player_input' data={'input': 'd'} | {"time": "20:25:32.402", "message": "Emitted: 'player_input' data={'input': 'd'}", "context": {"level": null, "scene": null, "state": null}, "data": {}}
[2026-01-01 20:25:32] [DEBUG] [game] Emitted: 'dungeon_player_movement' data={'input': 's'} | {"time": "20:25:32.438", "message": "Emitted: 'dungeon_player_movement' data={'input': 's'}", "context": {"level": null, "scene": null, "state": null}, "data": {}}
[2026-01-01 20:25:32] [DEBUG] [game] Dispatch: DungeonManager -> handled 'dungeon_player_movement' | {"time": "20:25:32.438", "message": "Dispatch: DungeonManager -> handled 'dungeon_player_movement'", "context": {"level": null, "scene": null, "state": null}, "data": {}}
[2026-01-01 20:25:32] [DEBUG] [game] [handle_player_move] dx=[0], dy=[1], cur_x=[11], cur_y=[8], new_x=[11], new_y=[9] | {"time": "20:25:32.439", "message": "[handle_player_move] dx=[0], dy=[1], cur_x=[11], cur_y=[8], new_x=[11], new_y=[9]", "context": {"level": null, "scene": null, "state": null}, "data": {}}
[2026-01-01 20:25:32] [DEBUG] [game] [handle_player_move] evaluted to walkable | {"time": "20:25:32.439", "message": "[handle_player_move] evaluted to walkable", "context": {"level": null, "scene": null, "state": null}, "data": {}}
[2026-01-01 20:25:32] [DEBUG] [game] Emitted: 'add_text' data={'display_text': ' ####################'} | {"time": "20:25:32.467", "message": "Emitted: 'add_text' data={'display_text': ' ####################'}", "context": {"level": null, "scene": null, "state": null}, "data": {}}
[2026-01-01 20:25:32] [DEBUG] [game] Dispatch: RenderSystem -> handled 'add_text' | {"time": "20:25:32.468", "message": "Dispatch: RenderSystem -> handled 'add_text'", "context": {"level": null, "scene": null, "state": null}, "data": {}}
[2026-01-01 20:25:32] [DEBUG] [game] Emitted: 'add_text' data={'display_text': ' #                  #'} | {"time": "20:25:32.468", "message": "Emitted: 'add_text' data={'display_text': ' #                  #'}", "context": {"level": null, "scene": null, "state": null}, "data": {}}
[2026-01-01 20:25:32] [DEBUG] [game] Dispatch: RenderSystem -> handled 'add_text' | {"time": "20:25:32.468", "message": "Dispatch: RenderSystem -> handled 'add_text'", "context": {"level": null, "scene": null, "state": null}, "data": {}}
[2026-01-01 20:25:32] [DEBUG] [game] Emitted: 'add_text' data={'display_text': ' #                  #'} | {"time": "20:25:32.468", "message": "Emitted: 'add_text' data={'display_text': ' #                  #'}", "context": {"level": null, "scene": null, "state": null}, "data": {}}
[2026-01-01 20:25:32] [DEBUG] [game] Dispatch: RenderSystem -> handled 'add_text' | {"time": "20:25:32.468", "message": "Dispatch: RenderSystem -> handled 'add_text'", "context": {"level": null, "scene": null, "state": null}, "data": {}}
[2026-01-01 20:25:32] [DEBUG] [game] Emitted: 'add_text' data={'display_text': ' #                  #'} | {"time": "20:25:32.468", "message": "Emitted: 'add_text' data={'display_text': ' #                  #'}", "context": {"level": null, "scene": null, "state": null}, "data": {}}
[2026-01-01 20:25:32] [DEBUG] [game] Dispatch: RenderSystem -> handled 'add_text' | {"time": "20:25:32.468", "message": "Dispatch: RenderSystem -> handled 'add_text'", "context": {"level": null, "scene": null, "state": null}, "data": {}}
[2026-01-01 20:25:32] [DEBUG] [game] Emitted: 'add_text' data={'display_text': ' #                  #'} | {"time": "20:25:32.469", "message": "Emitted: 'add_text' data={'display_text': ' #                  #'}", "context": {"level": null, "scene": null, "state": null}, "data": {}}
[2026-01-01 20:25:32] [DEBUG] [game] Dispatch: RenderSystem -> handled 'add_text' | {"time": "20:25:32.469", "message": "Dispatch: RenderSystem -> handled 'add_text'", "context": {"level": null, "scene": null, "state": null}, "data": {}}
[2026-01-01 20:25:32] [DEBUG] [game] Emitted: 'add_text' data={'display_text': ' #                  #'} | {"time": "20:25:32.469", "message": "Emitted: 'add_text' data={'display_text': ' #                  #'}", "context": {"level": null, "scene": null, "state": null}, "data": {}}
[2026-01-01 20:25:32] [DEBUG] [game] Dispatch: RenderSystem -> handled 'add_text' | {"time": "20:25:32.469", "message": "Dispatch: RenderSystem -> handled 'add_text'", "context": {"level": null, "scene": null, "state": null}, "data": {}}
[2026-01-01 20:25:32] [DEBUG] [game] Emitted: 'add_text' data={'display_text': ' #                  #'} | {"time": "20:25:32.469", "message": "Emitted: 'add_text' data={'display_text': ' #                  #'}", "context": {"level": null, "scene": null, "state": null}, "data": {}}
[2026-01-01 20:25:32] [DEBUG] [game] Dispatch: RenderSystem -> handled 'add_text' | {"time": "20:25:32.469", "message": "Dispatch: RenderSystem -> handled 'add_text'", "context": {"level": null, "scene": null, "state": null}, "data": {}}
[2026-01-01 20:25:32] [DEBUG] [game] Emitted: 'add_text' data={'display_text': ' #                  #'} | {"time": "20:25:32.470", "message": "Emitted: 'add_text' data={'display_text': ' #                  #'}", "context": {"level": null, "scene": null, "state": null}, "data": {}}
[2026-01-01 20:25:32] [DEBUG] [game] Dispatch: RenderSystem -> handled 'add_text' | {"time": "20:25:32.470", "message": "Dispatch: RenderSystem -> handled 'add_text'", "context": {"level": null, "scene": null, "state": null}, "data": {}}
[2026-01-01 20:25:32] [DEBUG] [game] Emitted: 'add_text' data={'display_text': ' #                  #'} | {"time": "20:25:32.470", "message": "Emitted: 'add_text' data={'display_text': ' #                  #'}", "context": {"level": null, "scene": null, "state": null}, "data": {}}
[2026-01-01 20:25:32] [DEBUG] [game] Dispatch: RenderSystem -> handled 'add_text' | {"time": "20:25:32.470", "message": "Dispatch: RenderSystem -> handled 'add_text'", "context": {"level": null, "scene": null, "state": null}, "data": {}}
[2026-01-01 20:25:32] [DEBUG] [game] Emitted: 'add_text' data={'display_text': ' #          @       #'} | {"time": "20:25:32.470", "message": "Emitted: 'add_text' data={'display_text': ' #          @       #'}", "context": {"level": null, "scene": null, "state": null}, "data": {}}
[2026-01-01 20:25:32] [DEBUG] [game] Dispatch: RenderSystem -> handled 'add_text' | {"time": "20:25:32.470", "message": "Dispatch: RenderSystem -> handled 'add_text'", "context": {"level": null, "scene": null, "state": null}, "data": {}}
[2026-01-01 20:25:32] [DEBUG] [game] Emitted: 'add_text' data={'display_text': ' #         $        #'} | {"time": "20:25:32.470", "message": "Emitted: 'add_text' data={'display_text': ' #         $        #'}", "context": {"level": null, "scene": null, "state": null}, "data": {}}
[2026-01-01 20:25:32] [DEBUG] [game] Dispatch: RenderSystem -> handled 'add_text' | {"time": "20:25:32.470", "message": "Dispatch: RenderSystem -> handled 'add_text'", "context": {"level": null, "scene": null, "state": null}, "data": {}}
[2026-01-01 20:25:32] [DEBUG] [game] Emitted: 'add_text' data={'display_text': ' #                  #'} | {"time": "20:25:32.471", "message": "Emitted: 'add_text' data={'display_text': ' #                  #'}", "context": {"level": null, "scene": null, "state": null}, "data": {}}
[2026-01-01 20:25:32] [DEBUG] [game] Dispatch: RenderSystem -> handled 'add_text' | {"time": "20:25:32.471", "message": "Dispatch: RenderSystem -> handled 'add_text'", "context": {"level": null, "scene": null, "state": null}, "data": {}}
[2026-01-01 20:25:32] [DEBUG] [game] Emitted: 'add_text' data={'display_text': ' #                  #'} | {"time": "20:25:32.471", "message": "Emitted: 'add_text' data={'display_text': ' #                  #'}", "context": {"level": null, "scene": null, "state": null}, "data": {}}
[2026-01-01 20:25:32] [DEBUG] [game] Dispatch: RenderSystem -> handled 'add_text' | {"time": "20:25:32.471", "message": "Dispatch: RenderSystem -> handled 'add_text'", "context": {"level": null, "scene": null, "state": null}, "data": {}}
[2026-01-01 20:25:32] [DEBUG] [game] Emitted: 'add_text' data={'display_text': ' #                  #'} | {"time": "20:25:32.471", "message": "Emitted: 'add_text' data={'display_text': ' #                  #'}", "context": {"level": null, "scene": null, "state": null}, "data": {}}
[2026-01-01 20:25:32] [DEBUG] [game] Dispatch: RenderSystem -> handled 'add_text' | {"time": "20:25:32.471", "message": "Dispatch: RenderSystem -> handled 'add_text'", "context": {"level": null, "scene": null, "state": null}, "data": {}}
[2026-01-01 20:25:32] [DEBUG] [game] Emitted: 'add_text' data={'display_text': ' #                  #'} | {"time": "20:25:32.472", "message": "Emitted: 'add_text' data={'display_text': ' #                  #'}", "context": {"level": null, "scene": null, "state": null}, "data": {}}
[2026-01-01 20:25:32] [DEBUG] [game] Dispatch: RenderSystem -> handled 'add_text' | {"time": "20:25:32.472", "message": "Dispatch: RenderSystem -> handled 'add_text'", "context": {"level": null, "scene": null, "state": null}, "data": {}}
[2026-01-01 20:25:32] [DEBUG] [game] Emitted: 'add_text' data={'display_text': ' #                  #'} | {"time": "20:25:32.472", "message": "Emitted: 'add_text' data={'display_text': ' #                  #'}", "context": {"level": null, "scene": null, "state": null}, "data": {}}
[2026-01-01 20:25:32] [DEBUG] [game] Dispatch: RenderSystem -> handled 'add_text' | {"time": "20:25:32.472", "message": "Dispatch: RenderSystem -> handled 'add_text'", "context": {"level": null, "scene": null, "state": null}, "data": {}}
[2026-01-01 20:25:32] [DEBUG] [game] Emitted: 'add_text' data={'display_text': ' #                  #'} | {"time": "20:25:32.472", "message": "Emitted: 'add_text' data={'display_text': ' #                  #'}", "context": {"level": null, "scene": null, "state": null}, "data": {}}
[2026-01-01 20:25:32] [DEBUG] [game] Dispatch: RenderSystem -> handled 'add_text' | {"time": "20:25:32.472", "message": "Dispatch: RenderSystem -> handled 'add_text'", "context": {"level": null, "scene": null, "state": null}, "data": {}}
[2026-01-01 20:25:32] [DEBUG] [game] Emitted: 'add_text' data={'display_text': ' #                  #'} | {"time": "20:25:32.472", "message": "Emitted: 'add_text' data={'display_text': ' #                  #'}", "context": {"level": null, "scene": null, "state": null}, "data": {}}
[2026-01-01 20:25:32] [DEBUG] [game] Dispatch: RenderSystem -> handled 'add_text' | {"time": "20:25:32.472", "message": "Dispatch: RenderSystem -> handled 'add_text'", "context": {"level": null, "scene": null, "state": null}, "data": {}}
[2026-01-01 20:25:32] [DEBUG] [game] Emitted: 'add_text' data={'display_text': ' #                  #'} | {"time": "20:25:32.473", "message": "Emitted: 'add_text' data={'display_text': ' #                  #'}", "context": {"level": null, "scene": null, "state": null}, "data": {}}
[2026-01-01 20:25:32] [DEBUG] [game] Dispatch: RenderSystem -> handled 'add_text' | {"time": "20:25:32.473", "message": "Dispatch: RenderSystem -> handled 'add_text'", "context": {"level": null, "scene": null, "state": null}, "data": {}}
[2026-01-01 20:25:32] [DEBUG] [game] Emitted: 'add_text' data={'display_text': ' ####################'} | {"time": "20:25:32.473", "message": "Emitted: 'add_text' data={'display_text': ' ####################'}", "context": {"level": null, "scene": null, "state": null}, "data": {}}
[2026-01-01 20:25:32] [DEBUG] [game] Dispatch: RenderSystem -> handled 'add_text' | {"time": "20:25:32.473", "message": "Dispatch: RenderSystem -> handled 'add_text'", "context": {"level": null, "scene": null, "state": null}, "data": {}}
[2026-01-01 20:25:32] [DEBUG] [game] Emitted: 'player_input' data={'input': 's'} | {"time": "20:25:32.473", "message": "Emitted: 'player_input' data={'input': 's'}", "context": {"level": null, "scene": null, "state": null}, "data": {}}
[2026-01-01 20:25:32] [DEBUG] [game] Emitted: 'dungeon_player_movement' data={'input': 's'} | {"time": "20:25:32.624", "message": "Emitted: 'dungeon_player_movement' data={'input': 's'}", "context": {"level": null, "scene": null, "state": null}, "data": {}}
[2026-01-01 20:25:32] [DEBUG] [game] Dispatch: DungeonManager -> handled 'dungeon_player_movement' | {"time": "20:25:32.624", "message": "Dispatch: DungeonManager -> handled 'dungeon_player_movement'", "context": {"level": null, "scene": null, "state": null}, "data": {}}
[2026-01-01 20:25:32] [DEBUG] [game] [handle_player_move] dx=[0], dy=[1], cur_x=[11], cur_y=[9], new_x=[11], new_y=[10] | {"time": "20:25:32.624", "message": "[handle_player_move] dx=[0], dy=[1], cur_x=[11], cur_y=[9], new_x=[11], new_y=[10]", "context": {"level": null, "scene": null, "state": null}, "data": {}}
[2026-01-01 20:25:32] [DEBUG] [game] [handle_player_move] evaluted to walkable | {"time": "20:25:32.624", "message": "[handle_player_move] evaluted to walkable", "context": {"level": null, "scene": null, "state": null}, "data": {}}
[2026-01-01 20:25:32] [DEBUG] [game] Emitted: 'add_text' data={'display_text': ' ####################'} | {"time": "20:25:32.676", "message": "Emitted: 'add_text' data={'display_text': ' ####################'}", "context": {"level": null, "scene": null, "state": null}, "data": {}}
[2026-01-01 20:25:32] [DEBUG] [game] Dispatch: RenderSystem -> handled 'add_text' | {"time": "20:25:32.676", "message": "Dispatch: RenderSystem -> handled 'add_text'", "context": {"level": null, "scene": null, "state": null}, "data": {}}
[2026-01-01 20:25:32] [DEBUG] [game] Emitted: 'add_text' data={'display_text': ' #                  #'} | {"time": "20:25:32.678", "message": "Emitted: 'add_text' data={'display_text': ' #                  #'}", "context": {"level": null, "scene": null, "state": null}, "data": {}}
[2026-01-01 20:25:32] [DEBUG] [game] Dispatch: RenderSystem -> handled 'add_text' | {"time": "20:25:32.678", "message": "Dispatch: RenderSystem -> handled 'add_text'", "context": {"level": null, "scene": null, "state": null}, "data": {}}
[2026-01-01 20:25:32] [DEBUG] [game] Emitted: 'add_text' data={'display_text': ' #                  #'} | {"time": "20:25:32.678", "message": "Emitted: 'add_text' data={'display_text': ' #                  #'}", "context": {"level": null, "scene": null, "state": null}, "data": {}}
[2026-01-01 20:25:32] [DEBUG] [game] Dispatch: RenderSystem -> handled 'add_text' | {"time": "20:25:32.679", "message": "Dispatch: RenderSystem -> handled 'add_text'", "context": {"level": null, "scene": null, "state": null}, "data": {}}
[2026-01-01 20:25:32] [DEBUG] [game] Emitted: 'add_text' data={'display_text': ' #                  #'} | {"time": "20:25:32.679", "message": "Emitted: 'add_text' data={'display_text': ' #                  #'}", "context": {"level": null, "scene": null, "state": null}, "data": {}}
[2026-01-01 20:25:32] [DEBUG] [game] Dispatch: RenderSystem -> handled 'add_text' | {"time": "20:25:32.679", "message": "Dispatch: RenderSystem -> handled 'add_text'", "context": {"level": null, "scene": null, "state": null}, "data": {}}
[2026-01-01 20:25:32] [DEBUG] [game] Emitted: 'add_text' data={'display_text': ' #                  #'} | {"time": "20:25:32.680", "message": "Emitted: 'add_text' data={'display_text': ' #                  #'}", "context": {"level": null, "scene": null, "state": null}, "data": {}}
[2026-01-01 20:25:32] [DEBUG] [game] Dispatch: RenderSystem -> handled 'add_text' | {"time": "20:25:32.680", "message": "Dispatch: RenderSystem -> handled 'add_text'", "context": {"level": null, "scene": null, "state": null}, "data": {}}
[2026-01-01 20:25:32] [DEBUG] [game] Emitted: 'add_text' data={'display_text': ' #                  #'} | {"time": "20:25:32.680", "message": "Emitted: 'add_text' data={'display_text': ' #                  #'}", "context": {"level": null, "scene": null, "state": null}, "data": {}}
[2026-01-01 20:25:32] [DEBUG] [game] Dispatch: RenderSystem -> handled 'add_text' | {"time": "20:25:32.680", "message": "Dispatch: RenderSystem -> handled 'add_text'", "context": {"level": null, "scene": null, "state": null}, "data": {}}
[2026-01-01 20:25:32] [DEBUG] [game] Emitted: 'add_text' data={'display_text': ' #                  #'} | {"time": "20:25:32.680", "message": "Emitted: 'add_text' data={'display_text': ' #                  #'}", "context": {"level": null, "scene": null, "state": null}, "data": {}}
[2026-01-01 20:25:32] [DEBUG] [game] Dispatch: RenderSystem -> handled 'add_text' | {"time": "20:25:32.680", "message": "Dispatch: RenderSystem -> handled 'add_text'", "context": {"level": null, "scene": null, "state": null}, "data": {}}
[2026-01-01 20:25:32] [DEBUG] [game] Emitted: 'add_text' data={'display_text': ' #                  #'} | {"time": "20:25:32.680", "message": "Emitted: 'add_text' data={'display_text': ' #                  #'}", "context": {"level": null, "scene": null, "state": null}, "data": {}}
[2026-01-01 20:25:32] [DEBUG] [game] Dispatch: RenderSystem -> handled 'add_text' | {"time": "20:25:32.680", "message": "Dispatch: RenderSystem -> handled 'add_text'", "context": {"level": null, "scene": null, "state": null}, "data": {}}
[2026-01-01 20:25:32] [DEBUG] [game] Emitted: 'add_text' data={'display_text': ' #                  #'} | {"time": "20:25:32.680", "message": "Emitted: 'add_text' data={'display_text': ' #                  #'}", "context": {"level": null, "scene": null, "state": null}, "data": {}}
[2026-01-01 20:25:32] [DEBUG] [game] Dispatch: RenderSystem -> handled 'add_text' | {"time": "20:25:32.680", "message": "Dispatch: RenderSystem -> handled 'add_text'", "context": {"level": null, "scene": null, "state": null}, "data": {}}
[2026-01-01 20:25:32] [DEBUG] [game] Emitted: 'add_text' data={'display_text': ' #                  #'} | {"time": "20:25:32.681", "message": "Emitted: 'add_text' data={'display_text': ' #                  #'}", "context": {"level": null, "scene": null, "state": null}, "data": {}}
[2026-01-01 20:25:32] [DEBUG] [game] Dispatch: RenderSystem -> handled 'add_text' | {"time": "20:25:32.681", "message": "Dispatch: RenderSystem -> handled 'add_text'", "context": {"level": null, "scene": null, "state": null}, "data": {}}
[2026-01-01 20:25:32] [DEBUG] [game] Emitted: 'add_text' data={'display_text': ' #         $@       #'} | {"time": "20:25:32.681", "message": "Emitted: 'add_text' data={'display_text': ' #         $@       #'}", "context": {"level": null, "scene": null, "state": null}, "data": {}}
[2026-01-01 20:25:32] [DEBUG] [game] Dispatch: RenderSystem -> handled 'add_text' | {"time": "20:25:32.681", "message": "Dispatch: RenderSystem -> handled 'add_text'", "context": {"level": null, "scene": null, "state": null}, "data": {}}
[2026-01-01 20:25:32] [DEBUG] [game] Emitted: 'add_text' data={'display_text': ' #                  #'} | {"time": "20:25:32.681", "message": "Emitted: 'add_text' data={'display_text': ' #                  #'}", "context": {"level": null, "scene": null, "state": null}, "data": {}}
[2026-01-01 20:25:32] [DEBUG] [game] Dispatch: RenderSystem -> handled 'add_text' | {"time": "20:25:32.681", "message": "Dispatch: RenderSystem -> handled 'add_text'", "context": {"level": null, "scene": null, "state": null}, "data": {}}
[2026-01-01 20:25:32] [DEBUG] [game] Emitted: 'add_text' data={'display_text': ' #                  #'} | {"time": "20:25:32.681", "message": "Emitted: 'add_text' data={'display_text': ' #                  #'}", "context": {"level": null, "scene": null, "state": null}, "data": {}}
[2026-01-01 20:25:32] [DEBUG] [game] Dispatch: RenderSystem -> handled 'add_text' | {"time": "20:25:32.681", "message": "Dispatch: RenderSystem -> handled 'add_text'", "context": {"level": null, "scene": null, "state": null}, "data": {}}
[2026-01-01 20:25:32] [DEBUG] [game] Emitted: 'add_text' data={'display_text': ' #                  #'} | {"time": "20:25:32.681", "message": "Emitted: 'add_text' data={'display_text': ' #                  #'}", "context": {"level": null, "scene": null, "state": null}, "data": {}}
[2026-01-01 20:25:32] [DEBUG] [game] Dispatch: RenderSystem -> handled 'add_text' | {"time": "20:25:32.681", "message": "Dispatch: RenderSystem -> handled 'add_text'", "context": {"level": null, "scene": null, "state": null}, "data": {}}
[2026-01-01 20:25:32] [DEBUG] [game] Emitted: 'add_text' data={'display_text': ' #                  #'} | {"time": "20:25:32.682", "message": "Emitted: 'add_text' data={'display_text': ' #                  #'}", "context": {"level": null, "scene": null, "state": null}, "data": {}}
[2026-01-01 20:25:32] [DEBUG] [game] Dispatch: RenderSystem -> handled 'add_text' | {"time": "20:25:32.682", "message": "Dispatch: RenderSystem -> handled 'add_text'", "context": {"level": null, "scene": null, "state": null}, "data": {}}
[2026-01-01 20:25:32] [DEBUG] [game] Emitted: 'add_text' data={'display_text': ' #                  #'} | {"time": "20:25:32.682", "message": "Emitted: 'add_text' data={'display_text': ' #                  #'}", "context": {"level": null, "scene": null, "state": null}, "data": {}}
[2026-01-01 20:25:32] [DEBUG] [game] Dispatch: RenderSystem -> handled 'add_text' | {"time": "20:25:32.682", "message": "Dispatch: RenderSystem -> handled 'add_text'", "context": {"level": null, "scene": null, "state": null}, "data": {}}
[2026-01-01 20:25:32] [DEBUG] [game] Emitted: 'add_text' data={'display_text': ' #                  #'} | {"time": "20:25:32.682", "message": "Emitted: 'add_text' data={'display_text': ' #                  #'}", "context": {"level": null, "scene": null, "state": null}, "data": {}}
[2026-01-01 20:25:32] [DEBUG] [game] Dispatch: RenderSystem -> handled 'add_text' | {"time": "20:25:32.682", "message": "Dispatch: RenderSystem -> handled 'add_text'", "context": {"level": null, "scene": null, "state": null}, "data": {}}
[2026-01-01 20:25:32] [DEBUG] [game] Emitted: 'add_text' data={'display_text': ' #                  #'} | {"time": "20:25:32.682", "message": "Emitted: 'add_text' data={'display_text': ' #                  #'}", "context": {"level": null, "scene": null, "state": null}, "data": {}}
[2026-01-01 20:25:32] [DEBUG] [game] Dispatch: RenderSystem -> handled 'add_text' | {"time": "20:25:32.682", "message": "Dispatch: RenderSystem -> handled 'add_text'", "context": {"level": null, "scene": null, "state": null}, "data": {}}
[2026-01-01 20:25:32] [DEBUG] [game] Emitted: 'add_text' data={'display_text': ' #                  #'} | {"time": "20:25:32.682", "message": "Emitted: 'add_text' data={'display_text': ' #                  #'}", "context": {"level": null, "scene": null, "state": null}, "data": {}}
[2026-01-01 20:25:32] [DEBUG] [game] Dispatch: RenderSystem -> handled 'add_text' | {"time": "20:25:32.682", "message": "Dispatch: RenderSystem -> handled 'add_text'", "context": {"level": null, "scene": null, "state": null}, "data": {}}
[2026-01-01 20:25:32] [DEBUG] [game] Emitted: 'add_text' data={'display_text': ' ####################'} | {"time": "20:25:32.683", "message": "Emitted: 'add_text' data={'display_text': ' ####################'}", "context": {"level": null, "scene": null, "state": null}, "data": {}}
[2026-01-01 20:25:32] [DEBUG] [game] Dispatch: RenderSystem -> handled 'add_text' | {"time": "20:25:32.683", "message": "Dispatch: RenderSystem -> handled 'add_text'", "context": {"level": null, "scene": null, "state": null}, "data": {}}
[2026-01-01 20:25:32] [DEBUG] [game] Emitted: 'player_input' data={'input': 's'} | {"time": "20:25:32.683", "message": "Emitted: 'player_input' data={'input': 's'}", "context": {"level": null, "scene": null, "state": null}, "data": {}}
[2026-01-01 20:25:33] [DEBUG] [game] Emitted: 'dungeon_player_movement' data={'input': 'a'} | {"time": "20:25:33.008", "message": "Emitted: 'dungeon_player_movement' data={'input': 'a'}", "context": {"level": null, "scene": null, "state": null}, "data": {}}
[2026-01-01 20:25:33] [DEBUG] [game] Dispatch: DungeonManager -> handled 'dungeon_player_movement' | {"time": "20:25:33.009", "message": "Dispatch: DungeonManager -> handled 'dungeon_player_movement'", "context": {"level": null, "scene": null, "state": null}, "data": {}}
[2026-01-01 20:25:33] [DEBUG] [game] [handle_player_move] dx=[-1], dy=[0], cur_x=[11], cur_y=[10], new_x=[10], new_y=[10] | {"time": "20:25:33.009", "message": "[handle_player_move] dx=[-1], dy=[0], cur_x=[11], cur_y=[10], new_x=[10], new_y=[10]", "context": {"level": null, "scene": null, "state": null}, "data": {}}
[2026-01-01 20:25:33] [DEBUG] [game] Emitted: 'enter_dungeon' data={'dungeon_id': 'base:catacombs'} | {"time": "20:25:33.036", "message": "Emitted: 'enter_dungeon' data={'dungeon_id': 'base:catacombs'}", "context": {"level": null, "scene": null, "state": null}, "data": {}}
[2026-01-01 20:25:33] [DEBUG] [game] Dispatch: DungeonManager -> handled 'enter_dungeon' | {"time": "20:25:33.036", "message": "Dispatch: DungeonManager -> handled 'enter_dungeon'", "context": {"level": null, "scene": null, "state": null}, "data": {}}
[2026-01-01 20:25:33] [WARNING] [game] [player_entered] data=[{'dungeon_id': 'base:catacombs'}] | {"time": "20:25:33.036", "message": "[player_entered] data=[{'dungeon_id': 'base:catacombs'}]", "context": {"level": null, "scene": null, "state": null}, "data": {}}
[2026-01-01 20:25:33] [DEBUG] [game] Emitted: 'add_text' data={'display_text': ' ####################'} | {"time": "20:25:33.037", "message": "Emitted: 'add_text' data={'display_text': ' ####################'}", "context": {"level": null, "scene": null, "state": null}, "data": {}}
[2026-01-01 20:25:33] [DEBUG] [game] Dispatch: RenderSystem -> handled 'add_text' | {"time": "20:25:33.037", "message": "Dispatch: RenderSystem -> handled 'add_text'", "context": {"level": null, "scene": null, "state": null}, "data": {}}
[2026-01-01 20:25:33] [DEBUG] [game] Emitted: 'add_text' data={'display_text': ' #@                 #'} | {"time": "20:25:33.037", "message": "Emitted: 'add_text' data={'display_text': ' #@                 #'}", "context": {"level": null, "scene": null, "state": null}, "data": {}}
[2026-01-01 20:25:33] [DEBUG] [game] Dispatch: RenderSystem -> handled 'add_text' | {"time": "20:25:33.037", "message": "Dispatch: RenderSystem -> handled 'add_text'", "context": {"level": null, "scene": null, "state": null}, "data": {}}
[2026-01-01 20:25:33] [DEBUG] [game] Emitted: 'add_text' data={'display_text': ' #                  #'} | {"time": "20:25:33.037", "message": "Emitted: 'add_text' data={'display_text': ' #                  #'}", "context": {"level": null, "scene": null, "state": null}, "data": {}}
[2026-01-01 20:25:33] [DEBUG] [game] Dispatch: RenderSystem -> handled 'add_text' | {"time": "20:25:33.037", "message": "Dispatch: RenderSystem -> handled 'add_text'", "context": {"level": null, "scene": null, "state": null}, "data": {}}
[2026-01-01 20:25:33] [DEBUG] [game] Emitted: 'add_text' data={'display_text': ' #                  #'} | {"time": "20:25:33.037", "message": "Emitted: 'add_text' data={'display_text': ' #                  #'}", "context": {"level": null, "scene": null, "state": null}, "data": {}}
[2026-01-01 20:25:33] [DEBUG] [game] Dispatch: RenderSystem -> handled 'add_text' | {"time": "20:25:33.037", "message": "Dispatch: RenderSystem -> handled 'add_text'", "context": {"level": null, "scene": null, "state": null}, "data": {}}
[2026-01-01 20:25:33] [DEBUG] [game] Emitted: 'add_text' data={'display_text': ' #                  #'} | {"time": "20:25:33.038", "message": "Emitted: 'add_text' data={'display_text': ' #                  #'}", "context": {"level": null, "scene": null, "state": null}, "data": {}}
[2026-01-01 20:25:33] [DEBUG] [game] Dispatch: RenderSystem -> handled 'add_text' | {"time": "20:25:33.038", "message": "Dispatch: RenderSystem -> handled 'add_text'", "context": {"level": null, "scene": null, "state": null}, "data": {}}
[2026-01-01 20:25:33] [DEBUG] [game] Emitted: 'add_text' data={'display_text': ' #                  #'} | {"time": "20:25:33.038", "message": "Emitted: 'add_text' data={'display_text': ' #                  #'}", "context": {"level": null, "scene": null, "state": null}, "data": {}}
[2026-01-01 20:25:33] [DEBUG] [game] Dispatch: RenderSystem -> handled 'add_text' | {"time": "20:25:33.038", "message": "Dispatch: RenderSystem -> handled 'add_text'", "context": {"level": null, "scene": null, "state": null}, "data": {}}
[2026-01-01 20:25:33] [DEBUG] [game] Emitted: 'add_text' data={'display_text': ' #                  #'} | {"time": "20:25:33.038", "message": "Emitted: 'add_text' data={'display_text': ' #                  #'}", "context": {"level": null, "scene": null, "state": null}, "data": {}}
[2026-01-01 20:25:33] [DEBUG] [game] Dispatch: RenderSystem -> handled 'add_text' | {"time": "20:25:33.038", "message": "Dispatch: RenderSystem -> handled 'add_text'", "context": {"level": null, "scene": null, "state": null}, "data": {}}
[2026-01-01 20:25:33] [DEBUG] [game] Emitted: 'add_text' data={'display_text': ' #                  #'} | {"time": "20:25:33.038", "message": "Emitted: 'add_text' data={'display_text': ' #                  #'}", "context": {"level": null, "scene": null, "state": null}, "data": {}}
[2026-01-01 20:25:33] [DEBUG] [game] Dispatch: RenderSystem -> handled 'add_text' | {"time": "20:25:33.038", "message": "Dispatch: RenderSystem -> handled 'add_text'", "context": {"level": null, "scene": null, "state": null}, "data": {}}
[2026-01-01 20:25:33] [DEBUG] [game] Emitted: 'add_text' data={'display_text': ' #                  #'} | {"time": "20:25:33.038", "message": "Emitted: 'add_text' data={'display_text': ' #                  #'}", "context": {"level": null, "scene": null, "state": null}, "data": {}}
[2026-01-01 20:25:33] [DEBUG] [game] Dispatch: RenderSystem -> handled 'add_text' | {"time": "20:25:33.038", "message": "Dispatch: RenderSystem -> handled 'add_text'", "context": {"level": null, "scene": null, "state": null}, "data": {}}
[2026-01-01 20:25:33] [DEBUG] [game] Emitted: 'add_text' data={'display_text': ' #                  #'} | {"time": "20:25:33.038", "message": "Emitted: 'add_text' data={'display_text': ' #                  #'}", "context": {"level": null, "scene": null, "state": null}, "data": {}}
[2026-01-01 20:25:33] [DEBUG] [game] Dispatch: RenderSystem -> handled 'add_text' | {"time": "20:25:33.038", "message": "Dispatch: RenderSystem -> handled 'add_text'", "context": {"level": null, "scene": null, "state": null}, "data": {}}
[2026-01-01 20:25:33] [DEBUG] [game] Emitted: 'add_text' data={'display_text': ' #                  #'} | {"time": "20:25:33.039", "message": "Emitted: 'add_text' data={'display_text': ' #                  #'}", "context": {"level": null, "scene": null, "state": null}, "data": {}}
[2026-01-01 20:25:33] [DEBUG] [game] Dispatch: RenderSystem -> handled 'add_text' | {"time": "20:25:33.039", "message": "Dispatch: RenderSystem -> handled 'add_text'", "context": {"level": null, "scene": null, "state": null}, "data": {}}
[2026-01-01 20:25:33] [DEBUG] [game] Emitted: 'add_text' data={'display_text': ' #                  #'} | {"time": "20:25:33.039", "message": "Emitted: 'add_text' data={'display_text': ' #                  #'}", "context": {"level": null, "scene": null, "state": null}, "data": {}}
[2026-01-01 20:25:33] [DEBUG] [game] Dispatch: RenderSystem -> handled 'add_text' | {"time": "20:25:33.039", "message": "Dispatch: RenderSystem -> handled 'add_text'", "context": {"level": null, "scene": null, "state": null}, "data": {}}
[2026-01-01 20:25:33] [DEBUG] [game] Emitted: 'add_text' data={'display_text': ' #                  #'} | {"time": "20:25:33.039", "message": "Emitted: 'add_text' data={'display_text': ' #                  #'}", "context": {"level": null, "scene": null, "state": null}, "data": {}}
[2026-01-01 20:25:33] [DEBUG] [game] Dispatch: RenderSystem -> handled 'add_text' | {"time": "20:25:33.039", "message": "Dispatch: RenderSystem -> handled 'add_text'", "context": {"level": null, "scene": null, "state": null}, "data": {}}
[2026-01-01 20:25:33] [DEBUG] [game] Emitted: 'add_text' data={'display_text': ' #                  #'} | {"time": "20:25:33.039", "message": "Emitted: 'add_text' data={'display_text': ' #                  #'}", "context": {"level": null, "scene": null, "state": null}, "data": {}}
[2026-01-01 20:25:33] [DEBUG] [game] Dispatch: RenderSystem -> handled 'add_text' | {"time": "20:25:33.039", "message": "Dispatch: RenderSystem -> handled 'add_text'", "context": {"level": null, "scene": null, "state": null}, "data": {}}
[2026-01-01 20:25:33] [DEBUG] [game] Emitted: 'add_text' data={'display_text': ' #                  #'} | {"time": "20:25:33.039", "message": "Emitted: 'add_text' data={'display_text': ' #                  #'}", "context": {"level": null, "scene": null, "state": null}, "data": {}}
[2026-01-01 20:25:33] [DEBUG] [game] Dispatch: RenderSystem -> handled 'add_text' | {"time": "20:25:33.039", "message": "Dispatch: RenderSystem -> handled 'add_text'", "context": {"level": null, "scene": null, "state": null}, "data": {}}
[2026-01-01 20:25:33] [DEBUG] [game] Emitted: 'add_text' data={'display_text': ' #                  #'} | {"time": "20:25:33.039", "message": "Emitted: 'add_text' data={'display_text': ' #                  #'}", "context": {"level": null, "scene": null, "state": null}, "data": {}}
[2026-01-01 20:25:33] [DEBUG] [game] Dispatch: RenderSystem -> handled 'add_text' | {"time": "20:25:33.040", "message": "Dispatch: RenderSystem -> handled 'add_text'", "context": {"level": null, "scene": null, "state": null}, "data": {}}
[2026-01-01 20:25:33] [DEBUG] [game] Emitted: 'add_text' data={'display_text': ' #                  #'} | {"time": "20:25:33.040", "message": "Emitted: 'add_text' data={'display_text': ' #                  #'}", "context": {"level": null, "scene": null, "state": null}, "data": {}}
[2026-01-01 20:25:33] [DEBUG] [game] Dispatch: RenderSystem -> handled 'add_text' | {"time": "20:25:33.040", "message": "Dispatch: RenderSystem -> handled 'add_text'", "context": {"level": null, "scene": null, "state": null}, "data": {}}
[2026-01-01 20:25:33] [DEBUG] [game] Emitted: 'add_text' data={'display_text': ' #                  #'} | {"time": "20:25:33.040", "message": "Emitted: 'add_text' data={'display_text': ' #                  #'}", "context": {"level": null, "scene": null, "state": null}, "data": {}}
[2026-01-01 20:25:33] [DEBUG] [game] Dispatch: RenderSystem -> handled 'add_text' | {"time": "20:25:33.040", "message": "Dispatch: RenderSystem -> handled 'add_text'", "context": {"level": null, "scene": null, "state": null}, "data": {}}
[2026-01-01 20:25:33] [DEBUG] [game] Emitted: 'add_text' data={'display_text': ' #                 $#'} | {"time": "20:25:33.040", "message": "Emitted: 'add_text' data={'display_text': ' #                 $#'}", "context": {"level": null, "scene": null, "state": null}, "data": {}}
[2026-01-01 20:25:33] [DEBUG] [game] Dispatch: RenderSystem -> handled 'add_text' | {"time": "20:25:33.040", "message": "Dispatch: RenderSystem -> handled 'add_text'", "context": {"level": null, "scene": null, "state": null}, "data": {}}
[2026-01-01 20:25:33] [DEBUG] [game] Emitted: 'add_text' data={'display_text': ' ####################'} | {"time": "20:25:33.040", "message": "Emitted: 'add_text' data={'display_text': ' ####################'}", "context": {"level": null, "scene": null, "state": null}, "data": {}}
[2026-01-01 20:25:33] [DEBUG] [game] Dispatch: RenderSystem -> handled 'add_text' | {"time": "20:25:33.040", "message": "Dispatch: RenderSystem -> handled 'add_text'", "context": {"level": null, "scene": null, "state": null}, "data": {}}
[2026-01-01 20:25:33] [DEBUG] [game] Emitted: 'player_input' data={'input': 'a'} | {"time": "20:25:33.040", "message": "Emitted: 'player_input' data={'input': 'a'}", "context": {"level": null, "scene": null, "state": null}, "data": {}}
[2026-01-01 20:25:33] [DEBUG] [game] Emitted: 'dungeon_player_movement' data={'input': 'd'} | {"time": "20:25:33.494", "message": "Emitted: 'dungeon_player_movement' data={'input': 'd'}", "context": {"level": null, "scene": null, "state": null}, "data": {}}
[2026-01-01 20:25:33] [DEBUG] [game] Dispatch: DungeonManager -> handled 'dungeon_player_movement' | {"time": "20:25:33.494", "message": "Dispatch: DungeonManager -> handled 'dungeon_player_movement'", "context": {"level": null, "scene": null, "state": null}, "data": {}}
[2026-01-01 20:25:33] [DEBUG] [game] [handle_player_move] dx=[1], dy=[0], cur_x=[1], cur_y=[1], new_x=[2], new_y=[1] | {"time": "20:25:33.494", "message": "[handle_player_move] dx=[1], dy=[0], cur_x=[1], cur_y=[1], new_x=[2], new_y=[1]", "context": {"level": null, "scene": null, "state": null}, "data": {}}
[2026-01-01 20:25:33] [DEBUG] [game] [handle_player_move] evaluted to walkable | {"time": "20:25:33.494", "message": "[handle_player_move] evaluted to walkable", "context": {"level": null, "scene": null, "state": null}, "data": {}}
[2026-01-01 20:25:33] [DEBUG] [game] Emitted: 'add_text' data={'display_text': ' ####################'} | {"time": "20:25:33.520", "message": "Emitted: 'add_text' data={'display_text': ' ####################'}", "context": {"level": null, "scene": null, "state": null}, "data": {}}
[2026-01-01 20:25:33] [DEBUG] [game] Dispatch: RenderSystem -> handled 'add_text' | {"time": "20:25:33.521", "message": "Dispatch: RenderSystem -> handled 'add_text'", "context": {"level": null, "scene": null, "state": null}, "data": {}}
[2026-01-01 20:25:33] [DEBUG] [game] Emitted: 'add_text' data={'display_text': ' # @                #'} | {"time": "20:25:33.521", "message": "Emitted: 'add_text' data={'display_text': ' # @                #'}", "context": {"level": null, "scene": null, "state": null}, "data": {}}
[2026-01-01 20:25:33] [DEBUG] [game] Dispatch: RenderSystem -> handled 'add_text' | {"time": "20:25:33.521", "message": "Dispatch: RenderSystem -> handled 'add_text'", "context": {"level": null, "scene": null, "state": null}, "data": {}}
[2026-01-01 20:25:33] [DEBUG] [game] Emitted: 'add_text' data={'display_text': ' #                  #'} | {"time": "20:25:33.521", "message": "Emitted: 'add_text' data={'display_text': ' #                  #'}", "context": {"level": null, "scene": null, "state": null}, "data": {}}
[2026-01-01 20:25:33] [DEBUG] [game] Dispatch: RenderSystem -> handled 'add_text' | {"time": "20:25:33.521", "message": "Dispatch: RenderSystem -> handled 'add_text'", "context": {"level": null, "scene": null, "state": null}, "data": {}}
[2026-01-01 20:25:33] [DEBUG] [game] Emitted: 'add_text' data={'display_text': ' #                  #'} | {"time": "20:25:33.521", "message": "Emitted: 'add_text' data={'display_text': ' #                  #'}", "context": {"level": null, "scene": null, "state": null}, "data": {}}
[2026-01-01 20:25:33] [DEBUG] [game] Dispatch: RenderSystem -> handled 'add_text' | {"time": "20:25:33.521", "message": "Dispatch: RenderSystem -> handled 'add_text'", "context": {"level": null, "scene": null, "state": null}, "data": {}}
[2026-01-01 20:25:33] [DEBUG] [game] Emitted: 'add_text' data={'display_text': ' #                  #'} | {"time": "20:25:33.522", "message": "Emitted: 'add_text' data={'display_text': ' #                  #'}", "context": {"level": null, "scene": null, "state": null}, "data": {}}
[2026-01-01 20:25:33] [DEBUG] [game] Dispatch: RenderSystem -> handled 'add_text' | {"time": "20:25:33.522", "message": "Dispatch: RenderSystem -> handled 'add_text'", "context": {"level": null, "scene": null, "state": null}, "data": {}}
[2026-01-01 20:25:33] [DEBUG] [game] Emitted: 'add_text' data={'display_text': ' #                  #'} | {"time": "20:25:33.522", "message": "Emitted: 'add_text' data={'display_text': ' #                  #'}", "context": {"level": null, "scene": null, "state": null}, "data": {}}
[2026-01-01 20:25:33] [DEBUG] [game] Dispatch: RenderSystem -> handled 'add_text' | {"time": "20:25:33.522", "message": "Dispatch: RenderSystem -> handled 'add_text'", "context": {"level": null, "scene": null, "state": null}, "data": {}}
[2026-01-01 20:25:33] [DEBUG] [game] Emitted: 'add_text' data={'display_text': ' #                  #'} | {"time": "20:25:33.522", "message": "Emitted: 'add_text' data={'display_text': ' #                  #'}", "context": {"level": null, "scene": null, "state": null}, "data": {}}
[2026-01-01 20:25:33] [DEBUG] [game] Dispatch: RenderSystem -> handled 'add_text' | {"time": "20:25:33.522", "message": "Dispatch: RenderSystem -> handled 'add_text'", "context": {"level": null, "scene": null, "state": null}, "data": {}}
[2026-01-01 20:25:33] [DEBUG] [game] Emitted: 'add_text' data={'display_text': ' #                  #'} | {"time": "20:25:33.523", "message": "Emitted: 'add_text' data={'display_text': ' #                  #'}", "context": {"level": null, "scene": null, "state": null}, "data": {}}
[2026-01-01 20:25:33] [DEBUG] [game] Dispatch: RenderSystem -> handled 'add_text' | {"time": "20:25:33.523", "message": "Dispatch: RenderSystem -> handled 'add_text'", "context": {"level": null, "scene": null, "state": null}, "data": {}}
[2026-01-01 20:25:33] [DEBUG] [game] Emitted: 'add_text' data={'display_text': ' #                  #'} | {"time": "20:25:33.523", "message": "Emitted: 'add_text' data={'display_text': ' #                  #'}", "context": {"level": null, "scene": null, "state": null}, "data": {}}
[2026-01-01 20:25:33] [DEBUG] [game] Dispatch: RenderSystem -> handled 'add_text' | {"time": "20:25:33.523", "message": "Dispatch: RenderSystem -> handled 'add_text'", "context": {"level": null, "scene": null, "state": null}, "data": {}}
[2026-01-01 20:25:33] [DEBUG] [game] Emitted: 'add_text' data={'display_text': ' #                  #'} | {"time": "20:25:33.523", "message": "Emitted: 'add_text' data={'display_text': ' #                  #'}", "context": {"level": null, "scene": null, "state": null}, "data": {}}
[2026-01-01 20:25:33] [DEBUG] [game] Dispatch: RenderSystem -> handled 'add_text' | {"time": "20:25:33.523", "message": "Dispatch: RenderSystem -> handled 'add_text'", "context": {"level": null, "scene": null, "state": null}, "data": {}}
[2026-01-01 20:25:33] [DEBUG] [game] Emitted: 'add_text' data={'display_text': ' #                  #'} | {"time": "20:25:33.523", "message": "Emitted: 'add_text' data={'display_text': ' #                  #'}", "context": {"level": null, "scene": null, "state": null}, "data": {}}
[2026-01-01 20:25:33] [DEBUG] [game] Dispatch: RenderSystem -> handled 'add_text' | {"time": "20:25:33.524", "message": "Dispatch: RenderSystem -> handled 'add_text'", "context": {"level": null, "scene": null, "state": null}, "data": {}}
[2026-01-01 20:25:33] [DEBUG] [game] Emitted: 'add_text' data={'display_text': ' #                  #'} | {"time": "20:25:33.524", "message": "Emitted: 'add_text' data={'display_text': ' #                  #'}", "context": {"level": null, "scene": null, "state": null}, "data": {}}
[2026-01-01 20:25:33] [DEBUG] [game] Dispatch: RenderSystem -> handled 'add_text' | {"time": "20:25:33.524", "message": "Dispatch: RenderSystem -> handled 'add_text'", "context": {"level": null, "scene": null, "state": null}, "data": {}}
[2026-01-01 20:25:33] [DEBUG] [game] Emitted: 'add_text' data={'display_text': ' #                  #'} | {"time": "20:25:33.524", "message": "Emitted: 'add_text' data={'display_text': ' #                  #'}", "context": {"level": null, "scene": null, "state": null}, "data": {}}
[2026-01-01 20:25:33] [DEBUG] [game] Dispatch: RenderSystem -> handled 'add_text' | {"time": "20:25:33.524", "message": "Dispatch: RenderSystem -> handled 'add_text'", "context": {"level": null, "scene": null, "state": null}, "data": {}}
[2026-01-01 20:25:33] [DEBUG] [game] Emitted: 'add_text' data={'display_text': ' #                  #'} | {"time": "20:25:33.524", "message": "Emitted: 'add_text' data={'display_text': ' #                  #'}", "context": {"level": null, "scene": null, "state": null}, "data": {}}
[2026-01-01 20:25:33] [DEBUG] [game] Dispatch: RenderSystem -> handled 'add_text' | {"time": "20:25:33.524", "message": "Dispatch: RenderSystem -> handled 'add_text'", "context": {"level": null, "scene": null, "state": null}, "data": {}}
[2026-01-01 20:25:33] [DEBUG] [game] Emitted: 'add_text' data={'display_text': ' #                  #'} | {"time": "20:25:33.525", "message": "Emitted: 'add_text' data={'display_text': ' #                  #'}", "context": {"level": null, "scene": null, "state": null}, "data": {}}
[2026-01-01 20:25:33] [DEBUG] [game] Dispatch: RenderSystem -> handled 'add_text' | {"time": "20:25:33.525", "message": "Dispatch: RenderSystem -> handled 'add_text'", "context": {"level": null, "scene": null, "state": null}, "data": {}}
[2026-01-01 20:25:33] [DEBUG] [game] Emitted: 'add_text' data={'display_text': ' #                  #'} | {"time": "20:25:33.525", "message": "Emitted: 'add_text' data={'display_text': ' #                  #'}", "context": {"level": null, "scene": null, "state": null}, "data": {}}
[2026-01-01 20:25:33] [DEBUG] [game] Dispatch: RenderSystem -> handled 'add_text' | {"time": "20:25:33.525", "message": "Dispatch: RenderSystem -> handled 'add_text'", "context": {"level": null, "scene": null, "state": null}, "data": {}}
[2026-01-01 20:25:33] [DEBUG] [game] Emitted: 'add_text' data={'display_text': ' #                  #'} | {"time": "20:25:33.526", "message": "Emitted: 'add_text' data={'display_text': ' #                  #'}", "context": {"level": null, "scene": null, "state": null}, "data": {}}
[2026-01-01 20:25:33] [DEBUG] [game] Dispatch: RenderSystem -> handled 'add_text' | {"time": "20:25:33.526", "message": "Dispatch: RenderSystem -> handled 'add_text'", "context": {"level": null, "scene": null, "state": null}, "data": {}}
[2026-01-01 20:25:33] [DEBUG] [game] Emitted: 'add_text' data={'display_text': ' #                  #'} | {"time": "20:25:33.526", "message": "Emitted: 'add_text' data={'display_text': ' #                  #'}", "context": {"level": null, "scene": null, "state": null}, "data": {}}
[2026-01-01 20:25:33] [DEBUG] [game] Dispatch: RenderSystem -> handled 'add_text' | {"time": "20:25:33.526", "message": "Dispatch: RenderSystem -> handled 'add_text'", "context": {"level": null, "scene": null, "state": null}, "data": {}}
[2026-01-01 20:25:33] [DEBUG] [game] Emitted: 'add_text' data={'display_text': ' #                 $#'} | {"time": "20:25:33.526", "message": "Emitted: 'add_text' data={'display_text': ' #                 $#'}", "context": {"level": null, "scene": null, "state": null}, "data": {}}
[2026-01-01 20:25:33] [DEBUG] [game] Dispatch: RenderSystem -> handled 'add_text' | {"time": "20:25:33.526", "message": "Dispatch: RenderSystem -> handled 'add_text'", "context": {"level": null, "scene": null, "state": null}, "data": {}}
[2026-01-01 20:25:33] [DEBUG] [game] Emitted: 'add_text' data={'display_text': ' ####################'} | {"time": "20:25:33.526", "message": "Emitted: 'add_text' data={'display_text': ' ####################'}", "context": {"level": null, "scene": null, "state": null}, "data": {}}
[2026-01-01 20:25:33] [DEBUG] [game] Dispatch: RenderSystem -> handled 'add_text' | {"time": "20:25:33.527", "message": "Dispatch: RenderSystem -> handled 'add_text'", "context": {"level": null, "scene": null, "state": null}, "data": {}}
[2026-01-01 20:25:33] [DEBUG] [game] Emitted: 'player_input' data={'input': 'd'} | {"time": "20:25:33.527", "message": "Emitted: 'player_input' data={'input': 'd'}", "context": {"level": null, "scene": null, "state": null}, "data": {}}
[2026-01-01 20:25:33] [DEBUG] [game] Emitted: 'dungeon_player_movement' data={'input': 's'} | {"time": "20:25:33.571", "message": "Emitted: 'dungeon_player_movement' data={'input': 's'}", "context": {"level": null, "scene": null, "state": null}, "data": {}}
[2026-01-01 20:25:33] [DEBUG] [game] Dispatch: DungeonManager -> handled 'dungeon_player_movement' | {"time": "20:25:33.572", "message": "Dispatch: DungeonManager -> handled 'dungeon_player_movement'", "context": {"level": null, "scene": null, "state": null}, "data": {}}
[2026-01-01 20:25:33] [DEBUG] [game] [handle_player_move] dx=[0], dy=[1], cur_x=[2], cur_y=[1], new_x=[2], new_y=[2] | {"time": "20:25:33.572", "message": "[handle_player_move] dx=[0], dy=[1], cur_x=[2], cur_y=[1], new_x=[2], new_y=[2]", "context": {"level": null, "scene": null, "state": null}, "data": {}}
[2026-01-01 20:25:33] [DEBUG] [game] [handle_player_move] evaluted to walkable | {"time": "20:25:33.572", "message": "[handle_player_move] evaluted to walkable", "context": {"level": null, "scene": null, "state": null}, "data": {}}
[2026-01-01 20:25:33] [DEBUG] [game] Emitted: 'add_text' data={'display_text': ' ####################'} | {"time": "20:25:33.601", "message": "Emitted: 'add_text' data={'display_text': ' ####################'}", "context": {"level": null, "scene": null, "state": null}, "data": {}}
[2026-01-01 20:25:33] [DEBUG] [game] Dispatch: RenderSystem -> handled 'add_text' | {"time": "20:25:33.601", "message": "Dispatch: RenderSystem -> handled 'add_text'", "context": {"level": null, "scene": null, "state": null}, "data": {}}
[2026-01-01 20:25:33] [DEBUG] [game] Emitted: 'add_text' data={'display_text': ' #                  #'} | {"time": "20:25:33.601", "message": "Emitted: 'add_text' data={'display_text': ' #                  #'}", "context": {"level": null, "scene": null, "state": null}, "data": {}}
[2026-01-01 20:25:33] [DEBUG] [game] Dispatch: RenderSystem -> handled 'add_text' | {"time": "20:25:33.601", "message": "Dispatch: RenderSystem -> handled 'add_text'", "context": {"level": null, "scene": null, "state": null}, "data": {}}
[2026-01-01 20:25:33] [DEBUG] [game] Emitted: 'add_text' data={'display_text': ' # @                #'} | {"time": "20:25:33.602", "message": "Emitted: 'add_text' data={'display_text': ' # @                #'}", "context": {"level": null, "scene": null, "state": null}, "data": {}}
[2026-01-01 20:25:33] [DEBUG] [game] Dispatch: RenderSystem -> handled 'add_text' | {"time": "20:25:33.602", "message": "Dispatch: RenderSystem -> handled 'add_text'", "context": {"level": null, "scene": null, "state": null}, "data": {}}
[2026-01-01 20:25:33] [DEBUG] [game] Emitted: 'add_text' data={'display_text': ' #                  #'} | {"time": "20:25:33.602", "message": "Emitted: 'add_text' data={'display_text': ' #                  #'}", "context": {"level": null, "scene": null, "state": null}, "data": {}}
[2026-01-01 20:25:33] [DEBUG] [game] Dispatch: RenderSystem -> handled 'add_text' | {"time": "20:25:33.602", "message": "Dispatch: RenderSystem -> handled 'add_text'", "context": {"level": null, "scene": null, "state": null}, "data": {}}
[2026-01-01 20:25:33] [DEBUG] [game] Emitted: 'add_text' data={'display_text': ' #                  #'} | {"time": "20:25:33.602", "message": "Emitted: 'add_text' data={'display_text': ' #                  #'}", "context": {"level": null, "scene": null, "state": null}, "data": {}}
[2026-01-01 20:25:33] [DEBUG] [game] Dispatch: RenderSystem -> handled 'add_text' | {"time": "20:25:33.602", "message": "Dispatch: RenderSystem -> handled 'add_text'", "context": {"level": null, "scene": null, "state": null}, "data": {}}
[2026-01-01 20:25:33] [DEBUG] [game] Emitted: 'add_text' data={'display_text': ' #                  #'} | {"time": "20:25:33.602", "message": "Emitted: 'add_text' data={'display_text': ' #                  #'}", "context": {"level": null, "scene": null, "state": null}, "data": {}}
[2026-01-01 20:25:33] [DEBUG] [game] Dispatch: RenderSystem -> handled 'add_text' | {"time": "20:25:33.602", "message": "Dispatch: RenderSystem -> handled 'add_text'", "context": {"level": null, "scene": null, "state": null}, "data": {}}
[2026-01-01 20:25:33] [DEBUG] [game] Emitted: 'add_text' data={'display_text': ' #                  #'} | {"time": "20:25:33.603", "message": "Emitted: 'add_text' data={'display_text': ' #                  #'}", "context": {"level": null, "scene": null, "state": null}, "data": {}}
[2026-01-01 20:25:33] [DEBUG] [game] Dispatch: RenderSystem -> handled 'add_text' | {"time": "20:25:33.603", "message": "Dispatch: RenderSystem -> handled 'add_text'", "context": {"level": null, "scene": null, "state": null}, "data": {}}
[2026-01-01 20:25:33] [DEBUG] [game] Emitted: 'add_text' data={'display_text': ' #                  #'} | {"time": "20:25:33.603", "message": "Emitted: 'add_text' data={'display_text': ' #                  #'}", "context": {"level": null, "scene": null, "state": null}, "data": {}}
[2026-01-01 20:25:33] [DEBUG] [game] Dispatch: RenderSystem -> handled 'add_text' | {"time": "20:25:33.603", "message": "Dispatch: RenderSystem -> handled 'add_text'", "context": {"level": null, "scene": null, "state": null}, "data": {}}
[2026-01-01 20:25:33] [DEBUG] [game] Emitted: 'add_text' data={'display_text': ' #                  #'} | {"time": "20:25:33.603", "message": "Emitted: 'add_text' data={'display_text': ' #                  #'}", "context": {"level": null, "scene": null, "state": null}, "data": {}}
[2026-01-01 20:25:33] [DEBUG] [game] Dispatch: RenderSystem -> handled 'add_text' | {"time": "20:25:33.603", "message": "Dispatch: RenderSystem -> handled 'add_text'", "context": {"level": null, "scene": null, "state": null}, "data": {}}
[2026-01-01 20:25:33] [DEBUG] [game] Emitted: 'add_text' data={'display_text': ' #                  #'} | {"time": "20:25:33.604", "message": "Emitted: 'add_text' data={'display_text': ' #                  #'}", "context": {"level": null, "scene": null, "state": null}, "data": {}}
[2026-01-01 20:25:33] [DEBUG] [game] Dispatch: RenderSystem -> handled 'add_text' | {"time": "20:25:33.604", "message": "Dispatch: RenderSystem -> handled 'add_text'", "context": {"level": null, "scene": null, "state": null}, "data": {}}
[2026-01-01 20:25:33] [DEBUG] [game] Emitted: 'add_text' data={'display_text': ' #                  #'} | {"time": "20:25:33.604", "message": "Emitted: 'add_text' data={'display_text': ' #                  #'}", "context": {"level": null, "scene": null, "state": null}, "data": {}}
[2026-01-01 20:25:33] [DEBUG] [game] Dispatch: RenderSystem -> handled 'add_text' | {"time": "20:25:33.604", "message": "Dispatch: RenderSystem -> handled 'add_text'", "context": {"level": null, "scene": null, "state": null}, "data": {}}
[2026-01-01 20:25:33] [DEBUG] [game] Emitted: 'add_text' data={'display_text': ' #                  #'} | {"time": "20:25:33.604", "message": "Emitted: 'add_text' data={'display_text': ' #                  #'}", "context": {"level": null, "scene": null, "state": null}, "data": {}}
[2026-01-01 20:25:33] [DEBUG] [game] Dispatch: RenderSystem -> handled 'add_text' | {"time": "20:25:33.604", "message": "Dispatch: RenderSystem -> handled 'add_text'", "context": {"level": null, "scene": null, "state": null}, "data": {}}
[2026-01-01 20:25:33] [DEBUG] [game] Emitted: 'add_text' data={'display_text': ' #                  #'} | {"time": "20:25:33.604", "message": "Emitted: 'add_text' data={'display_text': ' #                  #'}", "context": {"level": null, "scene": null, "state": null}, "data": {}}
[2026-01-01 20:25:33] [DEBUG] [game] Dispatch: RenderSystem -> handled 'add_text' | {"time": "20:25:33.604", "message": "Dispatch: RenderSystem -> handled 'add_text'", "context": {"level": null, "scene": null, "state": null}, "data": {}}
[2026-01-01 20:25:33] [DEBUG] [game] Emitted: 'add_text' data={'display_text': ' #                  #'} | {"time": "20:25:33.604", "message": "Emitted: 'add_text' data={'display_text': ' #                  #'}", "context": {"level": null, "scene": null, "state": null}, "data": {}}
[2026-01-01 20:25:33] [DEBUG] [game] Dispatch: RenderSystem -> handled 'add_text' | {"time": "20:25:33.605", "message": "Dispatch: RenderSystem -> handled 'add_text'", "context": {"level": null, "scene": null, "state": null}, "data": {}}
[2026-01-01 20:25:33] [DEBUG] [game] Emitted: 'add_text' data={'display_text': ' #                  #'} | {"time": "20:25:33.605", "message": "Emitted: 'add_text' data={'display_text': ' #                  #'}", "context": {"level": null, "scene": null, "state": null}, "data": {}}
[2026-01-01 20:25:33] [DEBUG] [game] Dispatch: RenderSystem -> handled 'add_text' | {"time": "20:25:33.605", "message": "Dispatch: RenderSystem -> handled 'add_text'", "context": {"level": null, "scene": null, "state": null}, "data": {}}
[2026-01-01 20:25:33] [DEBUG] [game] Emitted: 'add_text' data={'display_text': ' #                  #'} | {"time": "20:25:33.605", "message": "Emitted: 'add_text' data={'display_text': ' #                  #'}", "context": {"level": null, "scene": null, "state": null}, "data": {}}
[2026-01-01 20:25:33] [DEBUG] [game] Dispatch: RenderSystem -> handled 'add_text' | {"time": "20:25:33.605", "message": "Dispatch: RenderSystem -> handled 'add_text'", "context": {"level": null, "scene": null, "state": null}, "data": {}}
[2026-01-01 20:25:33] [DEBUG] [game] Emitted: 'add_text' data={'display_text': ' #                  #'} | {"time": "20:25:33.605", "message": "Emitted: 'add_text' data={'display_text': ' #                  #'}", "context": {"level": null, "scene": null, "state": null}, "data": {}}
[2026-01-01 20:25:33] [DEBUG] [game] Dispatch: RenderSystem -> handled 'add_text' | {"time": "20:25:33.605", "message": "Dispatch: RenderSystem -> handled 'add_text'", "context": {"level": null, "scene": null, "state": null}, "data": {}}
[2026-01-01 20:25:33] [DEBUG] [game] Emitted: 'add_text' data={'display_text': ' #                  #'} | {"time": "20:25:33.605", "message": "Emitted: 'add_text' data={'display_text': ' #                  #'}", "context": {"level": null, "scene": null, "state": null}, "data": {}}
[2026-01-01 20:25:33] [DEBUG] [game] Dispatch: RenderSystem -> handled 'add_text' | {"time": "20:25:33.605", "message": "Dispatch: RenderSystem -> handled 'add_text'", "context": {"level": null, "scene": null, "state": null}, "data": {}}
[2026-01-01 20:25:33] [DEBUG] [game] Emitted: 'add_text' data={'display_text': ' #                 $#'} | {"time": "20:25:33.606", "message": "Emitted: 'add_text' data={'display_text': ' #                 $#'}", "context": {"level": null, "scene": null, "state": null}, "data": {}}
[2026-01-01 20:25:33] [DEBUG] [game] Dispatch: RenderSystem -> handled 'add_text' | {"time": "20:25:33.606", "message": "Dispatch: RenderSystem -> handled 'add_text'", "context": {"level": null, "scene": null, "state": null}, "data": {}}
[2026-01-01 20:25:33] [DEBUG] [game] Emitted: 'add_text' data={'display_text': ' ####################'} | {"time": "20:25:33.606", "message": "Emitted: 'add_text' data={'display_text': ' ####################'}", "context": {"level": null, "scene": null, "state": null}, "data": {}}
[2026-01-01 20:25:33] [DEBUG] [game] Dispatch: RenderSystem -> handled 'add_text' | {"time": "20:25:33.606", "message": "Dispatch: RenderSystem -> handled 'add_text'", "context": {"level": null, "scene": null, "state": null}, "data": {}}
[2026-01-01 20:25:33] [DEBUG] [game] Emitted: 'player_input' data={'input': 's'} | {"time": "20:25:33.606", "message": "Emitted: 'player_input' data={'input': 's'}", "context": {"level": null, "scene": null, "state": null}, "data": {}}
[2026-01-01 20:25:33] [DEBUG] [game] Emitted: 'dungeon_player_movement' data={'input': 'd'} | {"time": "20:25:33.703", "message": "Emitted: 'dungeon_player_movement' data={'input': 'd'}", "context": {"level": null, "scene": null, "state": null}, "data": {}}
[2026-01-01 20:25:33] [DEBUG] [game] Dispatch: DungeonManager -> handled 'dungeon_player_movement' | {"time": "20:25:33.704", "message": "Dispatch: DungeonManager -> handled 'dungeon_player_movement'", "context": {"level": null, "scene": null, "state": null}, "data": {}}
[2026-01-01 20:25:33] [DEBUG] [game] [handle_player_move] dx=[1], dy=[0], cur_x=[2], cur_y=[2], new_x=[3], new_y=[2] | {"time": "20:25:33.704", "message": "[handle_player_move] dx=[1], dy=[0], cur_x=[2], cur_y=[2], new_x=[3], new_y=[2]", "context": {"level": null, "scene": null, "state": null}, "data": {}}
[2026-01-01 20:25:33] [DEBUG] [game] [handle_player_move] evaluted to walkable | {"time": "20:25:33.704", "message": "[handle_player_move] evaluted to walkable", "context": {"level": null, "scene": null, "state": null}, "data": {}}
[2026-01-01 20:25:33] [DEBUG] [game] Emitted: 'add_text' data={'display_text': ' ####################'} | {"time": "20:25:33.733", "message": "Emitted: 'add_text' data={'display_text': ' ####################'}", "context": {"level": null, "scene": null, "state": null}, "data": {}}
[2026-01-01 20:25:33] [DEBUG] [game] Dispatch: RenderSystem -> handled 'add_text' | {"time": "20:25:33.733", "message": "Dispatch: RenderSystem -> handled 'add_text'", "context": {"level": null, "scene": null, "state": null}, "data": {}}
[2026-01-01 20:25:33] [DEBUG] [game] Emitted: 'add_text' data={'display_text': ' #                  #'} | {"time": "20:25:33.733", "message": "Emitted: 'add_text' data={'display_text': ' #                  #'}", "context": {"level": null, "scene": null, "state": null}, "data": {}}
[2026-01-01 20:25:33] [DEBUG] [game] Dispatch: RenderSystem -> handled 'add_text' | {"time": "20:25:33.733", "message": "Dispatch: RenderSystem -> handled 'add_text'", "context": {"level": null, "scene": null, "state": null}, "data": {}}
[2026-01-01 20:25:33] [DEBUG] [game] Emitted: 'add_text' data={'display_text': ' #  @               #'} | {"time": "20:25:33.733", "message": "Emitted: 'add_text' data={'display_text': ' #  @               #'}", "context": {"level": null, "scene": null, "state": null}, "data": {}}
[2026-01-01 20:25:33] [DEBUG] [game] Dispatch: RenderSystem -> handled 'add_text' | {"time": "20:25:33.733", "message": "Dispatch: RenderSystem -> handled 'add_text'", "context": {"level": null, "scene": null, "state": null}, "data": {}}
[2026-01-01 20:25:33] [DEBUG] [game] Emitted: 'add_text' data={'display_text': ' #                  #'} | {"time": "20:25:33.734", "message": "Emitted: 'add_text' data={'display_text': ' #                  #'}", "context": {"level": null, "scene": null, "state": null}, "data": {}}
[2026-01-01 20:25:33] [DEBUG] [game] Dispatch: RenderSystem -> handled 'add_text' | {"time": "20:25:33.734", "message": "Dispatch: RenderSystem -> handled 'add_text'", "context": {"level": null, "scene": null, "state": null}, "data": {}}
[2026-01-01 20:25:33] [DEBUG] [game] Emitted: 'add_text' data={'display_text': ' #                  #'} | {"time": "20:25:33.734", "message": "Emitted: 'add_text' data={'display_text': ' #                  #'}", "context": {"level": null, "scene": null, "state": null}, "data": {}}
[2026-01-01 20:25:33] [DEBUG] [game] Dispatch: RenderSystem -> handled 'add_text' | {"time": "20:25:33.734", "message": "Dispatch: RenderSystem -> handled 'add_text'", "context": {"level": null, "scene": null, "state": null}, "data": {}}
[2026-01-01 20:25:33] [DEBUG] [game] Emitted: 'add_text' data={'display_text': ' #                  #'} | {"time": "20:25:33.734", "message": "Emitted: 'add_text' data={'display_text': ' #                  #'}", "context": {"level": null, "scene": null, "state": null}, "data": {}}
[2026-01-01 20:25:33] [DEBUG] [game] Dispatch: RenderSystem -> handled 'add_text' | {"time": "20:25:33.734", "message": "Dispatch: RenderSystem -> handled 'add_text'", "context": {"level": null, "scene": null, "state": null}, "data": {}}
[2026-01-01 20:25:33] [DEBUG] [game] Emitted: 'add_text' data={'display_text': ' #                  #'} | {"time": "20:25:33.734", "message": "Emitted: 'add_text' data={'display_text': ' #                  #'}", "context": {"level": null, "scene": null, "state": null}, "data": {}}
[2026-01-01 20:25:33] [DEBUG] [game] Dispatch: RenderSystem -> handled 'add_text' | {"time": "20:25:33.735", "message": "Dispatch: RenderSystem -> handled 'add_text'", "context": {"level": null, "scene": null, "state": null}, "data": {}}
[2026-01-01 20:25:33] [DEBUG] [game] Emitted: 'add_text' data={'display_text': ' #                  #'} | {"time": "20:25:33.735", "message": "Emitted: 'add_text' data={'display_text': ' #                  #'}", "context": {"level": null, "scene": null, "state": null}, "data": {}}
[2026-01-01 20:25:33] [DEBUG] [game] Dispatch: RenderSystem -> handled 'add_text' | {"time": "20:25:33.735", "message": "Dispatch: RenderSystem -> handled 'add_text'", "context": {"level": null, "scene": null, "state": null}, "data": {}}
[2026-01-01 20:25:33] [DEBUG] [game] Emitted: 'add_text' data={'display_text': ' #                  #'} | {"time": "20:25:33.735", "message": "Emitted: 'add_text' data={'display_text': ' #                  #'}", "context": {"level": null, "scene": null, "state": null}, "data": {}}
[2026-01-01 20:25:33] [DEBUG] [game] Dispatch: RenderSystem -> handled 'add_text' | {"time": "20:25:33.735", "message": "Dispatch: RenderSystem -> handled 'add_text'", "context": {"level": null, "scene": null, "state": null}, "data": {}}
[2026-01-01 20:25:33] [DEBUG] [game] Emitted: 'add_text' data={'display_text': ' #                  #'} | {"time": "20:25:33.735", "message": "Emitted: 'add_text' data={'display_text': ' #                  #'}", "context": {"level": null, "scene": null, "state": null}, "data": {}}
[2026-01-01 20:25:33] [DEBUG] [game] Dispatch: RenderSystem -> handled 'add_text' | {"time": "20:25:33.735", "message": "Dispatch: RenderSystem -> handled 'add_text'", "context": {"level": null, "scene": null, "state": null}, "data": {}}
[2026-01-01 20:25:33] [DEBUG] [game] Emitted: 'add_text' data={'display_text': ' #                  #'} | {"time": "20:25:33.736", "message": "Emitted: 'add_text' data={'display_text': ' #                  #'}", "context": {"level": null, "scene": null, "state": null}, "data": {}}
[2026-01-01 20:25:33] [DEBUG] [game] Dispatch: RenderSystem -> handled 'add_text' | {"time": "20:25:33.736", "message": "Dispatch: RenderSystem -> handled 'add_text'", "context": {"level": null, "scene": null, "state": null}, "data": {}}
[2026-01-01 20:25:33] [DEBUG] [game] Emitted: 'add_text' data={'display_text': ' #                  #'} | {"time": "20:25:33.736", "message": "Emitted: 'add_text' data={'display_text': ' #                  #'}", "context": {"level": null, "scene": null, "state": null}, "data": {}}
[2026-01-01 20:25:33] [DEBUG] [game] Dispatch: RenderSystem -> handled 'add_text' | {"time": "20:25:33.736", "message": "Dispatch: RenderSystem -> handled 'add_text'", "context": {"level": null, "scene": null, "state": null}, "data": {}}
[2026-01-01 20:25:33] [DEBUG] [game] Emitted: 'add_text' data={'display_text': ' #                  #'} | {"time": "20:25:33.736", "message": "Emitted: 'add_text' data={'display_text': ' #                  #'}", "context": {"level": null, "scene": null, "state": null}, "data": {}}
[2026-01-01 20:25:33] [DEBUG] [game] Dispatch: RenderSystem -> handled 'add_text' | {"time": "20:25:33.736", "message": "Dispatch: RenderSystem -> handled 'add_text'", "context": {"level": null, "scene": null, "state": null}, "data": {}}
[2026-01-01 20:25:33] [DEBUG] [game] Emitted: 'add_text' data={'display_text': ' #                  #'} | {"time": "20:25:33.736", "message": "Emitted: 'add_text' data={'display_text': ' #                  #'}", "context": {"level": null, "scene": null, "state": null}, "data": {}}
[2026-01-01 20:25:33] [DEBUG] [game] Dispatch: RenderSystem -> handled 'add_text' | {"time": "20:25:33.737", "message": "Dispatch: RenderSystem -> handled 'add_text'", "context": {"level": null, "scene": null, "state": null}, "data": {}}
[2026-01-01 20:25:33] [DEBUG] [game] Emitted: 'add_text' data={'display_text': ' #                  #'} | {"time": "20:25:33.737", "message": "Emitted: 'add_text' data={'display_text': ' #                  #'}", "context": {"level": null, "scene": null, "state": null}, "data": {}}
[2026-01-01 20:25:33] [DEBUG] [game] Dispatch: RenderSystem -> handled 'add_text' | {"time": "20:25:33.737", "message": "Dispatch: RenderSystem -> handled 'add_text'", "context": {"level": null, "scene": null, "state": null}, "data": {}}
[2026-01-01 20:25:33] [DEBUG] [game] Emitted: 'add_text' data={'display_text': ' #                  #'} | {"time": "20:25:33.737", "message": "Emitted: 'add_text' data={'display_text': ' #                  #'}", "context": {"level": null, "scene": null, "state": null}, "data": {}}
[2026-01-01 20:25:33] [DEBUG] [game] Dispatch: RenderSystem -> handled 'add_text' | {"time": "20:25:33.737", "message": "Dispatch: RenderSystem -> handled 'add_text'", "context": {"level": null, "scene": null, "state": null}, "data": {}}
[2026-01-01 20:25:33] [DEBUG] [game] Emitted: 'add_text' data={'display_text': ' #                  #'} | {"time": "20:25:33.737", "message": "Emitted: 'add_text' data={'display_text': ' #                  #'}", "context": {"level": null, "scene": null, "state": null}, "data": {}}
[2026-01-01 20:25:33] [DEBUG] [game] Dispatch: RenderSystem -> handled 'add_text' | {"time": "20:25:33.737", "message": "Dispatch: RenderSystem -> handled 'add_text'", "context": {"level": null, "scene": null, "state": null}, "data": {}}
[2026-01-01 20:25:33] [DEBUG] [game] Emitted: 'add_text' data={'display_text': ' #                  #'} | {"time": "20:25:33.737", "message": "Emitted: 'add_text' data={'display_text': ' #                  #'}", "context": {"level": null, "scene": null, "state": null}, "data": {}}
[2026-01-01 20:25:33] [DEBUG] [game] Dispatch: RenderSystem -> handled 'add_text' | {"time": "20:25:33.738", "message": "Dispatch: RenderSystem -> handled 'add_text'", "context": {"level": null, "scene": null, "state": null}, "data": {}}
[2026-01-01 20:25:33] [DEBUG] [game] Emitted: 'add_text' data={'display_text': ' #                 $#'} | {"time": "20:25:33.738", "message": "Emitted: 'add_text' data={'display_text': ' #                 $#'}", "context": {"level": null, "scene": null, "state": null}, "data": {}}
[2026-01-01 20:25:33] [DEBUG] [game] Dispatch: RenderSystem -> handled 'add_text' | {"time": "20:25:33.738", "message": "Dispatch: RenderSystem -> handled 'add_text'", "context": {"level": null, "scene": null, "state": null}, "data": {}}
[2026-01-01 20:25:33] [DEBUG] [game] Emitted: 'add_text' data={'display_text': ' ####################'} | {"time": "20:25:33.738", "message": "Emitted: 'add_text' data={'display_text': ' ####################'}", "context": {"level": null, "scene": null, "state": null}, "data": {}}
[2026-01-01 20:25:33] [DEBUG] [game] Dispatch: RenderSystem -> handled 'add_text' | {"time": "20:25:33.738", "message": "Dispatch: RenderSystem -> handled 'add_text'", "context": {"level": null, "scene": null, "state": null}, "data": {}}
[2026-01-01 20:25:33] [DEBUG] [game] Emitted: 'player_input' data={'input': 'd'} | {"time": "20:25:33.738", "message": "Emitted: 'player_input' data={'input': 'd'}", "context": {"level": null, "scene": null, "state": null}, "data": {}}
[2026-01-01 20:25:33] [DEBUG] [game] Emitted: 'dungeon_player_movement' data={'input': 's'} | {"time": "20:25:33.750", "message": "Emitted: 'dungeon_player_movement' data={'input': 's'}", "context": {"level": null, "scene": null, "state": null}, "data": {}}
[2026-01-01 20:25:33] [DEBUG] [game] Dispatch: DungeonManager -> handled 'dungeon_player_movement' | {"time": "20:25:33.750", "message": "Dispatch: DungeonManager -> handled 'dungeon_player_movement'", "context": {"level": null, "scene": null, "state": null}, "data": {}}
[2026-01-01 20:25:33] [DEBUG] [game] [handle_player_move] dx=[0], dy=[1], cur_x=[3], cur_y=[2], new_x=[3], new_y=[3] | {"time": "20:25:33.751", "message": "[handle_player_move] dx=[0], dy=[1], cur_x=[3], cur_y=[2], new_x=[3], new_y=[3]", "context": {"level": null, "scene": null, "state": null}, "data": {}}
[2026-01-01 20:25:33] [DEBUG] [game] [handle_player_move] evaluted to walkable | {"time": "20:25:33.751", "message": "[handle_player_move] evaluted to walkable", "context": {"level": null, "scene": null, "state": null}, "data": {}}
[2026-01-01 20:25:33] [DEBUG] [game] Emitted: 'add_text' data={'display_text': ' ####################'} | {"time": "20:25:33.779", "message": "Emitted: 'add_text' data={'display_text': ' ####################'}", "context": {"level": null, "scene": null, "state": null}, "data": {}}
[2026-01-01 20:25:33] [DEBUG] [game] Dispatch: RenderSystem -> handled 'add_text' | {"time": "20:25:33.779", "message": "Dispatch: RenderSystem -> handled 'add_text'", "context": {"level": null, "scene": null, "state": null}, "data": {}}
[2026-01-01 20:25:33] [DEBUG] [game] Emitted: 'add_text' data={'display_text': ' #                  #'} | {"time": "20:25:33.779", "message": "Emitted: 'add_text' data={'display_text': ' #                  #'}", "context": {"level": null, "scene": null, "state": null}, "data": {}}
[2026-01-01 20:25:33] [DEBUG] [game] Dispatch: RenderSystem -> handled 'add_text' | {"time": "20:25:33.779", "message": "Dispatch: RenderSystem -> handled 'add_text'", "context": {"level": null, "scene": null, "state": null}, "data": {}}
[2026-01-01 20:25:33] [DEBUG] [game] Emitted: 'add_text' data={'display_text': ' #                  #'} | {"time": "20:25:33.779", "message": "Emitted: 'add_text' data={'display_text': ' #                  #'}", "context": {"level": null, "scene": null, "state": null}, "data": {}}
[2026-01-01 20:25:33] [DEBUG] [game] Dispatch: RenderSystem -> handled 'add_text' | {"time": "20:25:33.779", "message": "Dispatch: RenderSystem -> handled 'add_text'", "context": {"level": null, "scene": null, "state": null}, "data": {}}
[2026-01-01 20:25:33] [DEBUG] [game] Emitted: 'add_text' data={'display_text': ' #  @               #'} | {"time": "20:25:33.780", "message": "Emitted: 'add_text' data={'display_text': ' #  @               #'}", "context": {"level": null, "scene": null, "state": null}, "data": {}}
[2026-01-01 20:25:33] [DEBUG] [game] Dispatch: RenderSystem -> handled 'add_text' | {"time": "20:25:33.780", "message": "Dispatch: RenderSystem -> handled 'add_text'", "context": {"level": null, "scene": null, "state": null}, "data": {}}
[2026-01-01 20:25:33] [DEBUG] [game] Emitted: 'add_text' data={'display_text': ' #                  #'} | {"time": "20:25:33.780", "message": "Emitted: 'add_text' data={'display_text': ' #                  #'}", "context": {"level": null, "scene": null, "state": null}, "data": {}}
[2026-01-01 20:25:33] [DEBUG] [game] Dispatch: RenderSystem -> handled 'add_text' | {"time": "20:25:33.780", "message": "Dispatch: RenderSystem -> handled 'add_text'", "context": {"level": null, "scene": null, "state": null}, "data": {}}
[2026-01-01 20:25:33] [DEBUG] [game] Emitted: 'add_text' data={'display_text': ' #                  #'} | {"time": "20:25:33.780", "message": "Emitted: 'add_text' data={'display_text': ' #                  #'}", "context": {"level": null, "scene": null, "state": null}, "data": {}}
[2026-01-01 20:25:33] [DEBUG] [game] Dispatch: RenderSystem -> handled 'add_text' | {"time": "20:25:33.780", "message": "Dispatch: RenderSystem -> handled 'add_text'", "context": {"level": null, "scene": null, "state": null}, "data": {}}
[2026-01-01 20:25:33] [DEBUG] [game] Emitted: 'add_text' data={'display_text': ' #                  #'} | {"time": "20:25:33.781", "message": "Emitted: 'add_text' data={'display_text': ' #                  #'}", "context": {"level": null, "scene": null, "state": null}, "data": {}}
[2026-01-01 20:25:33] [DEBUG] [game] Dispatch: RenderSystem -> handled 'add_text' | {"time": "20:25:33.781", "message": "Dispatch: RenderSystem -> handled 'add_text'", "context": {"level": null, "scene": null, "state": null}, "data": {}}
[2026-01-01 20:25:33] [DEBUG] [game] Emitted: 'add_text' data={'display_text': ' #                  #'} | {"time": "20:25:33.781", "message": "Emitted: 'add_text' data={'display_text': ' #                  #'}", "context": {"level": null, "scene": null, "state": null}, "data": {}}
[2026-01-01 20:25:33] [DEBUG] [game] Dispatch: RenderSystem -> handled 'add_text' | {"time": "20:25:33.781", "message": "Dispatch: RenderSystem -> handled 'add_text'", "context": {"level": null, "scene": null, "state": null}, "data": {}}
[2026-01-01 20:25:33] [DEBUG] [game] Emitted: 'add_text' data={'display_text': ' #                  #'} | {"time": "20:25:33.781", "message": "Emitted: 'add_text' data={'display_text': ' #                  #'}", "context": {"level": null, "scene": null, "state": null}, "data": {}}
[2026-01-01 20:25:33] [DEBUG] [game] Dispatch: RenderSystem -> handled 'add_text' | {"time": "20:25:33.781", "message": "Dispatch: RenderSystem -> handled 'add_text'", "context": {"level": null, "scene": null, "state": null}, "data": {}}
[2026-01-01 20:25:33] [DEBUG] [game] Emitted: 'add_text' data={'display_text': ' #                  #'} | {"time": "20:25:33.781", "message": "Emitted: 'add_text' data={'display_text': ' #                  #'}", "context": {"level": null, "scene": null, "state": null}, "data": {}}
[2026-01-01 20:25:33] [DEBUG] [game] Dispatch: RenderSystem -> handled 'add_text' | {"time": "20:25:33.781", "message": "Dispatch: RenderSystem -> handled 'add_text'", "context": {"level": null, "scene": null, "state": null}, "data": {}}
[2026-01-01 20:25:33] [DEBUG] [game] Emitted: 'add_text' data={'display_text': ' #                  #'} | {"time": "20:25:33.782", "message": "Emitted: 'add_text' data={'display_text': ' #                  #'}", "context": {"level": null, "scene": null, "state": null}, "data": {}}
[2026-01-01 20:25:33] [DEBUG] [game] Dispatch: RenderSystem -> handled 'add_text' | {"time": "20:25:33.782", "message": "Dispatch: RenderSystem -> handled 'add_text'", "context": {"level": null, "scene": null, "state": null}, "data": {}}
[2026-01-01 20:25:33] [DEBUG] [game] Emitted: 'add_text' data={'display_text': ' #                  #'} | {"time": "20:25:33.782", "message": "Emitted: 'add_text' data={'display_text': ' #                  #'}", "context": {"level": null, "scene": null, "state": null}, "data": {}}
[2026-01-01 20:25:33] [DEBUG] [game] Dispatch: RenderSystem -> handled 'add_text' | {"time": "20:25:33.782", "message": "Dispatch: RenderSystem -> handled 'add_text'", "context": {"level": null, "scene": null, "state": null}, "data": {}}
[2026-01-01 20:25:33] [DEBUG] [game] Emitted: 'add_text' data={'display_text': ' #                  #'} | {"time": "20:25:33.782", "message": "Emitted: 'add_text' data={'display_text': ' #                  #'}", "context": {"level": null, "scene": null, "state": null}, "data": {}}
[2026-01-01 20:25:33] [DEBUG] [game] Dispatch: RenderSystem -> handled 'add_text' | {"time": "20:25:33.782", "message": "Dispatch: RenderSystem -> handled 'add_text'", "context": {"level": null, "scene": null, "state": null}, "data": {}}
[2026-01-01 20:25:33] [DEBUG] [game] Emitted: 'add_text' data={'display_text': ' #                  #'} | {"time": "20:25:33.783", "message": "Emitted: 'add_text' data={'display_text': ' #                  #'}", "context": {"level": null, "scene": null, "state": null}, "data": {}}
[2026-01-01 20:25:33] [DEBUG] [game] Dispatch: RenderSystem -> handled 'add_text' | {"time": "20:25:33.783", "message": "Dispatch: RenderSystem -> handled 'add_text'", "context": {"level": null, "scene": null, "state": null}, "data": {}}
[2026-01-01 20:25:33] [DEBUG] [game] Emitted: 'add_text' data={'display_text': ' #                  #'} | {"time": "20:25:33.783", "message": "Emitted: 'add_text' data={'display_text': ' #                  #'}", "context": {"level": null, "scene": null, "state": null}, "data": {}}
[2026-01-01 20:25:33] [DEBUG] [game] Dispatch: RenderSystem -> handled 'add_text' | {"time": "20:25:33.783", "message": "Dispatch: RenderSystem -> handled 'add_text'", "context": {"level": null, "scene": null, "state": null}, "data": {}}
[2026-01-01 20:25:33] [DEBUG] [game] Emitted: 'add_text' data={'display_text': ' #                  #'} | {"time": "20:25:33.783", "message": "Emitted: 'add_text' data={'display_text': ' #                  #'}", "context": {"level": null, "scene": null, "state": null}, "data": {}}
[2026-01-01 20:25:33] [DEBUG] [game] Dispatch: RenderSystem -> handled 'add_text' | {"time": "20:25:33.783", "message": "Dispatch: RenderSystem -> handled 'add_text'", "context": {"level": null, "scene": null, "state": null}, "data": {}}
[2026-01-01 20:25:33] [DEBUG] [game] Emitted: 'add_text' data={'display_text': ' #                  #'} | {"time": "20:25:33.783", "message": "Emitted: 'add_text' data={'display_text': ' #                  #'}", "context": {"level": null, "scene": null, "state": null}, "data": {}}
[2026-01-01 20:25:33] [DEBUG] [game] Dispatch: RenderSystem -> handled 'add_text' | {"time": "20:25:33.784", "message": "Dispatch: RenderSystem -> handled 'add_text'", "context": {"level": null, "scene": null, "state": null}, "data": {}}
[2026-01-01 20:25:33] [DEBUG] [game] Emitted: 'add_text' data={'display_text': ' #                  #'} | {"time": "20:25:33.784", "message": "Emitted: 'add_text' data={'display_text': ' #                  #'}", "context": {"level": null, "scene": null, "state": null}, "data": {}}
[2026-01-01 20:25:33] [DEBUG] [game] Dispatch: RenderSystem -> handled 'add_text' | {"time": "20:25:33.784", "message": "Dispatch: RenderSystem -> handled 'add_text'", "context": {"level": null, "scene": null, "state": null}, "data": {}}
[2026-01-01 20:25:33] [DEBUG] [game] Emitted: 'add_text' data={'display_text': ' #                 $#'} | {"time": "20:25:33.784", "message": "Emitted: 'add_text' data={'display_text': ' #                 $#'}", "context": {"level": null, "scene": null, "state": null}, "data": {}}
[2026-01-01 20:25:33] [DEBUG] [game] Dispatch: RenderSystem -> handled 'add_text' | {"time": "20:25:33.784", "message": "Dispatch: RenderSystem -> handled 'add_text'", "context": {"level": null, "scene": null, "state": null}, "data": {}}
[2026-01-01 20:25:33] [DEBUG] [game] Emitted: 'add_text' data={'display_text': ' ####################'} | {"time": "20:25:33.784", "message": "Emitted: 'add_text' data={'display_text': ' ####################'}", "context": {"level": null, "scene": null, "state": null}, "data": {}}
[2026-01-01 20:25:33] [DEBUG] [game] Dispatch: RenderSystem -> handled 'add_text' | {"time": "20:25:33.784", "message": "Dispatch: RenderSystem -> handled 'add_text'", "context": {"level": null, "scene": null, "state": null}, "data": {}}
[2026-01-01 20:25:33] [DEBUG] [game] Emitted: 'player_input' data={'input': 's'} | {"time": "20:25:33.785", "message": "Emitted: 'player_input' data={'input': 's'}", "context": {"level": null, "scene": null, "state": null}, "data": {}}
[2026-01-01 20:25:33] [DEBUG] [game] Emitted: 'dungeon_player_movement' data={'input': 's'} | {"time": "20:25:33.885", "message": "Emitted: 'dungeon_player_movement' data={'input': 's'}", "context": {"level": null, "scene": null, "state": null}, "data": {}}
[2026-01-01 20:25:33] [DEBUG] [game] Dispatch: DungeonManager -> handled 'dungeon_player_movement' | {"time": "20:25:33.885", "message": "Dispatch: DungeonManager -> handled 'dungeon_player_movement'", "context": {"level": null, "scene": null, "state": null}, "data": {}}
[2026-01-01 20:25:33] [DEBUG] [game] [handle_player_move] dx=[0], dy=[1], cur_x=[3], cur_y=[3], new_x=[3], new_y=[4] | {"time": "20:25:33.885", "message": "[handle_player_move] dx=[0], dy=[1], cur_x=[3], cur_y=[3], new_x=[3], new_y=[4]", "context": {"level": null, "scene": null, "state": null}, "data": {}}
[2026-01-01 20:25:33] [DEBUG] [game] [handle_player_move] evaluted to walkable | {"time": "20:25:33.886", "message": "[handle_player_move] evaluted to walkable", "context": {"level": null, "scene": null, "state": null}, "data": {}}
[2026-01-01 20:25:33] [DEBUG] [game] Emitted: 'add_text' data={'display_text': ' ####################'} | {"time": "20:25:33.914", "message": "Emitted: 'add_text' data={'display_text': ' ####################'}", "context": {"level": null, "scene": null, "state": null}, "data": {}}
[2026-01-01 20:25:33] [DEBUG] [game] Dispatch: RenderSystem -> handled 'add_text' | {"time": "20:25:33.914", "message": "Dispatch: RenderSystem -> handled 'add_text'", "context": {"level": null, "scene": null, "state": null}, "data": {}}
[2026-01-01 20:25:33] [DEBUG] [game] Emitted: 'add_text' data={'display_text': ' #                  #'} | {"time": "20:25:33.914", "message": "Emitted: 'add_text' data={'display_text': ' #                  #'}", "context": {"level": null, "scene": null, "state": null}, "data": {}}
[2026-01-01 20:25:33] [DEBUG] [game] Dispatch: RenderSystem -> handled 'add_text' | {"time": "20:25:33.914", "message": "Dispatch: RenderSystem -> handled 'add_text'", "context": {"level": null, "scene": null, "state": null}, "data": {}}
[2026-01-01 20:25:33] [DEBUG] [game] Emitted: 'add_text' data={'display_text': ' #                  #'} | {"time": "20:25:33.914", "message": "Emitted: 'add_text' data={'display_text': ' #                  #'}", "context": {"level": null, "scene": null, "state": null}, "data": {}}
[2026-01-01 20:25:33] [DEBUG] [game] Dispatch: RenderSystem -> handled 'add_text' | {"time": "20:25:33.914", "message": "Dispatch: RenderSystem -> handled 'add_text'", "context": {"level": null, "scene": null, "state": null}, "data": {}}
[2026-01-01 20:25:33] [DEBUG] [game] Emitted: 'add_text' data={'display_text': ' #                  #'} | {"time": "20:25:33.915", "message": "Emitted: 'add_text' data={'display_text': ' #                  #'}", "context": {"level": null, "scene": null, "state": null}, "data": {}}
[2026-01-01 20:25:33] [DEBUG] [game] Dispatch: RenderSystem -> handled 'add_text' | {"time": "20:25:33.915", "message": "Dispatch: RenderSystem -> handled 'add_text'", "context": {"level": null, "scene": null, "state": null}, "data": {}}
[2026-01-01 20:25:33] [DEBUG] [game] Emitted: 'add_text' data={'display_text': ' #  @               #'} | {"time": "20:25:33.915", "message": "Emitted: 'add_text' data={'display_text': ' #  @               #'}", "context": {"level": null, "scene": null, "state": null}, "data": {}}
[2026-01-01 20:25:33] [DEBUG] [game] Dispatch: RenderSystem -> handled 'add_text' | {"time": "20:25:33.915", "message": "Dispatch: RenderSystem -> handled 'add_text'", "context": {"level": null, "scene": null, "state": null}, "data": {}}
[2026-01-01 20:25:33] [DEBUG] [game] Emitted: 'add_text' data={'display_text': ' #                  #'} | {"time": "20:25:33.915", "message": "Emitted: 'add_text' data={'display_text': ' #                  #'}", "context": {"level": null, "scene": null, "state": null}, "data": {}}
[2026-01-01 20:25:33] [DEBUG] [game] Dispatch: RenderSystem -> handled 'add_text' | {"time": "20:25:33.915", "message": "Dispatch: RenderSystem -> handled 'add_text'", "context": {"level": null, "scene": null, "state": null}, "data": {}}
[2026-01-01 20:25:33] [DEBUG] [game] Emitted: 'add_text' data={'display_text': ' #                  #'} | {"time": "20:25:33.915", "message": "Emitted: 'add_text' data={'display_text': ' #                  #'}", "context": {"level": null, "scene": null, "state": null}, "data": {}}
[2026-01-01 20:25:33] [DEBUG] [game] Dispatch: RenderSystem -> handled 'add_text' | {"time": "20:25:33.915", "message": "Dispatch: RenderSystem -> handled 'add_text'", "context": {"level": null, "scene": null, "state": null}, "data": {}}
[2026-01-01 20:25:33] [DEBUG] [game] Emitted: 'add_text' data={'display_text': ' #                  #'} | {"time": "20:25:33.916", "message": "Emitted: 'add_text' data={'display_text': ' #                  #'}", "context": {"level": null, "scene": null, "state": null}, "data": {}}
[2026-01-01 20:25:33] [DEBUG] [game] Dispatch: RenderSystem -> handled 'add_text' | {"time": "20:25:33.916", "message": "Dispatch: RenderSystem -> handled 'add_text'", "context": {"level": null, "scene": null, "state": null}, "data": {}}
[2026-01-01 20:25:33] [DEBUG] [game] Emitted: 'add_text' data={'display_text': ' #                  #'} | {"time": "20:25:33.916", "message": "Emitted: 'add_text' data={'display_text': ' #                  #'}", "context": {"level": null, "scene": null, "state": null}, "data": {}}
[2026-01-01 20:25:33] [DEBUG] [game] Dispatch: RenderSystem -> handled 'add_text' | {"time": "20:25:33.916", "message": "Dispatch: RenderSystem -> handled 'add_text'", "context": {"level": null, "scene": null, "state": null}, "data": {}}
[2026-01-01 20:25:33] [DEBUG] [game] Emitted: 'add_text' data={'display_text': ' #                  #'} | {"time": "20:25:33.916", "message": "Emitted: 'add_text' data={'display_text': ' #                  #'}", "context": {"level": null, "scene": null, "state": null}, "data": {}}
[2026-01-01 20:25:33] [DEBUG] [game] Dispatch: RenderSystem -> handled 'add_text' | {"time": "20:25:33.916", "message": "Dispatch: RenderSystem -> handled 'add_text'", "context": {"level": null, "scene": null, "state": null}, "data": {}}
[2026-01-01 20:25:33] [DEBUG] [game] Emitted: 'add_text' data={'display_text': ' #                  #'} | {"time": "20:25:33.916", "message": "Emitted: 'add_text' data={'display_text': ' #                  #'}", "context": {"level": null, "scene": null, "state": null}, "data": {}}
[2026-01-01 20:25:33] [DEBUG] [game] Dispatch: RenderSystem -> handled 'add_text' | {"time": "20:25:33.917", "message": "Dispatch: RenderSystem -> handled 'add_text'", "context": {"level": null, "scene": null, "state": null}, "data": {}}
[2026-01-01 20:25:33] [DEBUG] [game] Emitted: 'add_text' data={'display_text': ' #                  #'} | {"time": "20:25:33.917", "message": "Emitted: 'add_text' data={'display_text': ' #                  #'}", "context": {"level": null, "scene": null, "state": null}, "data": {}}
[2026-01-01 20:25:33] [DEBUG] [game] Dispatch: RenderSystem -> handled 'add_text' | {"time": "20:25:33.917", "message": "Dispatch: RenderSystem -> handled 'add_text'", "context": {"level": null, "scene": null, "state": null}, "data": {}}
[2026-01-01 20:25:33] [DEBUG] [game] Emitted: 'add_text' data={'display_text': ' #                  #'} | {"time": "20:25:33.917", "message": "Emitted: 'add_text' data={'display_text': ' #                  #'}", "context": {"level": null, "scene": null, "state": null}, "data": {}}
[2026-01-01 20:25:33] [DEBUG] [game] Dispatch: RenderSystem -> handled 'add_text' | {"time": "20:25:33.917", "message": "Dispatch: RenderSystem -> handled 'add_text'", "context": {"level": null, "scene": null, "state": null}, "data": {}}
[2026-01-01 20:25:33] [DEBUG] [game] Emitted: 'add_text' data={'display_text': ' #                  #'} | {"time": "20:25:33.917", "message": "Emitted: 'add_text' data={'display_text': ' #                  #'}", "context": {"level": null, "scene": null, "state": null}, "data": {}}
[2026-01-01 20:25:33] [DEBUG] [game] Dispatch: RenderSystem -> handled 'add_text' | {"time": "20:25:33.917", "message": "Dispatch: RenderSystem -> handled 'add_text'", "context": {"level": null, "scene": null, "state": null}, "data": {}}
[2026-01-01 20:25:33] [DEBUG] [game] Emitted: 'add_text' data={'display_text': ' #                  #'} | {"time": "20:25:33.918", "message": "Emitted: 'add_text' data={'display_text': ' #                  #'}", "context": {"level": null, "scene": null, "state": null}, "data": {}}
[2026-01-01 20:25:33] [DEBUG] [game] Dispatch: RenderSystem -> handled 'add_text' | {"time": "20:25:33.918", "message": "Dispatch: RenderSystem -> handled 'add_text'", "context": {"level": null, "scene": null, "state": null}, "data": {}}
[2026-01-01 20:25:33] [DEBUG] [game] Emitted: 'add_text' data={'display_text': ' #                  #'} | {"time": "20:25:33.918", "message": "Emitted: 'add_text' data={'display_text': ' #                  #'}", "context": {"level": null, "scene": null, "state": null}, "data": {}}
[2026-01-01 20:25:33] [DEBUG] [game] Dispatch: RenderSystem -> handled 'add_text' | {"time": "20:25:33.918", "message": "Dispatch: RenderSystem -> handled 'add_text'", "context": {"level": null, "scene": null, "state": null}, "data": {}}
[2026-01-01 20:25:33] [DEBUG] [game] Emitted: 'add_text' data={'display_text': ' #                  #'} | {"time": "20:25:33.918", "message": "Emitted: 'add_text' data={'display_text': ' #                  #'}", "context": {"level": null, "scene": null, "state": null}, "data": {}}
[2026-01-01 20:25:33] [DEBUG] [game] Dispatch: RenderSystem -> handled 'add_text' | {"time": "20:25:33.918", "message": "Dispatch: RenderSystem -> handled 'add_text'", "context": {"level": null, "scene": null, "state": null}, "data": {}}
[2026-01-01 20:25:33] [DEBUG] [game] Emitted: 'add_text' data={'display_text': ' #                  #'} | {"time": "20:25:33.919", "message": "Emitted: 'add_text' data={'display_text': ' #                  #'}", "context": {"level": null, "scene": null, "state": null}, "data": {}}
[2026-01-01 20:25:33] [DEBUG] [game] Dispatch: RenderSystem -> handled 'add_text' | {"time": "20:25:33.919", "message": "Dispatch: RenderSystem -> handled 'add_text'", "context": {"level": null, "scene": null, "state": null}, "data": {}}
[2026-01-01 20:25:33] [DEBUG] [game] Emitted: 'add_text' data={'display_text': ' #                 $#'} | {"time": "20:25:33.919", "message": "Emitted: 'add_text' data={'display_text': ' #                 $#'}", "context": {"level": null, "scene": null, "state": null}, "data": {}}
[2026-01-01 20:25:33] [DEBUG] [game] Dispatch: RenderSystem -> handled 'add_text' | {"time": "20:25:33.919", "message": "Dispatch: RenderSystem -> handled 'add_text'", "context": {"level": null, "scene": null, "state": null}, "data": {}}
[2026-01-01 20:25:33] [DEBUG] [game] Emitted: 'add_text' data={'display_text': ' ####################'} | {"time": "20:25:33.919", "message": "Emitted: 'add_text' data={'display_text': ' ####################'}", "context": {"level": null, "scene": null, "state": null}, "data": {}}
[2026-01-01 20:25:33] [DEBUG] [game] Dispatch: RenderSystem -> handled 'add_text' | {"time": "20:25:33.919", "message": "Dispatch: RenderSystem -> handled 'add_text'", "context": {"level": null, "scene": null, "state": null}, "data": {}}
[2026-01-01 20:25:33] [DEBUG] [game] Emitted: 'player_input' data={'input': 's'} | {"time": "20:25:33.919", "message": "Emitted: 'player_input' data={'input': 's'}", "context": {"level": null, "scene": null, "state": null}, "data": {}}
[2026-01-01 20:25:33] [DEBUG] [game] Emitted: 'dungeon_player_movement' data={'input': 'd'} | {"time": "20:25:33.928", "message": "Emitted: 'dungeon_player_movement' data={'input': 'd'}", "context": {"level": null, "scene": null, "state": null}, "data": {}}
[2026-01-01 20:25:33] [DEBUG] [game] Dispatch: DungeonManager -> handled 'dungeon_player_movement' | {"time": "20:25:33.929", "message": "Dispatch: DungeonManager -> handled 'dungeon_player_movement'", "context": {"level": null, "scene": null, "state": null}, "data": {}}
[2026-01-01 20:25:33] [DEBUG] [game] [handle_player_move] dx=[1], dy=[0], cur_x=[3], cur_y=[4], new_x=[4], new_y=[4] | {"time": "20:25:33.929", "message": "[handle_player_move] dx=[1], dy=[0], cur_x=[3], cur_y=[4], new_x=[4], new_y=[4]", "context": {"level": null, "scene": null, "state": null}, "data": {}}
[2026-01-01 20:25:33] [DEBUG] [game] [handle_player_move] evaluted to walkable | {"time": "20:25:33.929", "message": "[handle_player_move] evaluted to walkable", "context": {"level": null, "scene": null, "state": null}, "data": {}}
[2026-01-01 20:25:33] [DEBUG] [game] Emitted: 'add_text' data={'display_text': ' ####################'} | {"time": "20:25:33.957", "message": "Emitted: 'add_text' data={'display_text': ' ####################'}", "context": {"level": null, "scene": null, "state": null}, "data": {}}
[2026-01-01 20:25:33] [DEBUG] [game] Dispatch: RenderSystem -> handled 'add_text' | {"time": "20:25:33.958", "message": "Dispatch: RenderSystem -> handled 'add_text'", "context": {"level": null, "scene": null, "state": null}, "data": {}}
[2026-01-01 20:25:33] [DEBUG] [game] Emitted: 'add_text' data={'display_text': ' #                  #'} | {"time": "20:25:33.958", "message": "Emitted: 'add_text' data={'display_text': ' #                  #'}", "context": {"level": null, "scene": null, "state": null}, "data": {}}
[2026-01-01 20:25:33] [DEBUG] [game] Dispatch: RenderSystem -> handled 'add_text' | {"time": "20:25:33.958", "message": "Dispatch: RenderSystem -> handled 'add_text'", "context": {"level": null, "scene": null, "state": null}, "data": {}}
[2026-01-01 20:25:33] [DEBUG] [game] Emitted: 'add_text' data={'display_text': ' #                  #'} | {"time": "20:25:33.958", "message": "Emitted: 'add_text' data={'display_text': ' #                  #'}", "context": {"level": null, "scene": null, "state": null}, "data": {}}
[2026-01-01 20:25:33] [DEBUG] [game] Dispatch: RenderSystem -> handled 'add_text' | {"time": "20:25:33.958", "message": "Dispatch: RenderSystem -> handled 'add_text'", "context": {"level": null, "scene": null, "state": null}, "data": {}}
[2026-01-01 20:25:33] [DEBUG] [game] Emitted: 'add_text' data={'display_text': ' #                  #'} | {"time": "20:25:33.958", "message": "Emitted: 'add_text' data={'display_text': ' #                  #'}", "context": {"level": null, "scene": null, "state": null}, "data": {}}
[2026-01-01 20:25:33] [DEBUG] [game] Dispatch: RenderSystem -> handled 'add_text' | {"time": "20:25:33.959", "message": "Dispatch: RenderSystem -> handled 'add_text'", "context": {"level": null, "scene": null, "state": null}, "data": {}}
[2026-01-01 20:25:33] [DEBUG] [game] Emitted: 'add_text' data={'display_text': ' #   @              #'} | {"time": "20:25:33.959", "message": "Emitted: 'add_text' data={'display_text': ' #   @              #'}", "context": {"level": null, "scene": null, "state": null}, "data": {}}
[2026-01-01 20:25:33] [DEBUG] [game] Dispatch: RenderSystem -> handled 'add_text' | {"time": "20:25:33.959", "message": "Dispatch: RenderSystem -> handled 'add_text'", "context": {"level": null, "scene": null, "state": null}, "data": {}}
[2026-01-01 20:25:33] [DEBUG] [game] Emitted: 'add_text' data={'display_text': ' #                  #'} | {"time": "20:25:33.959", "message": "Emitted: 'add_text' data={'display_text': ' #                  #'}", "context": {"level": null, "scene": null, "state": null}, "data": {}}
[2026-01-01 20:25:33] [DEBUG] [game] Dispatch: RenderSystem -> handled 'add_text' | {"time": "20:25:33.959", "message": "Dispatch: RenderSystem -> handled 'add_text'", "context": {"level": null, "scene": null, "state": null}, "data": {}}
[2026-01-01 20:25:33] [DEBUG] [game] Emitted: 'add_text' data={'display_text': ' #                  #'} | {"time": "20:25:33.959", "message": "Emitted: 'add_text' data={'display_text': ' #                  #'}", "context": {"level": null, "scene": null, "state": null}, "data": {}}
[2026-01-01 20:25:33] [DEBUG] [game] Dispatch: RenderSystem -> handled 'add_text' | {"time": "20:25:33.959", "message": "Dispatch: RenderSystem -> handled 'add_text'", "context": {"level": null, "scene": null, "state": null}, "data": {}}
[2026-01-01 20:25:33] [DEBUG] [game] Emitted: 'add_text' data={'display_text': ' #                  #'} | {"time": "20:25:33.960", "message": "Emitted: 'add_text' data={'display_text': ' #                  #'}", "context": {"level": null, "scene": null, "state": null}, "data": {}}
[2026-01-01 20:25:33] [DEBUG] [game] Dispatch: RenderSystem -> handled 'add_text' | {"time": "20:25:33.960", "message": "Dispatch: RenderSystem -> handled 'add_text'", "context": {"level": null, "scene": null, "state": null}, "data": {}}
[2026-01-01 20:25:33] [DEBUG] [game] Emitted: 'add_text' data={'display_text': ' #                  #'} | {"time": "20:25:33.960", "message": "Emitted: 'add_text' data={'display_text': ' #                  #'}", "context": {"level": null, "scene": null, "state": null}, "data": {}}
[2026-01-01 20:25:33] [DEBUG] [game] Dispatch: RenderSystem -> handled 'add_text' | {"time": "20:25:33.960", "message": "Dispatch: RenderSystem -> handled 'add_text'", "context": {"level": null, "scene": null, "state": null}, "data": {}}
[2026-01-01 20:25:33] [DEBUG] [game] Emitted: 'add_text' data={'display_text': ' #                  #'} | {"time": "20:25:33.960", "message": "Emitted: 'add_text' data={'display_text': ' #                  #'}", "context": {"level": null, "scene": null, "state": null}, "data": {}}
[2026-01-01 20:25:33] [DEBUG] [game] Dispatch: RenderSystem -> handled 'add_text' | {"time": "20:25:33.960", "message": "Dispatch: RenderSystem -> handled 'add_text'", "context": {"level": null, "scene": null, "state": null}, "data": {}}
[2026-01-01 20:25:33] [DEBUG] [game] Emitted: 'add_text' data={'display_text': ' #                  #'} | {"time": "20:25:33.960", "message": "Emitted: 'add_text' data={'display_text': ' #                  #'}", "context": {"level": null, "scene": null, "state": null}, "data": {}}
[2026-01-01 20:25:33] [DEBUG] [game] Dispatch: RenderSystem -> handled 'add_text' | {"time": "20:25:33.961", "message": "Dispatch: RenderSystem -> handled 'add_text'", "context": {"level": null, "scene": null, "state": null}, "data": {}}
[2026-01-01 20:25:33] [DEBUG] [game] Emitted: 'add_text' data={'display_text': ' #                  #'} | {"time": "20:25:33.961", "message": "Emitted: 'add_text' data={'display_text': ' #                  #'}", "context": {"level": null, "scene": null, "state": null}, "data": {}}
[2026-01-01 20:25:33] [DEBUG] [game] Dispatch: RenderSystem -> handled 'add_text' | {"time": "20:25:33.961", "message": "Dispatch: RenderSystem -> handled 'add_text'", "context": {"level": null, "scene": null, "state": null}, "data": {}}
[2026-01-01 20:25:33] [DEBUG] [game] Emitted: 'add_text' data={'display_text': ' #                  #'} | {"time": "20:25:33.961", "message": "Emitted: 'add_text' data={'display_text': ' #                  #'}", "context": {"level": null, "scene": null, "state": null}, "data": {}}
[2026-01-01 20:25:33] [DEBUG] [game] Dispatch: RenderSystem -> handled 'add_text' | {"time": "20:25:33.961", "message": "Dispatch: RenderSystem -> handled 'add_text'", "context": {"level": null, "scene": null, "state": null}, "data": {}}
[2026-01-01 20:25:33] [DEBUG] [game] Emitted: 'add_text' data={'display_text': ' #                  #'} | {"time": "20:25:33.961", "message": "Emitted: 'add_text' data={'display_text': ' #                  #'}", "context": {"level": null, "scene": null, "state": null}, "data": {}}
[2026-01-01 20:25:33] [DEBUG] [game] Dispatch: RenderSystem -> handled 'add_text' | {"time": "20:25:33.961", "message": "Dispatch: RenderSystem -> handled 'add_text'", "context": {"level": null, "scene": null, "state": null}, "data": {}}
[2026-01-01 20:25:33] [DEBUG] [game] Emitted: 'add_text' data={'display_text': ' #                  #'} | {"time": "20:25:33.962", "message": "Emitted: 'add_text' data={'display_text': ' #                  #'}", "context": {"level": null, "scene": null, "state": null}, "data": {}}
[2026-01-01 20:25:33] [DEBUG] [game] Dispatch: RenderSystem -> handled 'add_text' | {"time": "20:25:33.962", "message": "Dispatch: RenderSystem -> handled 'add_text'", "context": {"level": null, "scene": null, "state": null}, "data": {}}
[2026-01-01 20:25:33] [DEBUG] [game] Emitted: 'add_text' data={'display_text': ' #                  #'} | {"time": "20:25:33.962", "message": "Emitted: 'add_text' data={'display_text': ' #                  #'}", "context": {"level": null, "scene": null, "state": null}, "data": {}}
[2026-01-01 20:25:33] [DEBUG] [game] Dispatch: RenderSystem -> handled 'add_text' | {"time": "20:25:33.962", "message": "Dispatch: RenderSystem -> handled 'add_text'", "context": {"level": null, "scene": null, "state": null}, "data": {}}
[2026-01-01 20:25:33] [DEBUG] [game] Emitted: 'add_text' data={'display_text': ' #                  #'} | {"time": "20:25:33.962", "message": "Emitted: 'add_text' data={'display_text': ' #                  #'}", "context": {"level": null, "scene": null, "state": null}, "data": {}}
[2026-01-01 20:25:33] [DEBUG] [game] Dispatch: RenderSystem -> handled 'add_text' | {"time": "20:25:33.962", "message": "Dispatch: RenderSystem -> handled 'add_text'", "context": {"level": null, "scene": null, "state": null}, "data": {}}
[2026-01-01 20:25:33] [DEBUG] [game] Emitted: 'add_text' data={'display_text': ' #                  #'} | {"time": "20:25:33.962", "message": "Emitted: 'add_text' data={'display_text': ' #                  #'}", "context": {"level": null, "scene": null, "state": null}, "data": {}}
[2026-01-01 20:25:33] [DEBUG] [game] Dispatch: RenderSystem -> handled 'add_text' | {"time": "20:25:33.963", "message": "Dispatch: RenderSystem -> handled 'add_text'", "context": {"level": null, "scene": null, "state": null}, "data": {}}
[2026-01-01 20:25:33] [DEBUG] [game] Emitted: 'add_text' data={'display_text': ' #                 $#'} | {"time": "20:25:33.963", "message": "Emitted: 'add_text' data={'display_text': ' #                 $#'}", "context": {"level": null, "scene": null, "state": null}, "data": {}}
[2026-01-01 20:25:33] [DEBUG] [game] Dispatch: RenderSystem -> handled 'add_text' | {"time": "20:25:33.963", "message": "Dispatch: RenderSystem -> handled 'add_text'", "context": {"level": null, "scene": null, "state": null}, "data": {}}
[2026-01-01 20:25:33] [DEBUG] [game] Emitted: 'add_text' data={'display_text': ' ####################'} | {"time": "20:25:33.963", "message": "Emitted: 'add_text' data={'display_text': ' ####################'}", "context": {"level": null, "scene": null, "state": null}, "data": {}}
[2026-01-01 20:25:33] [DEBUG] [game] Dispatch: RenderSystem -> handled 'add_text' | {"time": "20:25:33.963", "message": "Dispatch: RenderSystem -> handled 'add_text'", "context": {"level": null, "scene": null, "state": null}, "data": {}}
[2026-01-01 20:25:33] [DEBUG] [game] Emitted: 'player_input' data={'input': 'd'} | {"time": "20:25:33.963", "message": "Emitted: 'player_input' data={'input': 'd'}", "context": {"level": null, "scene": null, "state": null}, "data": {}}
[2026-01-01 20:25:34] [DEBUG] [game] Emitted: 'dungeon_player_movement' data={'input': 's'} | {"time": "20:25:34.016", "message": "Emitted: 'dungeon_player_movement' data={'input': 's'}", "context": {"level": null, "scene": null, "state": null}, "data": {}}
[2026-01-01 20:25:34] [DEBUG] [game] Dispatch: DungeonManager -> handled 'dungeon_player_movement' | {"time": "20:25:34.017", "message": "Dispatch: DungeonManager -> handled 'dungeon_player_movement'", "context": {"level": null, "scene": null, "state": null}, "data": {}}
[2026-01-01 20:25:34] [DEBUG] [game] [handle_player_move] dx=[0], dy=[1], cur_x=[4], cur_y=[4], new_x=[4], new_y=[5] | {"time": "20:25:34.017", "message": "[handle_player_move] dx=[0], dy=[1], cur_x=[4], cur_y=[4], new_x=[4], new_y=[5]", "context": {"level": null, "scene": null, "state": null}, "data": {}}
[2026-01-01 20:25:34] [DEBUG] [game] [handle_player_move] evaluted to walkable | {"time": "20:25:34.017", "message": "[handle_player_move] evaluted to walkable", "context": {"level": null, "scene": null, "state": null}, "data": {}}
[2026-01-01 20:25:34] [DEBUG] [game] Emitted: 'add_text' data={'display_text': ' ####################'} | {"time": "20:25:34.045", "message": "Emitted: 'add_text' data={'display_text': ' ####################'}", "context": {"level": null, "scene": null, "state": null}, "data": {}}
[2026-01-01 20:25:34] [DEBUG] [game] Dispatch: RenderSystem -> handled 'add_text' | {"time": "20:25:34.045", "message": "Dispatch: RenderSystem -> handled 'add_text'", "context": {"level": null, "scene": null, "state": null}, "data": {}}
[2026-01-01 20:25:34] [DEBUG] [game] Emitted: 'add_text' data={'display_text': ' #                  #'} | {"time": "20:25:34.045", "message": "Emitted: 'add_text' data={'display_text': ' #                  #'}", "context": {"level": null, "scene": null, "state": null}, "data": {}}
[2026-01-01 20:25:34] [DEBUG] [game] Dispatch: RenderSystem -> handled 'add_text' | {"time": "20:25:34.045", "message": "Dispatch: RenderSystem -> handled 'add_text'", "context": {"level": null, "scene": null, "state": null}, "data": {}}
[2026-01-01 20:25:34] [DEBUG] [game] Emitted: 'add_text' data={'display_text': ' #                  #'} | {"time": "20:25:34.046", "message": "Emitted: 'add_text' data={'display_text': ' #                  #'}", "context": {"level": null, "scene": null, "state": null}, "data": {}}
[2026-01-01 20:25:34] [DEBUG] [game] Dispatch: RenderSystem -> handled 'add_text' | {"time": "20:25:34.046", "message": "Dispatch: RenderSystem -> handled 'add_text'", "context": {"level": null, "scene": null, "state": null}, "data": {}}
[2026-01-01 20:25:34] [DEBUG] [game] Emitted: 'add_text' data={'display_text': ' #                  #'} | {"time": "20:25:34.046", "message": "Emitted: 'add_text' data={'display_text': ' #                  #'}", "context": {"level": null, "scene": null, "state": null}, "data": {}}
[2026-01-01 20:25:34] [DEBUG] [game] Dispatch: RenderSystem -> handled 'add_text' | {"time": "20:25:34.046", "message": "Dispatch: RenderSystem -> handled 'add_text'", "context": {"level": null, "scene": null, "state": null}, "data": {}}
[2026-01-01 20:25:34] [DEBUG] [game] Emitted: 'add_text' data={'display_text': ' #                  #'} | {"time": "20:25:34.046", "message": "Emitted: 'add_text' data={'display_text': ' #                  #'}", "context": {"level": null, "scene": null, "state": null}, "data": {}}
[2026-01-01 20:25:34] [DEBUG] [game] Dispatch: RenderSystem -> handled 'add_text' | {"time": "20:25:34.046", "message": "Dispatch: RenderSystem -> handled 'add_text'", "context": {"level": null, "scene": null, "state": null}, "data": {}}
[2026-01-01 20:25:34] [DEBUG] [game] Emitted: 'add_text' data={'display_text': ' #   @              #'} | {"time": "20:25:34.047", "message": "Emitted: 'add_text' data={'display_text': ' #   @              #'}", "context": {"level": null, "scene": null, "state": null}, "data": {}}
[2026-01-01 20:25:34] [DEBUG] [game] Dispatch: RenderSystem -> handled 'add_text' | {"time": "20:25:34.047", "message": "Dispatch: RenderSystem -> handled 'add_text'", "context": {"level": null, "scene": null, "state": null}, "data": {}}
[2026-01-01 20:25:34] [DEBUG] [game] Emitted: 'add_text' data={'display_text': ' #                  #'} | {"time": "20:25:34.047", "message": "Emitted: 'add_text' data={'display_text': ' #                  #'}", "context": {"level": null, "scene": null, "state": null}, "data": {}}
[2026-01-01 20:25:34] [DEBUG] [game] Dispatch: RenderSystem -> handled 'add_text' | {"time": "20:25:34.047", "message": "Dispatch: RenderSystem -> handled 'add_text'", "context": {"level": null, "scene": null, "state": null}, "data": {}}
[2026-01-01 20:25:34] [DEBUG] [game] Emitted: 'add_text' data={'display_text': ' #                  #'} | {"time": "20:25:34.047", "message": "Emitted: 'add_text' data={'display_text': ' #                  #'}", "context": {"level": null, "scene": null, "state": null}, "data": {}}
[2026-01-01 20:25:34] [DEBUG] [game] Dispatch: RenderSystem -> handled 'add_text' | {"time": "20:25:34.047", "message": "Dispatch: RenderSystem -> handled 'add_text'", "context": {"level": null, "scene": null, "state": null}, "data": {}}
[2026-01-01 20:25:34] [DEBUG] [game] Emitted: 'add_text' data={'display_text': ' #                  #'} | {"time": "20:25:34.047", "message": "Emitted: 'add_text' data={'display_text': ' #                  #'}", "context": {"level": null, "scene": null, "state": null}, "data": {}}
[2026-01-01 20:25:34] [DEBUG] [game] Dispatch: RenderSystem -> handled 'add_text' | {"time": "20:25:34.048", "message": "Dispatch: RenderSystem -> handled 'add_text'", "context": {"level": null, "scene": null, "state": null}, "data": {}}
[2026-01-01 20:25:34] [DEBUG] [game] Emitted: 'add_text' data={'display_text': ' #                  #'} | {"time": "20:25:34.048", "message": "Emitted: 'add_text' data={'display_text': ' #                  #'}", "context": {"level": null, "scene": null, "state": null}, "data": {}}
[2026-01-01 20:25:34] [DEBUG] [game] Dispatch: RenderSystem -> handled 'add_text' | {"time": "20:25:34.048", "message": "Dispatch: RenderSystem -> handled 'add_text'", "context": {"level": null, "scene": null, "state": null}, "data": {}}
[2026-01-01 20:25:34] [DEBUG] [game] Emitted: 'add_text' data={'display_text': ' #                  #'} | {"time": "20:25:34.048", "message": "Emitted: 'add_text' data={'display_text': ' #                  #'}", "context": {"level": null, "scene": null, "state": null}, "data": {}}
[2026-01-01 20:25:34] [DEBUG] [game] Dispatch: RenderSystem -> handled 'add_text' | {"time": "20:25:34.048", "message": "Dispatch: RenderSystem -> handled 'add_text'", "context": {"level": null, "scene": null, "state": null}, "data": {}}
[2026-01-01 20:25:34] [DEBUG] [game] Emitted: 'add_text' data={'display_text': ' #                  #'} | {"time": "20:25:34.048", "message": "Emitted: 'add_text' data={'display_text': ' #                  #'}", "context": {"level": null, "scene": null, "state": null}, "data": {}}
[2026-01-01 20:25:34] [DEBUG] [game] Dispatch: RenderSystem -> handled 'add_text' | {"time": "20:25:34.048", "message": "Dispatch: RenderSystem -> handled 'add_text'", "context": {"level": null, "scene": null, "state": null}, "data": {}}
[2026-01-01 20:25:34] [DEBUG] [game] Emitted: 'add_text' data={'display_text': ' #                  #'} | {"time": "20:25:34.049", "message": "Emitted: 'add_text' data={'display_text': ' #                  #'}", "context": {"level": null, "scene": null, "state": null}, "data": {}}
[2026-01-01 20:25:34] [DEBUG] [game] Dispatch: RenderSystem -> handled 'add_text' | {"time": "20:25:34.049", "message": "Dispatch: RenderSystem -> handled 'add_text'", "context": {"level": null, "scene": null, "state": null}, "data": {}}
[2026-01-01 20:25:34] [DEBUG] [game] Emitted: 'add_text' data={'display_text': ' #                  #'} | {"time": "20:25:34.049", "message": "Emitted: 'add_text' data={'display_text': ' #                  #'}", "context": {"level": null, "scene": null, "state": null}, "data": {}}
[2026-01-01 20:25:34] [DEBUG] [game] Dispatch: RenderSystem -> handled 'add_text' | {"time": "20:25:34.049", "message": "Dispatch: RenderSystem -> handled 'add_text'", "context": {"level": null, "scene": null, "state": null}, "data": {}}
[2026-01-01 20:25:34] [DEBUG] [game] Emitted: 'add_text' data={'display_text': ' #                  #'} | {"time": "20:25:34.049", "message": "Emitted: 'add_text' data={'display_text': ' #                  #'}", "context": {"level": null, "scene": null, "state": null}, "data": {}}
[2026-01-01 20:25:34] [DEBUG] [game] Dispatch: RenderSystem -> handled 'add_text' | {"time": "20:25:34.049", "message": "Dispatch: RenderSystem -> handled 'add_text'", "context": {"level": null, "scene": null, "state": null}, "data": {}}
[2026-01-01 20:25:34] [DEBUG] [game] Emitted: 'add_text' data={'display_text': ' #                  #'} | {"time": "20:25:34.050", "message": "Emitted: 'add_text' data={'display_text': ' #                  #'}", "context": {"level": null, "scene": null, "state": null}, "data": {}}
[2026-01-01 20:25:34] [DEBUG] [game] Dispatch: RenderSystem -> handled 'add_text' | {"time": "20:25:34.050", "message": "Dispatch: RenderSystem -> handled 'add_text'", "context": {"level": null, "scene": null, "state": null}, "data": {}}
[2026-01-01 20:25:34] [DEBUG] [game] Emitted: 'add_text' data={'display_text': ' #                  #'} | {"time": "20:25:34.050", "message": "Emitted: 'add_text' data={'display_text': ' #                  #'}", "context": {"level": null, "scene": null, "state": null}, "data": {}}
[2026-01-01 20:25:34] [DEBUG] [game] Dispatch: RenderSystem -> handled 'add_text' | {"time": "20:25:34.050", "message": "Dispatch: RenderSystem -> handled 'add_text'", "context": {"level": null, "scene": null, "state": null}, "data": {}}
[2026-01-01 20:25:34] [DEBUG] [game] Emitted: 'add_text' data={'display_text': ' #                  #'} | {"time": "20:25:34.050", "message": "Emitted: 'add_text' data={'display_text': ' #                  #'}", "context": {"level": null, "scene": null, "state": null}, "data": {}}
[2026-01-01 20:25:34] [DEBUG] [game] Dispatch: RenderSystem -> handled 'add_text' | {"time": "20:25:34.050", "message": "Dispatch: RenderSystem -> handled 'add_text'", "context": {"level": null, "scene": null, "state": null}, "data": {}}
[2026-01-01 20:25:34] [DEBUG] [game] Emitted: 'add_text' data={'display_text': ' #                 $#'} | {"time": "20:25:34.051", "message": "Emitted: 'add_text' data={'display_text': ' #                 $#'}", "context": {"level": null, "scene": null, "state": null}, "data": {}}
[2026-01-01 20:25:34] [DEBUG] [game] Dispatch: RenderSystem -> handled 'add_text' | {"time": "20:25:34.051", "message": "Dispatch: RenderSystem -> handled 'add_text'", "context": {"level": null, "scene": null, "state": null}, "data": {}}
[2026-01-01 20:25:34] [DEBUG] [game] Emitted: 'add_text' data={'display_text': ' ####################'} | {"time": "20:25:34.051", "message": "Emitted: 'add_text' data={'display_text': ' ####################'}", "context": {"level": null, "scene": null, "state": null}, "data": {}}
[2026-01-01 20:25:34] [DEBUG] [game] Dispatch: RenderSystem -> handled 'add_text' | {"time": "20:25:34.051", "message": "Dispatch: RenderSystem -> handled 'add_text'", "context": {"level": null, "scene": null, "state": null}, "data": {}}
[2026-01-01 20:25:34] [DEBUG] [game] Emitted: 'player_input' data={'input': 's'} | {"time": "20:25:34.051", "message": "Emitted: 'player_input' data={'input': 's'}", "context": {"level": null, "scene": null, "state": null}, "data": {}}
[2026-01-01 20:25:34] [DEBUG] [game] Emitted: 'dungeon_player_movement' data={'input': 'd'} | {"time": "20:25:34.064", "message": "Emitted: 'dungeon_player_movement' data={'input': 'd'}", "context": {"level": null, "scene": null, "state": null}, "data": {}}
[2026-01-01 20:25:34] [DEBUG] [game] Dispatch: DungeonManager -> handled 'dungeon_player_movement' | {"time": "20:25:34.065", "message": "Dispatch: DungeonManager -> handled 'dungeon_player_movement'", "context": {"level": null, "scene": null, "state": null}, "data": {}}
[2026-01-01 20:25:34] [DEBUG] [game] [handle_player_move] dx=[1], dy=[0], cur_x=[4], cur_y=[5], new_x=[5], new_y=[5] | {"time": "20:25:34.065", "message": "[handle_player_move] dx=[1], dy=[0], cur_x=[4], cur_y=[5], new_x=[5], new_y=[5]", "context": {"level": null, "scene": null, "state": null}, "data": {}}
[2026-01-01 20:25:34] [DEBUG] [game] [handle_player_move] evaluted to walkable | {"time": "20:25:34.065", "message": "[handle_player_move] evaluted to walkable", "context": {"level": null, "scene": null, "state": null}, "data": {}}
[2026-01-01 20:25:34] [DEBUG] [game] Emitted: 'add_text' data={'display_text': ' ####################'} | {"time": "20:25:34.093", "message": "Emitted: 'add_text' data={'display_text': ' ####################'}", "context": {"level": null, "scene": null, "state": null}, "data": {}}
[2026-01-01 20:25:34] [DEBUG] [game] Dispatch: RenderSystem -> handled 'add_text' | {"time": "20:25:34.094", "message": "Dispatch: RenderSystem -> handled 'add_text'", "context": {"level": null, "scene": null, "state": null}, "data": {}}
[2026-01-01 20:25:34] [DEBUG] [game] Emitted: 'add_text' data={'display_text': ' #                  #'} | {"time": "20:25:34.094", "message": "Emitted: 'add_text' data={'display_text': ' #                  #'}", "context": {"level": null, "scene": null, "state": null}, "data": {}}
[2026-01-01 20:25:34] [DEBUG] [game] Dispatch: RenderSystem -> handled 'add_text' | {"time": "20:25:34.094", "message": "Dispatch: RenderSystem -> handled 'add_text'", "context": {"level": null, "scene": null, "state": null}, "data": {}}
[2026-01-01 20:25:34] [DEBUG] [game] Emitted: 'add_text' data={'display_text': ' #                  #'} | {"time": "20:25:34.094", "message": "Emitted: 'add_text' data={'display_text': ' #                  #'}", "context": {"level": null, "scene": null, "state": null}, "data": {}}
[2026-01-01 20:25:34] [DEBUG] [game] Dispatch: RenderSystem -> handled 'add_text' | {"time": "20:25:34.094", "message": "Dispatch: RenderSystem -> handled 'add_text'", "context": {"level": null, "scene": null, "state": null}, "data": {}}
[2026-01-01 20:25:34] [DEBUG] [game] Emitted: 'add_text' data={'display_text': ' #                  #'} | {"time": "20:25:34.094", "message": "Emitted: 'add_text' data={'display_text': ' #                  #'}", "context": {"level": null, "scene": null, "state": null}, "data": {}}
[2026-01-01 20:25:34] [DEBUG] [game] Dispatch: RenderSystem -> handled 'add_text' | {"time": "20:25:34.094", "message": "Dispatch: RenderSystem -> handled 'add_text'", "context": {"level": null, "scene": null, "state": null}, "data": {}}
[2026-01-01 20:25:34] [DEBUG] [game] Emitted: 'add_text' data={'display_text': ' #                  #'} | {"time": "20:25:34.095", "message": "Emitted: 'add_text' data={'display_text': ' #                  #'}", "context": {"level": null, "scene": null, "state": null}, "data": {}}
[2026-01-01 20:25:34] [DEBUG] [game] Dispatch: RenderSystem -> handled 'add_text' | {"time": "20:25:34.095", "message": "Dispatch: RenderSystem -> handled 'add_text'", "context": {"level": null, "scene": null, "state": null}, "data": {}}
[2026-01-01 20:25:34] [DEBUG] [game] Emitted: 'add_text' data={'display_text': ' #    @             #'} | {"time": "20:25:34.095", "message": "Emitted: 'add_text' data={'display_text': ' #    @             #'}", "context": {"level": null, "scene": null, "state": null}, "data": {}}
[2026-01-01 20:25:34] [DEBUG] [game] Dispatch: RenderSystem -> handled 'add_text' | {"time": "20:25:34.095", "message": "Dispatch: RenderSystem -> handled 'add_text'", "context": {"level": null, "scene": null, "state": null}, "data": {}}
[2026-01-01 20:25:34] [DEBUG] [game] Emitted: 'add_text' data={'display_text': ' #                  #'} | {"time": "20:25:34.095", "message": "Emitted: 'add_text' data={'display_text': ' #                  #'}", "context": {"level": null, "scene": null, "state": null}, "data": {}}
[2026-01-01 20:25:34] [DEBUG] [game] Dispatch: RenderSystem -> handled 'add_text' | {"time": "20:25:34.095", "message": "Dispatch: RenderSystem -> handled 'add_text'", "context": {"level": null, "scene": null, "state": null}, "data": {}}
[2026-01-01 20:25:34] [DEBUG] [game] Emitted: 'add_text' data={'display_text': ' #                  #'} | {"time": "20:25:34.096", "message": "Emitted: 'add_text' data={'display_text': ' #                  #'}", "context": {"level": null, "scene": null, "state": null}, "data": {}}
[2026-01-01 20:25:34] [DEBUG] [game] Dispatch: RenderSystem -> handled 'add_text' | {"time": "20:25:34.096", "message": "Dispatch: RenderSystem -> handled 'add_text'", "context": {"level": null, "scene": null, "state": null}, "data": {}}
[2026-01-01 20:25:34] [DEBUG] [game] Emitted: 'add_text' data={'display_text': ' #                  #'} | {"time": "20:25:34.096", "message": "Emitted: 'add_text' data={'display_text': ' #                  #'}", "context": {"level": null, "scene": null, "state": null}, "data": {}}
[2026-01-01 20:25:34] [DEBUG] [game] Dispatch: RenderSystem -> handled 'add_text' | {"time": "20:25:34.096", "message": "Dispatch: RenderSystem -> handled 'add_text'", "context": {"level": null, "scene": null, "state": null}, "data": {}}
[2026-01-01 20:25:34] [DEBUG] [game] Emitted: 'add_text' data={'display_text': ' #                  #'} | {"time": "20:25:34.096", "message": "Emitted: 'add_text' data={'display_text': ' #                  #'}", "context": {"level": null, "scene": null, "state": null}, "data": {}}
[2026-01-01 20:25:34] [DEBUG] [game] Dispatch: RenderSystem -> handled 'add_text' | {"time": "20:25:34.096", "message": "Dispatch: RenderSystem -> handled 'add_text'", "context": {"level": null, "scene": null, "state": null}, "data": {}}
[2026-01-01 20:25:34] [DEBUG] [game] Emitted: 'add_text' data={'display_text': ' #                  #'} | {"time": "20:25:34.097", "message": "Emitted: 'add_text' data={'display_text': ' #                  #'}", "context": {"level": null, "scene": null, "state": null}, "data": {}}
[2026-01-01 20:25:34] [DEBUG] [game] Dispatch: RenderSystem -> handled 'add_text' | {"time": "20:25:34.097", "message": "Dispatch: RenderSystem -> handled 'add_text'", "context": {"level": null, "scene": null, "state": null}, "data": {}}
[2026-01-01 20:25:34] [DEBUG] [game] Emitted: 'add_text' data={'display_text': ' #                  #'} | {"time": "20:25:34.097", "message": "Emitted: 'add_text' data={'display_text': ' #                  #'}", "context": {"level": null, "scene": null, "state": null}, "data": {}}
[2026-01-01 20:25:34] [DEBUG] [game] Dispatch: RenderSystem -> handled 'add_text' | {"time": "20:25:34.097", "message": "Dispatch: RenderSystem -> handled 'add_text'", "context": {"level": null, "scene": null, "state": null}, "data": {}}
[2026-01-01 20:25:34] [DEBUG] [game] Emitted: 'add_text' data={'display_text': ' #                  #'} | {"time": "20:25:34.097", "message": "Emitted: 'add_text' data={'display_text': ' #                  #'}", "context": {"level": null, "scene": null, "state": null}, "data": {}}
[2026-01-01 20:25:34] [DEBUG] [game] Dispatch: RenderSystem -> handled 'add_text' | {"time": "20:25:34.097", "message": "Dispatch: RenderSystem -> handled 'add_text'", "context": {"level": null, "scene": null, "state": null}, "data": {}}
[2026-01-01 20:25:34] [DEBUG] [game] Emitted: 'add_text' data={'display_text': ' #                  #'} | {"time": "20:25:34.098", "message": "Emitted: 'add_text' data={'display_text': ' #                  #'}", "context": {"level": null, "scene": null, "state": null}, "data": {}}
[2026-01-01 20:25:34] [DEBUG] [game] Dispatch: RenderSystem -> handled 'add_text' | {"time": "20:25:34.098", "message": "Dispatch: RenderSystem -> handled 'add_text'", "context": {"level": null, "scene": null, "state": null}, "data": {}}
[2026-01-01 20:25:34] [DEBUG] [game] Emitted: 'add_text' data={'display_text': ' #                  #'} | {"time": "20:25:34.098", "message": "Emitted: 'add_text' data={'display_text': ' #                  #'}", "context": {"level": null, "scene": null, "state": null}, "data": {}}
[2026-01-01 20:25:34] [DEBUG] [game] Dispatch: RenderSystem -> handled 'add_text' | {"time": "20:25:34.098", "message": "Dispatch: RenderSystem -> handled 'add_text'", "context": {"level": null, "scene": null, "state": null}, "data": {}}
[2026-01-01 20:25:34] [DEBUG] [game] Emitted: 'add_text' data={'display_text': ' #                  #'} | {"time": "20:25:34.098", "message": "Emitted: 'add_text' data={'display_text': ' #                  #'}", "context": {"level": null, "scene": null, "state": null}, "data": {}}
[2026-01-01 20:25:34] [DEBUG] [game] Dispatch: RenderSystem -> handled 'add_text' | {"time": "20:25:34.098", "message": "Dispatch: RenderSystem -> handled 'add_text'", "context": {"level": null, "scene": null, "state": null}, "data": {}}
[2026-01-01 20:25:34] [DEBUG] [game] Emitted: 'add_text' data={'display_text': ' #                  #'} | {"time": "20:25:34.099", "message": "Emitted: 'add_text' data={'display_text': ' #                  #'}", "context": {"level": null, "scene": null, "state": null}, "data": {}}
[2026-01-01 20:25:34] [DEBUG] [game] Dispatch: RenderSystem -> handled 'add_text' | {"time": "20:25:34.099", "message": "Dispatch: RenderSystem -> handled 'add_text'", "context": {"level": null, "scene": null, "state": null}, "data": {}}
[2026-01-01 20:25:34] [DEBUG] [game] Emitted: 'add_text' data={'display_text': ' #                  #'} | {"time": "20:25:34.099", "message": "Emitted: 'add_text' data={'display_text': ' #                  #'}", "context": {"level": null, "scene": null, "state": null}, "data": {}}
[2026-01-01 20:25:34] [DEBUG] [game] Dispatch: RenderSystem -> handled 'add_text' | {"time": "20:25:34.099", "message": "Dispatch: RenderSystem -> handled 'add_text'", "context": {"level": null, "scene": null, "state": null}, "data": {}}
[2026-01-01 20:25:34] [DEBUG] [game] Emitted: 'add_text' data={'display_text': ' #                 $#'} | {"time": "20:25:34.099", "message": "Emitted: 'add_text' data={'display_text': ' #                 $#'}", "context": {"level": null, "scene": null, "state": null}, "data": {}}
[2026-01-01 20:25:34] [DEBUG] [game] Dispatch: RenderSystem -> handled 'add_text' | {"time": "20:25:34.099", "message": "Dispatch: RenderSystem -> handled 'add_text'", "context": {"level": null, "scene": null, "state": null}, "data": {}}
[2026-01-01 20:25:34] [DEBUG] [game] Emitted: 'add_text' data={'display_text': ' ####################'} | {"time": "20:25:34.100", "message": "Emitted: 'add_text' data={'display_text': ' ####################'}", "context": {"level": null, "scene": null, "state": null}, "data": {}}
[2026-01-01 20:25:34] [DEBUG] [game] Dispatch: RenderSystem -> handled 'add_text' | {"time": "20:25:34.100", "message": "Dispatch: RenderSystem -> handled 'add_text'", "context": {"level": null, "scene": null, "state": null}, "data": {}}
[2026-01-01 20:25:34] [DEBUG] [game] Emitted: 'player_input' data={'input': 'd'} | {"time": "20:25:34.100", "message": "Emitted: 'player_input' data={'input': 'd'}", "context": {"level": null, "scene": null, "state": null}, "data": {}}
[2026-01-01 20:25:34] [DEBUG] [game] Emitted: 'dungeon_player_movement' data={'input': 's'} | {"time": "20:25:34.120", "message": "Emitted: 'dungeon_player_movement' data={'input': 's'}", "context": {"level": null, "scene": null, "state": null}, "data": {}}
[2026-01-01 20:25:34] [DEBUG] [game] Dispatch: DungeonManager -> handled 'dungeon_player_movement' | {"time": "20:25:34.121", "message": "Dispatch: DungeonManager -> handled 'dungeon_player_movement'", "context": {"level": null, "scene": null, "state": null}, "data": {}}
[2026-01-01 20:25:34] [DEBUG] [game] [handle_player_move] dx=[0], dy=[1], cur_x=[5], cur_y=[5], new_x=[5], new_y=[6] | {"time": "20:25:34.121", "message": "[handle_player_move] dx=[0], dy=[1], cur_x=[5], cur_y=[5], new_x=[5], new_y=[6]", "context": {"level": null, "scene": null, "state": null}, "data": {}}
[2026-01-01 20:25:34] [DEBUG] [game] [handle_player_move] evaluted to walkable | {"time": "20:25:34.121", "message": "[handle_player_move] evaluted to walkable", "context": {"level": null, "scene": null, "state": null}, "data": {}}
[2026-01-01 20:25:34] [DEBUG] [game] Emitted: 'add_text' data={'display_text': ' ####################'} | {"time": "20:25:34.148", "message": "Emitted: 'add_text' data={'display_text': ' ####################'}", "context": {"level": null, "scene": null, "state": null}, "data": {}}
[2026-01-01 20:25:34] [DEBUG] [game] Dispatch: RenderSystem -> handled 'add_text' | {"time": "20:25:34.149", "message": "Dispatch: RenderSystem -> handled 'add_text'", "context": {"level": null, "scene": null, "state": null}, "data": {}}
[2026-01-01 20:25:34] [DEBUG] [game] Emitted: 'add_text' data={'display_text': ' #                  #'} | {"time": "20:25:34.149", "message": "Emitted: 'add_text' data={'display_text': ' #                  #'}", "context": {"level": null, "scene": null, "state": null}, "data": {}}
[2026-01-01 20:25:34] [DEBUG] [game] Dispatch: RenderSystem -> handled 'add_text' | {"time": "20:25:34.149", "message": "Dispatch: RenderSystem -> handled 'add_text'", "context": {"level": null, "scene": null, "state": null}, "data": {}}
[2026-01-01 20:25:34] [DEBUG] [game] Emitted: 'add_text' data={'display_text': ' #                  #'} | {"time": "20:25:34.149", "message": "Emitted: 'add_text' data={'display_text': ' #                  #'}", "context": {"level": null, "scene": null, "state": null}, "data": {}}
[2026-01-01 20:25:34] [DEBUG] [game] Dispatch: RenderSystem -> handled 'add_text' | {"time": "20:25:34.149", "message": "Dispatch: RenderSystem -> handled 'add_text'", "context": {"level": null, "scene": null, "state": null}, "data": {}}
[2026-01-01 20:25:34] [DEBUG] [game] Emitted: 'add_text' data={'display_text': ' #                  #'} | {"time": "20:25:34.150", "message": "Emitted: 'add_text' data={'display_text': ' #                  #'}", "context": {"level": null, "scene": null, "state": null}, "data": {}}
[2026-01-01 20:25:34] [DEBUG] [game] Dispatch: RenderSystem -> handled 'add_text' | {"time": "20:25:34.150", "message": "Dispatch: RenderSystem -> handled 'add_text'", "context": {"level": null, "scene": null, "state": null}, "data": {}}
[2026-01-01 20:25:34] [DEBUG] [game] Emitted: 'add_text' data={'display_text': ' #                  #'} | {"time": "20:25:34.150", "message": "Emitted: 'add_text' data={'display_text': ' #                  #'}", "context": {"level": null, "scene": null, "state": null}, "data": {}}
[2026-01-01 20:25:34] [DEBUG] [game] Dispatch: RenderSystem -> handled 'add_text' | {"time": "20:25:34.150", "message": "Dispatch: RenderSystem -> handled 'add_text'", "context": {"level": null, "scene": null, "state": null}, "data": {}}
[2026-01-01 20:25:34] [DEBUG] [game] Emitted: 'add_text' data={'display_text': ' #                  #'} | {"time": "20:25:34.150", "message": "Emitted: 'add_text' data={'display_text': ' #                  #'}", "context": {"level": null, "scene": null, "state": null}, "data": {}}
[2026-01-01 20:25:34] [DEBUG] [game] Dispatch: RenderSystem -> handled 'add_text' | {"time": "20:25:34.151", "message": "Dispatch: RenderSystem -> handled 'add_text'", "context": {"level": null, "scene": null, "state": null}, "data": {}}
[2026-01-01 20:25:34] [DEBUG] [game] Emitted: 'add_text' data={'display_text': ' #    @             #'} | {"time": "20:25:34.151", "message": "Emitted: 'add_text' data={'display_text': ' #    @             #'}", "context": {"level": null, "scene": null, "state": null}, "data": {}}
[2026-01-01 20:25:34] [DEBUG] [game] Dispatch: RenderSystem -> handled 'add_text' | {"time": "20:25:34.151", "message": "Dispatch: RenderSystem -> handled 'add_text'", "context": {"level": null, "scene": null, "state": null}, "data": {}}
[2026-01-01 20:25:34] [DEBUG] [game] Emitted: 'add_text' data={'display_text': ' #                  #'} | {"time": "20:25:34.151", "message": "Emitted: 'add_text' data={'display_text': ' #                  #'}", "context": {"level": null, "scene": null, "state": null}, "data": {}}
[2026-01-01 20:25:34] [DEBUG] [game] Dispatch: RenderSystem -> handled 'add_text' | {"time": "20:25:34.151", "message": "Dispatch: RenderSystem -> handled 'add_text'", "context": {"level": null, "scene": null, "state": null}, "data": {}}
[2026-01-01 20:25:34] [DEBUG] [game] Emitted: 'add_text' data={'display_text': ' #                  #'} | {"time": "20:25:34.151", "message": "Emitted: 'add_text' data={'display_text': ' #                  #'}", "context": {"level": null, "scene": null, "state": null}, "data": {}}
[2026-01-01 20:25:34] [DEBUG] [game] Dispatch: RenderSystem -> handled 'add_text' | {"time": "20:25:34.151", "message": "Dispatch: RenderSystem -> handled 'add_text'", "context": {"level": null, "scene": null, "state": null}, "data": {}}
[2026-01-01 20:25:34] [DEBUG] [game] Emitted: 'add_text' data={'display_text': ' #                  #'} | {"time": "20:25:34.152", "message": "Emitted: 'add_text' data={'display_text': ' #                  #'}", "context": {"level": null, "scene": null, "state": null}, "data": {}}
[2026-01-01 20:25:34] [DEBUG] [game] Dispatch: RenderSystem -> handled 'add_text' | {"time": "20:25:34.152", "message": "Dispatch: RenderSystem -> handled 'add_text'", "context": {"level": null, "scene": null, "state": null}, "data": {}}
[2026-01-01 20:25:34] [DEBUG] [game] Emitted: 'add_text' data={'display_text': ' #                  #'} | {"time": "20:25:34.152", "message": "Emitted: 'add_text' data={'display_text': ' #                  #'}", "context": {"level": null, "scene": null, "state": null}, "data": {}}
[2026-01-01 20:25:34] [DEBUG] [game] Dispatch: RenderSystem -> handled 'add_text' | {"time": "20:25:34.152", "message": "Dispatch: RenderSystem -> handled 'add_text'", "context": {"level": null, "scene": null, "state": null}, "data": {}}
[2026-01-01 20:25:34] [DEBUG] [game] Emitted: 'add_text' data={'display_text': ' #                  #'} | {"time": "20:25:34.152", "message": "Emitted: 'add_text' data={'display_text': ' #                  #'}", "context": {"level": null, "scene": null, "state": null}, "data": {}}
[2026-01-01 20:25:34] [DEBUG] [game] Dispatch: RenderSystem -> handled 'add_text' | {"time": "20:25:34.152", "message": "Dispatch: RenderSystem -> handled 'add_text'", "context": {"level": null, "scene": null, "state": null}, "data": {}}
[2026-01-01 20:25:34] [DEBUG] [game] Emitted: 'add_text' data={'display_text': ' #                  #'} | {"time": "20:25:34.152", "message": "Emitted: 'add_text' data={'display_text': ' #                  #'}", "context": {"level": null, "scene": null, "state": null}, "data": {}}
[2026-01-01 20:25:34] [DEBUG] [game] Dispatch: RenderSystem -> handled 'add_text' | {"time": "20:25:34.153", "message": "Dispatch: RenderSystem -> handled 'add_text'", "context": {"level": null, "scene": null, "state": null}, "data": {}}
[2026-01-01 20:25:34] [DEBUG] [game] Emitted: 'add_text' data={'display_text': ' #                  #'} | {"time": "20:25:34.153", "message": "Emitted: 'add_text' data={'display_text': ' #                  #'}", "context": {"level": null, "scene": null, "state": null}, "data": {}}
[2026-01-01 20:25:34] [DEBUG] [game] Dispatch: RenderSystem -> handled 'add_text' | {"time": "20:25:34.153", "message": "Dispatch: RenderSystem -> handled 'add_text'", "context": {"level": null, "scene": null, "state": null}, "data": {}}
[2026-01-01 20:25:34] [DEBUG] [game] Emitted: 'add_text' data={'display_text': ' #                  #'} | {"time": "20:25:34.153", "message": "Emitted: 'add_text' data={'display_text': ' #                  #'}", "context": {"level": null, "scene": null, "state": null}, "data": {}}
[2026-01-01 20:25:34] [DEBUG] [game] Dispatch: RenderSystem -> handled 'add_text' | {"time": "20:25:34.153", "message": "Dispatch: RenderSystem -> handled 'add_text'", "context": {"level": null, "scene": null, "state": null}, "data": {}}
[2026-01-01 20:25:34] [DEBUG] [game] Emitted: 'add_text' data={'display_text': ' #                  #'} | {"time": "20:25:34.153", "message": "Emitted: 'add_text' data={'display_text': ' #                  #'}", "context": {"level": null, "scene": null, "state": null}, "data": {}}
[2026-01-01 20:25:34] [DEBUG] [game] Dispatch: RenderSystem -> handled 'add_text' | {"time": "20:25:34.153", "message": "Dispatch: RenderSystem -> handled 'add_text'", "context": {"level": null, "scene": null, "state": null}, "data": {}}
[2026-01-01 20:25:34] [DEBUG] [game] Emitted: 'add_text' data={'display_text': ' #                  #'} | {"time": "20:25:34.154", "message": "Emitted: 'add_text' data={'display_text': ' #                  #'}", "context": {"level": null, "scene": null, "state": null}, "data": {}}
[2026-01-01 20:25:34] [DEBUG] [game] Dispatch: RenderSystem -> handled 'add_text' | {"time": "20:25:34.154", "message": "Dispatch: RenderSystem -> handled 'add_text'", "context": {"level": null, "scene": null, "state": null}, "data": {}}
[2026-01-01 20:25:34] [DEBUG] [game] Emitted: 'add_text' data={'display_text': ' #                  #'} | {"time": "20:25:34.154", "message": "Emitted: 'add_text' data={'display_text': ' #                  #'}", "context": {"level": null, "scene": null, "state": null}, "data": {}}
[2026-01-01 20:25:34] [DEBUG] [game] Dispatch: RenderSystem -> handled 'add_text' | {"time": "20:25:34.154", "message": "Dispatch: RenderSystem -> handled 'add_text'", "context": {"level": null, "scene": null, "state": null}, "data": {}}
[2026-01-01 20:25:34] [DEBUG] [game] Emitted: 'add_text' data={'display_text': ' #                 $#'} | {"time": "20:25:34.154", "message": "Emitted: 'add_text' data={'display_text': ' #                 $#'}", "context": {"level": null, "scene": null, "state": null}, "data": {}}
[2026-01-01 20:25:34] [DEBUG] [game] Dispatch: RenderSystem -> handled 'add_text' | {"time": "20:25:34.154", "message": "Dispatch: RenderSystem -> handled 'add_text'", "context": {"level": null, "scene": null, "state": null}, "data": {}}
[2026-01-01 20:25:34] [DEBUG] [game] Emitted: 'add_text' data={'display_text': ' ####################'} | {"time": "20:25:34.154", "message": "Emitted: 'add_text' data={'display_text': ' ####################'}", "context": {"level": null, "scene": null, "state": null}, "data": {}}
[2026-01-01 20:25:34] [DEBUG] [game] Dispatch: RenderSystem -> handled 'add_text' | {"time": "20:25:34.154", "message": "Dispatch: RenderSystem -> handled 'add_text'", "context": {"level": null, "scene": null, "state": null}, "data": {}}
[2026-01-01 20:25:34] [DEBUG] [game] Emitted: 'player_input' data={'input': 's'} | {"time": "20:25:34.155", "message": "Emitted: 'player_input' data={'input': 's'}", "context": {"level": null, "scene": null, "state": null}, "data": {}}
[2026-01-01 20:25:34] [DEBUG] [game] Emitted: 'dungeon_player_movement' data={'input': 'd'} | {"time": "20:25:34.218", "message": "Emitted: 'dungeon_player_movement' data={'input': 'd'}", "context": {"level": null, "scene": null, "state": null}, "data": {}}
[2026-01-01 20:25:34] [DEBUG] [game] Dispatch: DungeonManager -> handled 'dungeon_player_movement' | {"time": "20:25:34.219", "message": "Dispatch: DungeonManager -> handled 'dungeon_player_movement'", "context": {"level": null, "scene": null, "state": null}, "data": {}}
[2026-01-01 20:25:34] [DEBUG] [game] [handle_player_move] dx=[1], dy=[0], cur_x=[5], cur_y=[6], new_x=[6], new_y=[6] | {"time": "20:25:34.219", "message": "[handle_player_move] dx=[1], dy=[0], cur_x=[5], cur_y=[6], new_x=[6], new_y=[6]", "context": {"level": null, "scene": null, "state": null}, "data": {}}
[2026-01-01 20:25:34] [DEBUG] [game] [handle_player_move] evaluted to walkable | {"time": "20:25:34.219", "message": "[handle_player_move] evaluted to walkable", "context": {"level": null, "scene": null, "state": null}, "data": {}}
[2026-01-01 20:25:34] [DEBUG] [game] Emitted: 'add_text' data={'display_text': ' ####################'} | {"time": "20:25:34.248", "message": "Emitted: 'add_text' data={'display_text': ' ####################'}", "context": {"level": null, "scene": null, "state": null}, "data": {}}
[2026-01-01 20:25:34] [DEBUG] [game] Dispatch: RenderSystem -> handled 'add_text' | {"time": "20:25:34.248", "message": "Dispatch: RenderSystem -> handled 'add_text'", "context": {"level": null, "scene": null, "state": null}, "data": {}}
[2026-01-01 20:25:34] [DEBUG] [game] Emitted: 'add_text' data={'display_text': ' #                  #'} | {"time": "20:25:34.248", "message": "Emitted: 'add_text' data={'display_text': ' #                  #'}", "context": {"level": null, "scene": null, "state": null}, "data": {}}
[2026-01-01 20:25:34] [DEBUG] [game] Dispatch: RenderSystem -> handled 'add_text' | {"time": "20:25:34.248", "message": "Dispatch: RenderSystem -> handled 'add_text'", "context": {"level": null, "scene": null, "state": null}, "data": {}}
[2026-01-01 20:25:34] [DEBUG] [game] Emitted: 'add_text' data={'display_text': ' #                  #'} | {"time": "20:25:34.248", "message": "Emitted: 'add_text' data={'display_text': ' #                  #'}", "context": {"level": null, "scene": null, "state": null}, "data": {}}
[2026-01-01 20:25:34] [DEBUG] [game] Dispatch: RenderSystem -> handled 'add_text' | {"time": "20:25:34.248", "message": "Dispatch: RenderSystem -> handled 'add_text'", "context": {"level": null, "scene": null, "state": null}, "data": {}}
[2026-01-01 20:25:34] [DEBUG] [game] Emitted: 'add_text' data={'display_text': ' #                  #'} | {"time": "20:25:34.249", "message": "Emitted: 'add_text' data={'display_text': ' #                  #'}", "context": {"level": null, "scene": null, "state": null}, "data": {}}
[2026-01-01 20:25:34] [DEBUG] [game] Dispatch: RenderSystem -> handled 'add_text' | {"time": "20:25:34.249", "message": "Dispatch: RenderSystem -> handled 'add_text'", "context": {"level": null, "scene": null, "state": null}, "data": {}}
[2026-01-01 20:25:34] [DEBUG] [game] Emitted: 'add_text' data={'display_text': ' #                  #'} | {"time": "20:25:34.249", "message": "Emitted: 'add_text' data={'display_text': ' #                  #'}", "context": {"level": null, "scene": null, "state": null}, "data": {}}
[2026-01-01 20:25:34] [DEBUG] [game] Dispatch: RenderSystem -> handled 'add_text' | {"time": "20:25:34.249", "message": "Dispatch: RenderSystem -> handled 'add_text'", "context": {"level": null, "scene": null, "state": null}, "data": {}}
[2026-01-01 20:25:34] [DEBUG] [game] Emitted: 'add_text' data={'display_text': ' #                  #'} | {"time": "20:25:34.249", "message": "Emitted: 'add_text' data={'display_text': ' #                  #'}", "context": {"level": null, "scene": null, "state": null}, "data": {}}
[2026-01-01 20:25:34] [DEBUG] [game] Dispatch: RenderSystem -> handled 'add_text' | {"time": "20:25:34.249", "message": "Dispatch: RenderSystem -> handled 'add_text'", "context": {"level": null, "scene": null, "state": null}, "data": {}}
[2026-01-01 20:25:34] [DEBUG] [game] Emitted: 'add_text' data={'display_text': ' #     @            #'} | {"time": "20:25:34.249", "message": "Emitted: 'add_text' data={'display_text': ' #     @            #'}", "context": {"level": null, "scene": null, "state": null}, "data": {}}
[2026-01-01 20:25:34] [DEBUG] [game] Dispatch: RenderSystem -> handled 'add_text' | {"time": "20:25:34.250", "message": "Dispatch: RenderSystem -> handled 'add_text'", "context": {"level": null, "scene": null, "state": null}, "data": {}}
[2026-01-01 20:25:34] [DEBUG] [game] Emitted: 'add_text' data={'display_text': ' #                  #'} | {"time": "20:25:34.250", "message": "Emitted: 'add_text' data={'display_text': ' #                  #'}", "context": {"level": null, "scene": null, "state": null}, "data": {}}
[2026-01-01 20:25:34] [DEBUG] [game] Dispatch: RenderSystem -> handled 'add_text' | {"time": "20:25:34.250", "message": "Dispatch: RenderSystem -> handled 'add_text'", "context": {"level": null, "scene": null, "state": null}, "data": {}}
[2026-01-01 20:25:34] [DEBUG] [game] Emitted: 'add_text' data={'display_text': ' #                  #'} | {"time": "20:25:34.250", "message": "Emitted: 'add_text' data={'display_text': ' #                  #'}", "context": {"level": null, "scene": null, "state": null}, "data": {}}
[2026-01-01 20:25:34] [DEBUG] [game] Dispatch: RenderSystem -> handled 'add_text' | {"time": "20:25:34.250", "message": "Dispatch: RenderSystem -> handled 'add_text'", "context": {"level": null, "scene": null, "state": null}, "data": {}}
[2026-01-01 20:25:34] [DEBUG] [game] Emitted: 'add_text' data={'display_text': ' #                  #'} | {"time": "20:25:34.251", "message": "Emitted: 'add_text' data={'display_text': ' #                  #'}", "context": {"level": null, "scene": null, "state": null}, "data": {}}
[2026-01-01 20:25:34] [DEBUG] [game] Dispatch: RenderSystem -> handled 'add_text' | {"time": "20:25:34.251", "message": "Dispatch: RenderSystem -> handled 'add_text'", "context": {"level": null, "scene": null, "state": null}, "data": {}}
[2026-01-01 20:25:34] [DEBUG] [game] Emitted: 'add_text' data={'display_text': ' #                  #'} | {"time": "20:25:34.251", "message": "Emitted: 'add_text' data={'display_text': ' #                  #'}", "context": {"level": null, "scene": null, "state": null}, "data": {}}
[2026-01-01 20:25:34] [DEBUG] [game] Dispatch: RenderSystem -> handled 'add_text' | {"time": "20:25:34.251", "message": "Dispatch: RenderSystem -> handled 'add_text'", "context": {"level": null, "scene": null, "state": null}, "data": {}}
[2026-01-01 20:25:34] [DEBUG] [game] Emitted: 'add_text' data={'display_text': ' #                  #'} | {"time": "20:25:34.251", "message": "Emitted: 'add_text' data={'display_text': ' #                  #'}", "context": {"level": null, "scene": null, "state": null}, "data": {}}
[2026-01-01 20:25:34] [DEBUG] [game] Dispatch: RenderSystem -> handled 'add_text' | {"time": "20:25:34.251", "message": "Dispatch: RenderSystem -> handled 'add_text'", "context": {"level": null, "scene": null, "state": null}, "data": {}}
[2026-01-01 20:25:34] [DEBUG] [game] Emitted: 'add_text' data={'display_text': ' #                  #'} | {"time": "20:25:34.251", "message": "Emitted: 'add_text' data={'display_text': ' #                  #'}", "context": {"level": null, "scene": null, "state": null}, "data": {}}
[2026-01-01 20:25:34] [DEBUG] [game] Dispatch: RenderSystem -> handled 'add_text' | {"time": "20:25:34.251", "message": "Dispatch: RenderSystem -> handled 'add_text'", "context": {"level": null, "scene": null, "state": null}, "data": {}}
[2026-01-01 20:25:34] [DEBUG] [game] Emitted: 'add_text' data={'display_text': ' #                  #'} | {"time": "20:25:34.252", "message": "Emitted: 'add_text' data={'display_text': ' #                  #'}", "context": {"level": null, "scene": null, "state": null}, "data": {}}
[2026-01-01 20:25:34] [DEBUG] [game] Dispatch: RenderSystem -> handled 'add_text' | {"time": "20:25:34.252", "message": "Dispatch: RenderSystem -> handled 'add_text'", "context": {"level": null, "scene": null, "state": null}, "data": {}}
[2026-01-01 20:25:34] [DEBUG] [game] Emitted: 'add_text' data={'display_text': ' #                  #'} | {"time": "20:25:34.252", "message": "Emitted: 'add_text' data={'display_text': ' #                  #'}", "context": {"level": null, "scene": null, "state": null}, "data": {}}
[2026-01-01 20:25:34] [DEBUG] [game] Dispatch: RenderSystem -> handled 'add_text' | {"time": "20:25:34.252", "message": "Dispatch: RenderSystem -> handled 'add_text'", "context": {"level": null, "scene": null, "state": null}, "data": {}}
[2026-01-01 20:25:34] [DEBUG] [game] Emitted: 'add_text' data={'display_text': ' #                  #'} | {"time": "20:25:34.252", "message": "Emitted: 'add_text' data={'display_text': ' #                  #'}", "context": {"level": null, "scene": null, "state": null}, "data": {}}
[2026-01-01 20:25:34] [DEBUG] [game] Dispatch: RenderSystem -> handled 'add_text' | {"time": "20:25:34.252", "message": "Dispatch: RenderSystem -> handled 'add_text'", "context": {"level": null, "scene": null, "state": null}, "data": {}}
[2026-01-01 20:25:34] [DEBUG] [game] Emitted: 'add_text' data={'display_text': ' #                  #'} | {"time": "20:25:34.252", "message": "Emitted: 'add_text' data={'display_text': ' #                  #'}", "context": {"level": null, "scene": null, "state": null}, "data": {}}
[2026-01-01 20:25:34] [DEBUG] [game] Dispatch: RenderSystem -> handled 'add_text' | {"time": "20:25:34.253", "message": "Dispatch: RenderSystem -> handled 'add_text'", "context": {"level": null, "scene": null, "state": null}, "data": {}}
[2026-01-01 20:25:34] [DEBUG] [game] Emitted: 'add_text' data={'display_text': ' #                  #'} | {"time": "20:25:34.253", "message": "Emitted: 'add_text' data={'display_text': ' #                  #'}", "context": {"level": null, "scene": null, "state": null}, "data": {}}
[2026-01-01 20:25:34] [DEBUG] [game] Dispatch: RenderSystem -> handled 'add_text' | {"time": "20:25:34.253", "message": "Dispatch: RenderSystem -> handled 'add_text'", "context": {"level": null, "scene": null, "state": null}, "data": {}}
[2026-01-01 20:25:34] [DEBUG] [game] Emitted: 'add_text' data={'display_text': ' #                 $#'} | {"time": "20:25:34.253", "message": "Emitted: 'add_text' data={'display_text': ' #                 $#'}", "context": {"level": null, "scene": null, "state": null}, "data": {}}
[2026-01-01 20:25:34] [DEBUG] [game] Dispatch: RenderSystem -> handled 'add_text' | {"time": "20:25:34.253", "message": "Dispatch: RenderSystem -> handled 'add_text'", "context": {"level": null, "scene": null, "state": null}, "data": {}}
[2026-01-01 20:25:34] [DEBUG] [game] Emitted: 'add_text' data={'display_text': ' ####################'} | {"time": "20:25:34.253", "message": "Emitted: 'add_text' data={'display_text': ' ####################'}", "context": {"level": null, "scene": null, "state": null}, "data": {}}
[2026-01-01 20:25:34] [DEBUG] [game] Dispatch: RenderSystem -> handled 'add_text' | {"time": "20:25:34.253", "message": "Dispatch: RenderSystem -> handled 'add_text'", "context": {"level": null, "scene": null, "state": null}, "data": {}}
[2026-01-01 20:25:34] [DEBUG] [game] Emitted: 'player_input' data={'input': 'd'} | {"time": "20:25:34.254", "message": "Emitted: 'player_input' data={'input': 'd'}", "context": {"level": null, "scene": null, "state": null}, "data": {}}
[2026-01-01 20:25:34] [DEBUG] [game] Emitted: 'dungeon_player_movement' data={'input': 's'} | {"time": "20:25:34.272", "message": "Emitted: 'dungeon_player_movement' data={'input': 's'}", "context": {"level": null, "scene": null, "state": null}, "data": {}}
[2026-01-01 20:25:34] [DEBUG] [game] Dispatch: DungeonManager -> handled 'dungeon_player_movement' | {"time": "20:25:34.273", "message": "Dispatch: DungeonManager -> handled 'dungeon_player_movement'", "context": {"level": null, "scene": null, "state": null}, "data": {}}
[2026-01-01 20:25:34] [DEBUG] [game] [handle_player_move] dx=[0], dy=[1], cur_x=[6], cur_y=[6], new_x=[6], new_y=[7] | {"time": "20:25:34.273", "message": "[handle_player_move] dx=[0], dy=[1], cur_x=[6], cur_y=[6], new_x=[6], new_y=[7]", "context": {"level": null, "scene": null, "state": null}, "data": {}}
[2026-01-01 20:25:34] [DEBUG] [game] [handle_player_move] evaluted to walkable | {"time": "20:25:34.273", "message": "[handle_player_move] evaluted to walkable", "context": {"level": null, "scene": null, "state": null}, "data": {}}
[2026-01-01 20:25:34] [DEBUG] [game] Emitted: 'add_text' data={'display_text': ' ####################'} | {"time": "20:25:34.301", "message": "Emitted: 'add_text' data={'display_text': ' ####################'}", "context": {"level": null, "scene": null, "state": null}, "data": {}}
[2026-01-01 20:25:34] [DEBUG] [game] Dispatch: RenderSystem -> handled 'add_text' | {"time": "20:25:34.301", "message": "Dispatch: RenderSystem -> handled 'add_text'", "context": {"level": null, "scene": null, "state": null}, "data": {}}
[2026-01-01 20:25:34] [DEBUG] [game] Emitted: 'add_text' data={'display_text': ' #                  #'} | {"time": "20:25:34.301", "message": "Emitted: 'add_text' data={'display_text': ' #                  #'}", "context": {"level": null, "scene": null, "state": null}, "data": {}}
[2026-01-01 20:25:34] [DEBUG] [game] Dispatch: RenderSystem -> handled 'add_text' | {"time": "20:25:34.301", "message": "Dispatch: RenderSystem -> handled 'add_text'", "context": {"level": null, "scene": null, "state": null}, "data": {}}
[2026-01-01 20:25:34] [DEBUG] [game] Emitted: 'add_text' data={'display_text': ' #                  #'} | {"time": "20:25:34.301", "message": "Emitted: 'add_text' data={'display_text': ' #                  #'}", "context": {"level": null, "scene": null, "state": null}, "data": {}}
[2026-01-01 20:25:34] [DEBUG] [game] Dispatch: RenderSystem -> handled 'add_text' | {"time": "20:25:34.301", "message": "Dispatch: RenderSystem -> handled 'add_text'", "context": {"level": null, "scene": null, "state": null}, "data": {}}
[2026-01-01 20:25:34] [DEBUG] [game] Emitted: 'add_text' data={'display_text': ' #                  #'} | {"time": "20:25:34.302", "message": "Emitted: 'add_text' data={'display_text': ' #                  #'}", "context": {"level": null, "scene": null, "state": null}, "data": {}}
[2026-01-01 20:25:34] [DEBUG] [game] Dispatch: RenderSystem -> handled 'add_text' | {"time": "20:25:34.302", "message": "Dispatch: RenderSystem -> handled 'add_text'", "context": {"level": null, "scene": null, "state": null}, "data": {}}
[2026-01-01 20:25:34] [DEBUG] [game] Emitted: 'add_text' data={'display_text': ' #                  #'} | {"time": "20:25:34.302", "message": "Emitted: 'add_text' data={'display_text': ' #                  #'}", "context": {"level": null, "scene": null, "state": null}, "data": {}}
[2026-01-01 20:25:34] [DEBUG] [game] Dispatch: RenderSystem -> handled 'add_text' | {"time": "20:25:34.302", "message": "Dispatch: RenderSystem -> handled 'add_text'", "context": {"level": null, "scene": null, "state": null}, "data": {}}
[2026-01-01 20:25:34] [DEBUG] [game] Emitted: 'add_text' data={'display_text': ' #                  #'} | {"time": "20:25:34.302", "message": "Emitted: 'add_text' data={'display_text': ' #                  #'}", "context": {"level": null, "scene": null, "state": null}, "data": {}}
[2026-01-01 20:25:34] [DEBUG] [game] Dispatch: RenderSystem -> handled 'add_text' | {"time": "20:25:34.302", "message": "Dispatch: RenderSystem -> handled 'add_text'", "context": {"level": null, "scene": null, "state": null}, "data": {}}
[2026-01-01 20:25:34] [DEBUG] [game] Emitted: 'add_text' data={'display_text': ' #                  #'} | {"time": "20:25:34.302", "message": "Emitted: 'add_text' data={'display_text': ' #                  #'}", "context": {"level": null, "scene": null, "state": null}, "data": {}}
[2026-01-01 20:25:34] [DEBUG] [game] Dispatch: RenderSystem -> handled 'add_text' | {"time": "20:25:34.303", "message": "Dispatch: RenderSystem -> handled 'add_text'", "context": {"level": null, "scene": null, "state": null}, "data": {}}
[2026-01-01 20:25:34] [DEBUG] [game] Emitted: 'add_text' data={'display_text': ' #     @            #'} | {"time": "20:25:34.303", "message": "Emitted: 'add_text' data={'display_text': ' #     @            #'}", "context": {"level": null, "scene": null, "state": null}, "data": {}}
[2026-01-01 20:25:34] [DEBUG] [game] Dispatch: RenderSystem -> handled 'add_text' | {"time": "20:25:34.303", "message": "Dispatch: RenderSystem -> handled 'add_text'", "context": {"level": null, "scene": null, "state": null}, "data": {}}
[2026-01-01 20:25:34] [DEBUG] [game] Emitted: 'add_text' data={'display_text': ' #                  #'} | {"time": "20:25:34.303", "message": "Emitted: 'add_text' data={'display_text': ' #                  #'}", "context": {"level": null, "scene": null, "state": null}, "data": {}}
[2026-01-01 20:25:34] [DEBUG] [game] Dispatch: RenderSystem -> handled 'add_text' | {"time": "20:25:34.303", "message": "Dispatch: RenderSystem -> handled 'add_text'", "context": {"level": null, "scene": null, "state": null}, "data": {}}
[2026-01-01 20:25:34] [DEBUG] [game] Emitted: 'add_text' data={'display_text': ' #                  #'} | {"time": "20:25:34.303", "message": "Emitted: 'add_text' data={'display_text': ' #                  #'}", "context": {"level": null, "scene": null, "state": null}, "data": {}}
[2026-01-01 20:25:34] [DEBUG] [game] Dispatch: RenderSystem -> handled 'add_text' | {"time": "20:25:34.303", "message": "Dispatch: RenderSystem -> handled 'add_text'", "context": {"level": null, "scene": null, "state": null}, "data": {}}
[2026-01-01 20:25:34] [DEBUG] [game] Emitted: 'add_text' data={'display_text': ' #                  #'} | {"time": "20:25:34.304", "message": "Emitted: 'add_text' data={'display_text': ' #                  #'}", "context": {"level": null, "scene": null, "state": null}, "data": {}}
[2026-01-01 20:25:34] [DEBUG] [game] Dispatch: RenderSystem -> handled 'add_text' | {"time": "20:25:34.304", "message": "Dispatch: RenderSystem -> handled 'add_text'", "context": {"level": null, "scene": null, "state": null}, "data": {}}
[2026-01-01 20:25:34] [DEBUG] [game] Emitted: 'add_text' data={'display_text': ' #                  #'} | {"time": "20:25:34.304", "message": "Emitted: 'add_text' data={'display_text': ' #                  #'}", "context": {"level": null, "scene": null, "state": null}, "data": {}}
[2026-01-01 20:25:34] [DEBUG] [game] Dispatch: RenderSystem -> handled 'add_text' | {"time": "20:25:34.304", "message": "Dispatch: RenderSystem -> handled 'add_text'", "context": {"level": null, "scene": null, "state": null}, "data": {}}
[2026-01-01 20:25:34] [DEBUG] [game] Emitted: 'add_text' data={'display_text': ' #                  #'} | {"time": "20:25:34.304", "message": "Emitted: 'add_text' data={'display_text': ' #                  #'}", "context": {"level": null, "scene": null, "state": null}, "data": {}}
[2026-01-01 20:25:34] [DEBUG] [game] Dispatch: RenderSystem -> handled 'add_text' | {"time": "20:25:34.304", "message": "Dispatch: RenderSystem -> handled 'add_text'", "context": {"level": null, "scene": null, "state": null}, "data": {}}
[2026-01-01 20:25:34] [DEBUG] [game] Emitted: 'add_text' data={'display_text': ' #                  #'} | {"time": "20:25:34.305", "message": "Emitted: 'add_text' data={'display_text': ' #                  #'}", "context": {"level": null, "scene": null, "state": null}, "data": {}}
[2026-01-01 20:25:34] [DEBUG] [game] Dispatch: RenderSystem -> handled 'add_text' | {"time": "20:25:34.305", "message": "Dispatch: RenderSystem -> handled 'add_text'", "context": {"level": null, "scene": null, "state": null}, "data": {}}
[2026-01-01 20:25:34] [DEBUG] [game] Emitted: 'add_text' data={'display_text': ' #                  #'} | {"time": "20:25:34.305", "message": "Emitted: 'add_text' data={'display_text': ' #                  #'}", "context": {"level": null, "scene": null, "state": null}, "data": {}}
[2026-01-01 20:25:34] [DEBUG] [game] Dispatch: RenderSystem -> handled 'add_text' | {"time": "20:25:34.305", "message": "Dispatch: RenderSystem -> handled 'add_text'", "context": {"level": null, "scene": null, "state": null}, "data": {}}
[2026-01-01 20:25:34] [DEBUG] [game] Emitted: 'add_text' data={'display_text': ' #                  #'} | {"time": "20:25:34.305", "message": "Emitted: 'add_text' data={'display_text': ' #                  #'}", "context": {"level": null, "scene": null, "state": null}, "data": {}}
[2026-01-01 20:25:34] [DEBUG] [game] Dispatch: RenderSystem -> handled 'add_text' | {"time": "20:25:34.305", "message": "Dispatch: RenderSystem -> handled 'add_text'", "context": {"level": null, "scene": null, "state": null}, "data": {}}
[2026-01-01 20:25:34] [DEBUG] [game] Emitted: 'add_text' data={'display_text': ' #                  #'} | {"time": "20:25:34.305", "message": "Emitted: 'add_text' data={'display_text': ' #                  #'}", "context": {"level": null, "scene": null, "state": null}, "data": {}}
[2026-01-01 20:25:34] [DEBUG] [game] Dispatch: RenderSystem -> handled 'add_text' | {"time": "20:25:34.306", "message": "Dispatch: RenderSystem -> handled 'add_text'", "context": {"level": null, "scene": null, "state": null}, "data": {}}
[2026-01-01 20:25:34] [DEBUG] [game] Emitted: 'add_text' data={'display_text': ' #                  #'} | {"time": "20:25:34.306", "message": "Emitted: 'add_text' data={'display_text': ' #                  #'}", "context": {"level": null, "scene": null, "state": null}, "data": {}}
[2026-01-01 20:25:34] [DEBUG] [game] Dispatch: RenderSystem -> handled 'add_text' | {"time": "20:25:34.306", "message": "Dispatch: RenderSystem -> handled 'add_text'", "context": {"level": null, "scene": null, "state": null}, "data": {}}
[2026-01-01 20:25:34] [DEBUG] [game] Emitted: 'add_text' data={'display_text': ' #                 $#'} | {"time": "20:25:34.306", "message": "Emitted: 'add_text' data={'display_text': ' #                 $#'}", "context": {"level": null, "scene": null, "state": null}, "data": {}}
[2026-01-01 20:25:34] [DEBUG] [game] Dispatch: RenderSystem -> handled 'add_text' | {"time": "20:25:34.306", "message": "Dispatch: RenderSystem -> handled 'add_text'", "context": {"level": null, "scene": null, "state": null}, "data": {}}
[2026-01-01 20:25:34] [DEBUG] [game] Emitted: 'add_text' data={'display_text': ' ####################'} | {"time": "20:25:34.306", "message": "Emitted: 'add_text' data={'display_text': ' ####################'}", "context": {"level": null, "scene": null, "state": null}, "data": {}}
[2026-01-01 20:25:34] [DEBUG] [game] Dispatch: RenderSystem -> handled 'add_text' | {"time": "20:25:34.306", "message": "Dispatch: RenderSystem -> handled 'add_text'", "context": {"level": null, "scene": null, "state": null}, "data": {}}
[2026-01-01 20:25:34] [DEBUG] [game] Emitted: 'player_input' data={'input': 's'} | {"time": "20:25:34.307", "message": "Emitted: 'player_input' data={'input': 's'}", "context": {"level": null, "scene": null, "state": null}, "data": {}}
[2026-01-01 20:25:34] [DEBUG] [game] Emitted: 'dungeon_player_movement' data={'input': 'd'} | {"time": "20:25:34.355", "message": "Emitted: 'dungeon_player_movement' data={'input': 'd'}", "context": {"level": null, "scene": null, "state": null}, "data": {}}
[2026-01-01 20:25:34] [DEBUG] [game] Dispatch: DungeonManager -> handled 'dungeon_player_movement' | {"time": "20:25:34.355", "message": "Dispatch: DungeonManager -> handled 'dungeon_player_movement'", "context": {"level": null, "scene": null, "state": null}, "data": {}}
[2026-01-01 20:25:34] [DEBUG] [game] [handle_player_move] dx=[1], dy=[0], cur_x=[6], cur_y=[7], new_x=[7], new_y=[7] | {"time": "20:25:34.355", "message": "[handle_player_move] dx=[1], dy=[0], cur_x=[6], cur_y=[7], new_x=[7], new_y=[7]", "context": {"level": null, "scene": null, "state": null}, "data": {}}
[2026-01-01 20:25:34] [DEBUG] [game] [handle_player_move] evaluted to walkable | {"time": "20:25:34.356", "message": "[handle_player_move] evaluted to walkable", "context": {"level": null, "scene": null, "state": null}, "data": {}}
[2026-01-01 20:25:34] [DEBUG] [game] Emitted: 'add_text' data={'display_text': ' ####################'} | {"time": "20:25:34.385", "message": "Emitted: 'add_text' data={'display_text': ' ####################'}", "context": {"level": null, "scene": null, "state": null}, "data": {}}
[2026-01-01 20:25:34] [DEBUG] [game] Dispatch: RenderSystem -> handled 'add_text' | {"time": "20:25:34.385", "message": "Dispatch: RenderSystem -> handled 'add_text'", "context": {"level": null, "scene": null, "state": null}, "data": {}}
[2026-01-01 20:25:34] [DEBUG] [game] Emitted: 'add_text' data={'display_text': ' #                  #'} | {"time": "20:25:34.385", "message": "Emitted: 'add_text' data={'display_text': ' #                  #'}", "context": {"level": null, "scene": null, "state": null}, "data": {}}
[2026-01-01 20:25:34] [DEBUG] [game] Dispatch: RenderSystem -> handled 'add_text' | {"time": "20:25:34.385", "message": "Dispatch: RenderSystem -> handled 'add_text'", "context": {"level": null, "scene": null, "state": null}, "data": {}}
[2026-01-01 20:25:34] [DEBUG] [game] Emitted: 'add_text' data={'display_text': ' #                  #'} | {"time": "20:25:34.386", "message": "Emitted: 'add_text' data={'display_text': ' #                  #'}", "context": {"level": null, "scene": null, "state": null}, "data": {}}
[2026-01-01 20:25:34] [DEBUG] [game] Dispatch: RenderSystem -> handled 'add_text' | {"time": "20:25:34.386", "message": "Dispatch: RenderSystem -> handled 'add_text'", "context": {"level": null, "scene": null, "state": null}, "data": {}}
[2026-01-01 20:25:34] [DEBUG] [game] Emitted: 'add_text' data={'display_text': ' #                  #'} | {"time": "20:25:34.386", "message": "Emitted: 'add_text' data={'display_text': ' #                  #'}", "context": {"level": null, "scene": null, "state": null}, "data": {}}
[2026-01-01 20:25:34] [DEBUG] [game] Dispatch: RenderSystem -> handled 'add_text' | {"time": "20:25:34.386", "message": "Dispatch: RenderSystem -> handled 'add_text'", "context": {"level": null, "scene": null, "state": null}, "data": {}}
[2026-01-01 20:25:34] [DEBUG] [game] Emitted: 'add_text' data={'display_text': ' #                  #'} | {"time": "20:25:34.386", "message": "Emitted: 'add_text' data={'display_text': ' #                  #'}", "context": {"level": null, "scene": null, "state": null}, "data": {}}
[2026-01-01 20:25:34] [DEBUG] [game] Dispatch: RenderSystem -> handled 'add_text' | {"time": "20:25:34.386", "message": "Dispatch: RenderSystem -> handled 'add_text'", "context": {"level": null, "scene": null, "state": null}, "data": {}}
[2026-01-01 20:25:34] [DEBUG] [game] Emitted: 'add_text' data={'display_text': ' #                  #'} | {"time": "20:25:34.386", "message": "Emitted: 'add_text' data={'display_text': ' #                  #'}", "context": {"level": null, "scene": null, "state": null}, "data": {}}
[2026-01-01 20:25:34] [DEBUG] [game] Dispatch: RenderSystem -> handled 'add_text' | {"time": "20:25:34.387", "message": "Dispatch: RenderSystem -> handled 'add_text'", "context": {"level": null, "scene": null, "state": null}, "data": {}}
[2026-01-01 20:25:34] [DEBUG] [game] Emitted: 'add_text' data={'display_text': ' #                  #'} | {"time": "20:25:34.387", "message": "Emitted: 'add_text' data={'display_text': ' #                  #'}", "context": {"level": null, "scene": null, "state": null}, "data": {}}
[2026-01-01 20:25:34] [DEBUG] [game] Dispatch: RenderSystem -> handled 'add_text' | {"time": "20:25:34.387", "message": "Dispatch: RenderSystem -> handled 'add_text'", "context": {"level": null, "scene": null, "state": null}, "data": {}}
[2026-01-01 20:25:34] [DEBUG] [game] Emitted: 'add_text' data={'display_text': ' #      @           #'} | {"time": "20:25:34.387", "message": "Emitted: 'add_text' data={'display_text': ' #      @           #'}", "context": {"level": null, "scene": null, "state": null}, "data": {}}
[2026-01-01 20:25:34] [DEBUG] [game] Dispatch: RenderSystem -> handled 'add_text' | {"time": "20:25:34.387", "message": "Dispatch: RenderSystem -> handled 'add_text'", "context": {"level": null, "scene": null, "state": null}, "data": {}}
[2026-01-01 20:25:34] [DEBUG] [game] Emitted: 'add_text' data={'display_text': ' #                  #'} | {"time": "20:25:34.387", "message": "Emitted: 'add_text' data={'display_text': ' #                  #'}", "context": {"level": null, "scene": null, "state": null}, "data": {}}
[2026-01-01 20:25:34] [DEBUG] [game] Dispatch: RenderSystem -> handled 'add_text' | {"time": "20:25:34.387", "message": "Dispatch: RenderSystem -> handled 'add_text'", "context": {"level": null, "scene": null, "state": null}, "data": {}}
[2026-01-01 20:25:34] [DEBUG] [game] Emitted: 'add_text' data={'display_text': ' #                  #'} | {"time": "20:25:34.388", "message": "Emitted: 'add_text' data={'display_text': ' #                  #'}", "context": {"level": null, "scene": null, "state": null}, "data": {}}
[2026-01-01 20:25:34] [DEBUG] [game] Dispatch: RenderSystem -> handled 'add_text' | {"time": "20:25:34.388", "message": "Dispatch: RenderSystem -> handled 'add_text'", "context": {"level": null, "scene": null, "state": null}, "data": {}}
[2026-01-01 20:25:34] [DEBUG] [game] Emitted: 'add_text' data={'display_text': ' #                  #'} | {"time": "20:25:34.388", "message": "Emitted: 'add_text' data={'display_text': ' #                  #'}", "context": {"level": null, "scene": null, "state": null}, "data": {}}
[2026-01-01 20:25:34] [DEBUG] [game] Dispatch: RenderSystem -> handled 'add_text' | {"time": "20:25:34.388", "message": "Dispatch: RenderSystem -> handled 'add_text'", "context": {"level": null, "scene": null, "state": null}, "data": {}}
[2026-01-01 20:25:34] [DEBUG] [game] Emitted: 'add_text' data={'display_text': ' #                  #'} | {"time": "20:25:34.388", "message": "Emitted: 'add_text' data={'display_text': ' #                  #'}", "context": {"level": null, "scene": null, "state": null}, "data": {}}
[2026-01-01 20:25:34] [DEBUG] [game] Dispatch: RenderSystem -> handled 'add_text' | {"time": "20:25:34.388", "message": "Dispatch: RenderSystem -> handled 'add_text'", "context": {"level": null, "scene": null, "state": null}, "data": {}}
[2026-01-01 20:25:34] [DEBUG] [game] Emitted: 'add_text' data={'display_text': ' #                  #'} | {"time": "20:25:34.389", "message": "Emitted: 'add_text' data={'display_text': ' #                  #'}", "context": {"level": null, "scene": null, "state": null}, "data": {}}
[2026-01-01 20:25:34] [DEBUG] [game] Dispatch: RenderSystem -> handled 'add_text' | {"time": "20:25:34.389", "message": "Dispatch: RenderSystem -> handled 'add_text'", "context": {"level": null, "scene": null, "state": null}, "data": {}}
[2026-01-01 20:25:34] [DEBUG] [game] Emitted: 'add_text' data={'display_text': ' #                  #'} | {"time": "20:25:34.389", "message": "Emitted: 'add_text' data={'display_text': ' #                  #'}", "context": {"level": null, "scene": null, "state": null}, "data": {}}
[2026-01-01 20:25:34] [DEBUG] [game] Dispatch: RenderSystem -> handled 'add_text' | {"time": "20:25:34.389", "message": "Dispatch: RenderSystem -> handled 'add_text'", "context": {"level": null, "scene": null, "state": null}, "data": {}}
[2026-01-01 20:25:34] [DEBUG] [game] Emitted: 'add_text' data={'display_text': ' #                  #'} | {"time": "20:25:34.389", "message": "Emitted: 'add_text' data={'display_text': ' #                  #'}", "context": {"level": null, "scene": null, "state": null}, "data": {}}
[2026-01-01 20:25:34] [DEBUG] [game] Dispatch: RenderSystem -> handled 'add_text' | {"time": "20:25:34.390", "message": "Dispatch: RenderSystem -> handled 'add_text'", "context": {"level": null, "scene": null, "state": null}, "data": {}}
[2026-01-01 20:25:34] [DEBUG] [game] Emitted: 'add_text' data={'display_text': ' #                  #'} | {"time": "20:25:34.390", "message": "Emitted: 'add_text' data={'display_text': ' #                  #'}", "context": {"level": null, "scene": null, "state": null}, "data": {}}
[2026-01-01 20:25:34] [DEBUG] [game] Dispatch: RenderSystem -> handled 'add_text' | {"time": "20:25:34.390", "message": "Dispatch: RenderSystem -> handled 'add_text'", "context": {"level": null, "scene": null, "state": null}, "data": {}}
[2026-01-01 20:25:34] [DEBUG] [game] Emitted: 'add_text' data={'display_text': ' #                  #'} | {"time": "20:25:34.390", "message": "Emitted: 'add_text' data={'display_text': ' #                  #'}", "context": {"level": null, "scene": null, "state": null}, "data": {}}
[2026-01-01 20:25:34] [DEBUG] [game] Dispatch: RenderSystem -> handled 'add_text' | {"time": "20:25:34.390", "message": "Dispatch: RenderSystem -> handled 'add_text'", "context": {"level": null, "scene": null, "state": null}, "data": {}}
[2026-01-01 20:25:34] [DEBUG] [game] Emitted: 'add_text' data={'display_text': ' #                  #'} | {"time": "20:25:34.390", "message": "Emitted: 'add_text' data={'display_text': ' #                  #'}", "context": {"level": null, "scene": null, "state": null}, "data": {}}
[2026-01-01 20:25:34] [DEBUG] [game] Dispatch: RenderSystem -> handled 'add_text' | {"time": "20:25:34.390", "message": "Dispatch: RenderSystem -> handled 'add_text'", "context": {"level": null, "scene": null, "state": null}, "data": {}}
[2026-01-01 20:25:34] [DEBUG] [game] Emitted: 'add_text' data={'display_text': ' #                 $#'} | {"time": "20:25:34.391", "message": "Emitted: 'add_text' data={'display_text': ' #                 $#'}", "context": {"level": null, "scene": null, "state": null}, "data": {}}
[2026-01-01 20:25:34] [DEBUG] [game] Dispatch: RenderSystem -> handled 'add_text' | {"time": "20:25:34.391", "message": "Dispatch: RenderSystem -> handled 'add_text'", "context": {"level": null, "scene": null, "state": null}, "data": {}}
[2026-01-01 20:25:34] [DEBUG] [game] Emitted: 'add_text' data={'display_text': ' ####################'} | {"time": "20:25:34.391", "message": "Emitted: 'add_text' data={'display_text': ' ####################'}", "context": {"level": null, "scene": null, "state": null}, "data": {}}
[2026-01-01 20:25:34] [DEBUG] [game] Dispatch: RenderSystem -> handled 'add_text' | {"time": "20:25:34.391", "message": "Dispatch: RenderSystem -> handled 'add_text'", "context": {"level": null, "scene": null, "state": null}, "data": {}}
[2026-01-01 20:25:34] [DEBUG] [game] Emitted: 'player_input' data={'input': 'd'} | {"time": "20:25:34.391", "message": "Emitted: 'player_input' data={'input': 'd'}", "context": {"level": null, "scene": null, "state": null}, "data": {}}
[2026-01-01 20:25:47] [DEBUG] [game] Emitted: 'dungeon_player_movement' data={'input': 's'} | {"time": "20:25:47.125", "message": "Emitted: 'dungeon_player_movement' data={'input': 's'}", "context": {"level": null, "scene": null, "state": null}, "data": {}}
[2026-01-01 20:25:47] [DEBUG] [game] Dispatch: DungeonManager -> handled 'dungeon_player_movement' | {"time": "20:25:47.125", "message": "Dispatch: DungeonManager -> handled 'dungeon_player_movement'", "context": {"level": null, "scene": null, "state": null}, "data": {}}
[2026-01-01 20:25:47] [DEBUG] [game] [handle_player_move] dx=[0], dy=[1], cur_x=[7], cur_y=[7], new_x=[7], new_y=[8] | {"time": "20:25:47.125", "message": "[handle_player_move] dx=[0], dy=[1], cur_x=[7], cur_y=[7], new_x=[7], new_y=[8]", "context": {"level": null, "scene": null, "state": null}, "data": {}}
[2026-01-01 20:25:47] [DEBUG] [game] [handle_player_move] evaluted to walkable | {"time": "20:25:47.125", "message": "[handle_player_move] evaluted to walkable", "context": {"level": null, "scene": null, "state": null}, "data": {}}
[2026-01-01 20:25:47] [DEBUG] [game] Emitted: 'add_text' data={'display_text': ' ####################'} | {"time": "20:25:47.154", "message": "Emitted: 'add_text' data={'display_text': ' ####################'}", "context": {"level": null, "scene": null, "state": null}, "data": {}}
[2026-01-01 20:25:47] [DEBUG] [game] Dispatch: RenderSystem -> handled 'add_text' | {"time": "20:25:47.154", "message": "Dispatch: RenderSystem -> handled 'add_text'", "context": {"level": null, "scene": null, "state": null}, "data": {}}
[2026-01-01 20:25:47] [DEBUG] [game] Emitted: 'add_text' data={'display_text': ' #                  #'} | {"time": "20:25:47.154", "message": "Emitted: 'add_text' data={'display_text': ' #                  #'}", "context": {"level": null, "scene": null, "state": null}, "data": {}}
[2026-01-01 20:25:47] [DEBUG] [game] Dispatch: RenderSystem -> handled 'add_text' | {"time": "20:25:47.154", "message": "Dispatch: RenderSystem -> handled 'add_text'", "context": {"level": null, "scene": null, "state": null}, "data": {}}
[2026-01-01 20:25:47] [DEBUG] [game] Emitted: 'add_text' data={'display_text': ' #                  #'} | {"time": "20:25:47.154", "message": "Emitted: 'add_text' data={'display_text': ' #                  #'}", "context": {"level": null, "scene": null, "state": null}, "data": {}}
[2026-01-01 20:25:47] [DEBUG] [game] Dispatch: RenderSystem -> handled 'add_text' | {"time": "20:25:47.154", "message": "Dispatch: RenderSystem -> handled 'add_text'", "context": {"level": null, "scene": null, "state": null}, "data": {}}
[2026-01-01 20:25:47] [DEBUG] [game] Emitted: 'add_text' data={'display_text': ' #                  #'} | {"time": "20:25:47.155", "message": "Emitted: 'add_text' data={'display_text': ' #                  #'}", "context": {"level": null, "scene": null, "state": null}, "data": {}}
[2026-01-01 20:25:47] [DEBUG] [game] Dispatch: RenderSystem -> handled 'add_text' | {"time": "20:25:47.155", "message": "Dispatch: RenderSystem -> handled 'add_text'", "context": {"level": null, "scene": null, "state": null}, "data": {}}
[2026-01-01 20:25:47] [DEBUG] [game] Emitted: 'add_text' data={'display_text': ' #                  #'} | {"time": "20:25:47.155", "message": "Emitted: 'add_text' data={'display_text': ' #                  #'}", "context": {"level": null, "scene": null, "state": null}, "data": {}}
[2026-01-01 20:25:47] [DEBUG] [game] Dispatch: RenderSystem -> handled 'add_text' | {"time": "20:25:47.155", "message": "Dispatch: RenderSystem -> handled 'add_text'", "context": {"level": null, "scene": null, "state": null}, "data": {}}
[2026-01-01 20:25:47] [DEBUG] [game] Emitted: 'add_text' data={'display_text': ' #                  #'} | {"time": "20:25:47.155", "message": "Emitted: 'add_text' data={'display_text': ' #                  #'}", "context": {"level": null, "scene": null, "state": null}, "data": {}}
[2026-01-01 20:25:47] [DEBUG] [game] Dispatch: RenderSystem -> handled 'add_text' | {"time": "20:25:47.155", "message": "Dispatch: RenderSystem -> handled 'add_text'", "context": {"level": null, "scene": null, "state": null}, "data": {}}
[2026-01-01 20:25:47] [DEBUG] [game] Emitted: 'add_text' data={'display_text': ' #                  #'} | {"time": "20:25:47.156", "message": "Emitted: 'add_text' data={'display_text': ' #                  #'}", "context": {"level": null, "scene": null, "state": null}, "data": {}}
[2026-01-01 20:25:47] [DEBUG] [game] Dispatch: RenderSystem -> handled 'add_text' | {"time": "20:25:47.156", "message": "Dispatch: RenderSystem -> handled 'add_text'", "context": {"level": null, "scene": null, "state": null}, "data": {}}
[2026-01-01 20:25:47] [DEBUG] [game] Emitted: 'add_text' data={'display_text': ' #                  #'} | {"time": "20:25:47.156", "message": "Emitted: 'add_text' data={'display_text': ' #                  #'}", "context": {"level": null, "scene": null, "state": null}, "data": {}}
[2026-01-01 20:25:47] [DEBUG] [game] Dispatch: RenderSystem -> handled 'add_text' | {"time": "20:25:47.156", "message": "Dispatch: RenderSystem -> handled 'add_text'", "context": {"level": null, "scene": null, "state": null}, "data": {}}
[2026-01-01 20:25:47] [DEBUG] [game] Emitted: 'add_text' data={'display_text': ' #      @           #'} | {"time": "20:25:47.156", "message": "Emitted: 'add_text' data={'display_text': ' #      @           #'}", "context": {"level": null, "scene": null, "state": null}, "data": {}}
[2026-01-01 20:25:47] [DEBUG] [game] Dispatch: RenderSystem -> handled 'add_text' | {"time": "20:25:47.156", "message": "Dispatch: RenderSystem -> handled 'add_text'", "context": {"level": null, "scene": null, "state": null}, "data": {}}
[2026-01-01 20:25:47] [DEBUG] [game] Emitted: 'add_text' data={'display_text': ' #                  #'} | {"time": "20:25:47.156", "message": "Emitted: 'add_text' data={'display_text': ' #                  #'}", "context": {"level": null, "scene": null, "state": null}, "data": {}}
[2026-01-01 20:25:47] [DEBUG] [game] Dispatch: RenderSystem -> handled 'add_text' | {"time": "20:25:47.157", "message": "Dispatch: RenderSystem -> handled 'add_text'", "context": {"level": null, "scene": null, "state": null}, "data": {}}
[2026-01-01 20:25:47] [DEBUG] [game] Emitted: 'add_text' data={'display_text': ' #                  #'} | {"time": "20:25:47.157", "message": "Emitted: 'add_text' data={'display_text': ' #                  #'}", "context": {"level": null, "scene": null, "state": null}, "data": {}}
[2026-01-01 20:25:47] [DEBUG] [game] Dispatch: RenderSystem -> handled 'add_text' | {"time": "20:25:47.157", "message": "Dispatch: RenderSystem -> handled 'add_text'", "context": {"level": null, "scene": null, "state": null}, "data": {}}
[2026-01-01 20:25:47] [DEBUG] [game] Emitted: 'add_text' data={'display_text': ' #                  #'} | {"time": "20:25:47.157", "message": "Emitted: 'add_text' data={'display_text': ' #                  #'}", "context": {"level": null, "scene": null, "state": null}, "data": {}}
[2026-01-01 20:25:47] [DEBUG] [game] Dispatch: RenderSystem -> handled 'add_text' | {"time": "20:25:47.157", "message": "Dispatch: RenderSystem -> handled 'add_text'", "context": {"level": null, "scene": null, "state": null}, "data": {}}
[2026-01-01 20:25:47] [DEBUG] [game] Emitted: 'add_text' data={'display_text': ' #                  #'} | {"time": "20:25:47.157", "message": "Emitted: 'add_text' data={'display_text': ' #                  #'}", "context": {"level": null, "scene": null, "state": null}, "data": {}}
[2026-01-01 20:25:47] [DEBUG] [game] Dispatch: RenderSystem -> handled 'add_text' | {"time": "20:25:47.158", "message": "Dispatch: RenderSystem -> handled 'add_text'", "context": {"level": null, "scene": null, "state": null}, "data": {}}
[2026-01-01 20:25:47] [DEBUG] [game] Emitted: 'add_text' data={'display_text': ' #                  #'} | {"time": "20:25:47.158", "message": "Emitted: 'add_text' data={'display_text': ' #                  #'}", "context": {"level": null, "scene": null, "state": null}, "data": {}}
[2026-01-01 20:25:47] [DEBUG] [game] Dispatch: RenderSystem -> handled 'add_text' | {"time": "20:25:47.158", "message": "Dispatch: RenderSystem -> handled 'add_text'", "context": {"level": null, "scene": null, "state": null}, "data": {}}
[2026-01-01 20:25:47] [DEBUG] [game] Emitted: 'add_text' data={'display_text': ' #                  #'} | {"time": "20:25:47.158", "message": "Emitted: 'add_text' data={'display_text': ' #                  #'}", "context": {"level": null, "scene": null, "state": null}, "data": {}}
[2026-01-01 20:25:47] [DEBUG] [game] Dispatch: RenderSystem -> handled 'add_text' | {"time": "20:25:47.158", "message": "Dispatch: RenderSystem -> handled 'add_text'", "context": {"level": null, "scene": null, "state": null}, "data": {}}
[2026-01-01 20:25:47] [DEBUG] [game] Emitted: 'add_text' data={'display_text': ' #                  #'} | {"time": "20:25:47.158", "message": "Emitted: 'add_text' data={'display_text': ' #                  #'}", "context": {"level": null, "scene": null, "state": null}, "data": {}}
[2026-01-01 20:25:47] [DEBUG] [game] Dispatch: RenderSystem -> handled 'add_text' | {"time": "20:25:47.158", "message": "Dispatch: RenderSystem -> handled 'add_text'", "context": {"level": null, "scene": null, "state": null}, "data": {}}
[2026-01-01 20:25:47] [DEBUG] [game] Emitted: 'add_text' data={'display_text': ' #                  #'} | {"time": "20:25:47.159", "message": "Emitted: 'add_text' data={'display_text': ' #                  #'}", "context": {"level": null, "scene": null, "state": null}, "data": {}}
[2026-01-01 20:25:47] [DEBUG] [game] Dispatch: RenderSystem -> handled 'add_text' | {"time": "20:25:47.159", "message": "Dispatch: RenderSystem -> handled 'add_text'", "context": {"level": null, "scene": null, "state": null}, "data": {}}
[2026-01-01 20:25:47] [DEBUG] [game] Emitted: 'add_text' data={'display_text': ' #                  #'} | {"time": "20:25:47.159", "message": "Emitted: 'add_text' data={'display_text': ' #                  #'}", "context": {"level": null, "scene": null, "state": null}, "data": {}}
[2026-01-01 20:25:47] [DEBUG] [game] Dispatch: RenderSystem -> handled 'add_text' | {"time": "20:25:47.159", "message": "Dispatch: RenderSystem -> handled 'add_text'", "context": {"level": null, "scene": null, "state": null}, "data": {}}
[2026-01-01 20:25:47] [DEBUG] [game] Emitted: 'add_text' data={'display_text': ' #                 $#'} | {"time": "20:25:47.159", "message": "Emitted: 'add_text' data={'display_text': ' #                 $#'}", "context": {"level": null, "scene": null, "state": null}, "data": {}}
[2026-01-01 20:25:47] [DEBUG] [game] Dispatch: RenderSystem -> handled 'add_text' | {"time": "20:25:47.159", "message": "Dispatch: RenderSystem -> handled 'add_text'", "context": {"level": null, "scene": null, "state": null}, "data": {}}
[2026-01-01 20:25:47] [DEBUG] [game] Emitted: 'add_text' data={'display_text': ' ####################'} | {"time": "20:25:47.160", "message": "Emitted: 'add_text' data={'display_text': ' ####################'}", "context": {"level": null, "scene": null, "state": null}, "data": {}}
[2026-01-01 20:25:47] [DEBUG] [game] Dispatch: RenderSystem -> handled 'add_text' | {"time": "20:25:47.160", "message": "Dispatch: RenderSystem -> handled 'add_text'", "context": {"level": null, "scene": null, "state": null}, "data": {}}
[2026-01-01 20:25:47] [DEBUG] [game] Emitted: 'player_input' data={'input': 's'} | {"time": "20:25:47.160", "message": "Emitted: 'player_input' data={'input': 's'}", "context": {"level": null, "scene": null, "state": null}, "data": {}}
[2026-01-01 20:25:47] [DEBUG] [game] Emitted: 'dungeon_player_movement' data={'input': 'd'} | {"time": "20:25:47.180", "message": "Emitted: 'dungeon_player_movement' data={'input': 'd'}", "context": {"level": null, "scene": null, "state": null}, "data": {}}
[2026-01-01 20:25:47] [DEBUG] [game] Dispatch: DungeonManager -> handled 'dungeon_player_movement' | {"time": "20:25:47.180", "message": "Dispatch: DungeonManager -> handled 'dungeon_player_movement'", "context": {"level": null, "scene": null, "state": null}, "data": {}}
[2026-01-01 20:25:47] [DEBUG] [game] [handle_player_move] dx=[1], dy=[0], cur_x=[7], cur_y=[8], new_x=[8], new_y=[8] | {"time": "20:25:47.181", "message": "[handle_player_move] dx=[1], dy=[0], cur_x=[7], cur_y=[8], new_x=[8], new_y=[8]", "context": {"level": null, "scene": null, "state": null}, "data": {}}
[2026-01-01 20:25:47] [DEBUG] [game] [handle_player_move] evaluted to walkable | {"time": "20:25:47.181", "message": "[handle_player_move] evaluted to walkable", "context": {"level": null, "scene": null, "state": null}, "data": {}}
[2026-01-01 20:25:47] [DEBUG] [game] Emitted: 'add_text' data={'display_text': ' ####################'} | {"time": "20:25:47.209", "message": "Emitted: 'add_text' data={'display_text': ' ####################'}", "context": {"level": null, "scene": null, "state": null}, "data": {}}
[2026-01-01 20:25:47] [DEBUG] [game] Dispatch: RenderSystem -> handled 'add_text' | {"time": "20:25:47.209", "message": "Dispatch: RenderSystem -> handled 'add_text'", "context": {"level": null, "scene": null, "state": null}, "data": {}}
[2026-01-01 20:25:47] [DEBUG] [game] Emitted: 'add_text' data={'display_text': ' #                  #'} | {"time": "20:25:47.209", "message": "Emitted: 'add_text' data={'display_text': ' #                  #'}", "context": {"level": null, "scene": null, "state": null}, "data": {}}
[2026-01-01 20:25:47] [DEBUG] [game] Dispatch: RenderSystem -> handled 'add_text' | {"time": "20:25:47.209", "message": "Dispatch: RenderSystem -> handled 'add_text'", "context": {"level": null, "scene": null, "state": null}, "data": {}}
[2026-01-01 20:25:47] [DEBUG] [game] Emitted: 'add_text' data={'display_text': ' #                  #'} | {"time": "20:25:47.209", "message": "Emitted: 'add_text' data={'display_text': ' #                  #'}", "context": {"level": null, "scene": null, "state": null}, "data": {}}
[2026-01-01 20:25:47] [DEBUG] [game] Dispatch: RenderSystem -> handled 'add_text' | {"time": "20:25:47.209", "message": "Dispatch: RenderSystem -> handled 'add_text'", "context": {"level": null, "scene": null, "state": null}, "data": {}}
[2026-01-01 20:25:47] [DEBUG] [game] Emitted: 'add_text' data={'display_text': ' #                  #'} | {"time": "20:25:47.209", "message": "Emitted: 'add_text' data={'display_text': ' #                  #'}", "context": {"level": null, "scene": null, "state": null}, "data": {}}
[2026-01-01 20:25:47] [DEBUG] [game] Dispatch: RenderSystem -> handled 'add_text' | {"time": "20:25:47.210", "message": "Dispatch: RenderSystem -> handled 'add_text'", "context": {"level": null, "scene": null, "state": null}, "data": {}}
[2026-01-01 20:25:47] [DEBUG] [game] Emitted: 'add_text' data={'display_text': ' #                  #'} | {"time": "20:25:47.210", "message": "Emitted: 'add_text' data={'display_text': ' #                  #'}", "context": {"level": null, "scene": null, "state": null}, "data": {}}
[2026-01-01 20:25:47] [DEBUG] [game] Dispatch: RenderSystem -> handled 'add_text' | {"time": "20:25:47.210", "message": "Dispatch: RenderSystem -> handled 'add_text'", "context": {"level": null, "scene": null, "state": null}, "data": {}}
[2026-01-01 20:25:47] [DEBUG] [game] Emitted: 'add_text' data={'display_text': ' #                  #'} | {"time": "20:25:47.210", "message": "Emitted: 'add_text' data={'display_text': ' #                  #'}", "context": {"level": null, "scene": null, "state": null}, "data": {}}
[2026-01-01 20:25:47] [DEBUG] [game] Dispatch: RenderSystem -> handled 'add_text' | {"time": "20:25:47.210", "message": "Dispatch: RenderSystem -> handled 'add_text'", "context": {"level": null, "scene": null, "state": null}, "data": {}}
[2026-01-01 20:25:47] [DEBUG] [game] Emitted: 'add_text' data={'display_text': ' #                  #'} | {"time": "20:25:47.211", "message": "Emitted: 'add_text' data={'display_text': ' #                  #'}", "context": {"level": null, "scene": null, "state": null}, "data": {}}
[2026-01-01 20:25:47] [DEBUG] [game] Dispatch: RenderSystem -> handled 'add_text' | {"time": "20:25:47.211", "message": "Dispatch: RenderSystem -> handled 'add_text'", "context": {"level": null, "scene": null, "state": null}, "data": {}}
[2026-01-01 20:25:47] [DEBUG] [game] Emitted: 'add_text' data={'display_text': ' #                  #'} | {"time": "20:25:47.211", "message": "Emitted: 'add_text' data={'display_text': ' #                  #'}", "context": {"level": null, "scene": null, "state": null}, "data": {}}
[2026-01-01 20:25:47] [DEBUG] [game] Dispatch: RenderSystem -> handled 'add_text' | {"time": "20:25:47.211", "message": "Dispatch: RenderSystem -> handled 'add_text'", "context": {"level": null, "scene": null, "state": null}, "data": {}}
[2026-01-01 20:25:47] [DEBUG] [game] Emitted: 'add_text' data={'display_text': ' #       @          #'} | {"time": "20:25:47.211", "message": "Emitted: 'add_text' data={'display_text': ' #       @          #'}", "context": {"level": null, "scene": null, "state": null}, "data": {}}
[2026-01-01 20:25:47] [DEBUG] [game] Dispatch: RenderSystem -> handled 'add_text' | {"time": "20:25:47.211", "message": "Dispatch: RenderSystem -> handled 'add_text'", "context": {"level": null, "scene": null, "state": null}, "data": {}}
[2026-01-01 20:25:47] [DEBUG] [game] Emitted: 'add_text' data={'display_text': ' #                  #'} | {"time": "20:25:47.211", "message": "Emitted: 'add_text' data={'display_text': ' #                  #'}", "context": {"level": null, "scene": null, "state": null}, "data": {}}
[2026-01-01 20:25:47] [DEBUG] [game] Dispatch: RenderSystem -> handled 'add_text' | {"time": "20:25:47.211", "message": "Dispatch: RenderSystem -> handled 'add_text'", "context": {"level": null, "scene": null, "state": null}, "data": {}}
[2026-01-01 20:25:47] [DEBUG] [game] Emitted: 'add_text' data={'display_text': ' #                  #'} | {"time": "20:25:47.212", "message": "Emitted: 'add_text' data={'display_text': ' #                  #'}", "context": {"level": null, "scene": null, "state": null}, "data": {}}
[2026-01-01 20:25:47] [DEBUG] [game] Dispatch: RenderSystem -> handled 'add_text' | {"time": "20:25:47.212", "message": "Dispatch: RenderSystem -> handled 'add_text'", "context": {"level": null, "scene": null, "state": null}, "data": {}}
[2026-01-01 20:25:47] [DEBUG] [game] Emitted: 'add_text' data={'display_text': ' #                  #'} | {"time": "20:25:47.212", "message": "Emitted: 'add_text' data={'display_text': ' #                  #'}", "context": {"level": null, "scene": null, "state": null}, "data": {}}
[2026-01-01 20:25:47] [DEBUG] [game] Dispatch: RenderSystem -> handled 'add_text' | {"time": "20:25:47.212", "message": "Dispatch: RenderSystem -> handled 'add_text'", "context": {"level": null, "scene": null, "state": null}, "data": {}}
[2026-01-01 20:25:47] [DEBUG] [game] Emitted: 'add_text' data={'display_text': ' #                  #'} | {"time": "20:25:47.212", "message": "Emitted: 'add_text' data={'display_text': ' #                  #'}", "context": {"level": null, "scene": null, "state": null}, "data": {}}
[2026-01-01 20:25:47] [DEBUG] [game] Dispatch: RenderSystem -> handled 'add_text' | {"time": "20:25:47.212", "message": "Dispatch: RenderSystem -> handled 'add_text'", "context": {"level": null, "scene": null, "state": null}, "data": {}}
[2026-01-01 20:25:47] [DEBUG] [game] Emitted: 'add_text' data={'display_text': ' #                  #'} | {"time": "20:25:47.212", "message": "Emitted: 'add_text' data={'display_text': ' #                  #'}", "context": {"level": null, "scene": null, "state": null}, "data": {}}
[2026-01-01 20:25:47] [DEBUG] [game] Dispatch: RenderSystem -> handled 'add_text' | {"time": "20:25:47.213", "message": "Dispatch: RenderSystem -> handled 'add_text'", "context": {"level": null, "scene": null, "state": null}, "data": {}}
[2026-01-01 20:25:47] [DEBUG] [game] Emitted: 'add_text' data={'display_text': ' #                  #'} | {"time": "20:25:47.213", "message": "Emitted: 'add_text' data={'display_text': ' #                  #'}", "context": {"level": null, "scene": null, "state": null}, "data": {}}
[2026-01-01 20:25:47] [DEBUG] [game] Dispatch: RenderSystem -> handled 'add_text' | {"time": "20:25:47.213", "message": "Dispatch: RenderSystem -> handled 'add_text'", "context": {"level": null, "scene": null, "state": null}, "data": {}}
[2026-01-01 20:25:47] [DEBUG] [game] Emitted: 'add_text' data={'display_text': ' #                  #'} | {"time": "20:25:47.213", "message": "Emitted: 'add_text' data={'display_text': ' #                  #'}", "context": {"level": null, "scene": null, "state": null}, "data": {}}
[2026-01-01 20:25:47] [DEBUG] [game] Dispatch: RenderSystem -> handled 'add_text' | {"time": "20:25:47.213", "message": "Dispatch: RenderSystem -> handled 'add_text'", "context": {"level": null, "scene": null, "state": null}, "data": {}}
[2026-01-01 20:25:47] [DEBUG] [game] Emitted: 'add_text' data={'display_text': ' #                  #'} | {"time": "20:25:47.213", "message": "Emitted: 'add_text' data={'display_text': ' #                  #'}", "context": {"level": null, "scene": null, "state": null}, "data": {}}
[2026-01-01 20:25:47] [DEBUG] [game] Dispatch: RenderSystem -> handled 'add_text' | {"time": "20:25:47.213", "message": "Dispatch: RenderSystem -> handled 'add_text'", "context": {"level": null, "scene": null, "state": null}, "data": {}}
[2026-01-01 20:25:47] [DEBUG] [game] Emitted: 'add_text' data={'display_text': ' #                  #'} | {"time": "20:25:47.214", "message": "Emitted: 'add_text' data={'display_text': ' #                  #'}", "context": {"level": null, "scene": null, "state": null}, "data": {}}
[2026-01-01 20:25:47] [DEBUG] [game] Dispatch: RenderSystem -> handled 'add_text' | {"time": "20:25:47.214", "message": "Dispatch: RenderSystem -> handled 'add_text'", "context": {"level": null, "scene": null, "state": null}, "data": {}}
[2026-01-01 20:25:47] [DEBUG] [game] Emitted: 'add_text' data={'display_text': ' #                 $#'} | {"time": "20:25:47.214", "message": "Emitted: 'add_text' data={'display_text': ' #                 $#'}", "context": {"level": null, "scene": null, "state": null}, "data": {}}
[2026-01-01 20:25:47] [DEBUG] [game] Dispatch: RenderSystem -> handled 'add_text' | {"time": "20:25:47.214", "message": "Dispatch: RenderSystem -> handled 'add_text'", "context": {"level": null, "scene": null, "state": null}, "data": {}}
[2026-01-01 20:25:47] [DEBUG] [game] Emitted: 'add_text' data={'display_text': ' ####################'} | {"time": "20:25:47.214", "message": "Emitted: 'add_text' data={'display_text': ' ####################'}", "context": {"level": null, "scene": null, "state": null}, "data": {}}
[2026-01-01 20:25:47] [DEBUG] [game] Dispatch: RenderSystem -> handled 'add_text' | {"time": "20:25:47.214", "message": "Dispatch: RenderSystem -> handled 'add_text'", "context": {"level": null, "scene": null, "state": null}, "data": {}}
[2026-01-01 20:25:47] [DEBUG] [game] Emitted: 'player_input' data={'input': 'd'} | {"time": "20:25:47.214", "message": "Emitted: 'player_input' data={'input': 'd'}", "context": {"level": null, "scene": null, "state": null}, "data": {}}
[2026-01-01 20:25:47] [DEBUG] [game] Emitted: 'dungeon_player_movement' data={'input': 's'} | {"time": "20:25:47.271", "message": "Emitted: 'dungeon_player_movement' data={'input': 's'}", "context": {"level": null, "scene": null, "state": null}, "data": {}}
[2026-01-01 20:25:47] [DEBUG] [game] Dispatch: DungeonManager -> handled 'dungeon_player_movement' | {"time": "20:25:47.271", "message": "Dispatch: DungeonManager -> handled 'dungeon_player_movement'", "context": {"level": null, "scene": null, "state": null}, "data": {}}
[2026-01-01 20:25:47] [DEBUG] [game] [handle_player_move] dx=[0], dy=[1], cur_x=[8], cur_y=[8], new_x=[8], new_y=[9] | {"time": "20:25:47.271", "message": "[handle_player_move] dx=[0], dy=[1], cur_x=[8], cur_y=[8], new_x=[8], new_y=[9]", "context": {"level": null, "scene": null, "state": null}, "data": {}}
[2026-01-01 20:25:47] [DEBUG] [game] [handle_player_move] evaluted to walkable | {"time": "20:25:47.272", "message": "[handle_player_move] evaluted to walkable", "context": {"level": null, "scene": null, "state": null}, "data": {}}
[2026-01-01 20:25:47] [DEBUG] [game] Emitted: 'add_text' data={'display_text': ' ####################'} | {"time": "20:25:47.300", "message": "Emitted: 'add_text' data={'display_text': ' ####################'}", "context": {"level": null, "scene": null, "state": null}, "data": {}}
[2026-01-01 20:25:47] [DEBUG] [game] Dispatch: RenderSystem -> handled 'add_text' | {"time": "20:25:47.300", "message": "Dispatch: RenderSystem -> handled 'add_text'", "context": {"level": null, "scene": null, "state": null}, "data": {}}
[2026-01-01 20:25:47] [DEBUG] [game] Emitted: 'add_text' data={'display_text': ' #                  #'} | {"time": "20:25:47.301", "message": "Emitted: 'add_text' data={'display_text': ' #                  #'}", "context": {"level": null, "scene": null, "state": null}, "data": {}}
[2026-01-01 20:25:47] [DEBUG] [game] Dispatch: RenderSystem -> handled 'add_text' | {"time": "20:25:47.301", "message": "Dispatch: RenderSystem -> handled 'add_text'", "context": {"level": null, "scene": null, "state": null}, "data": {}}
[2026-01-01 20:25:47] [DEBUG] [game] Emitted: 'add_text' data={'display_text': ' #                  #'} | {"time": "20:25:47.301", "message": "Emitted: 'add_text' data={'display_text': ' #                  #'}", "context": {"level": null, "scene": null, "state": null}, "data": {}}
[2026-01-01 20:25:47] [DEBUG] [game] Dispatch: RenderSystem -> handled 'add_text' | {"time": "20:25:47.301", "message": "Dispatch: RenderSystem -> handled 'add_text'", "context": {"level": null, "scene": null, "state": null}, "data": {}}
[2026-01-01 20:25:47] [DEBUG] [game] Emitted: 'add_text' data={'display_text': ' #                  #'} | {"time": "20:25:47.301", "message": "Emitted: 'add_text' data={'display_text': ' #                  #'}", "context": {"level": null, "scene": null, "state": null}, "data": {}}
[2026-01-01 20:25:47] [DEBUG] [game] Dispatch: RenderSystem -> handled 'add_text' | {"time": "20:25:47.301", "message": "Dispatch: RenderSystem -> handled 'add_text'", "context": {"level": null, "scene": null, "state": null}, "data": {}}
[2026-01-01 20:25:47] [DEBUG] [game] Emitted: 'add_text' data={'display_text': ' #                  #'} | {"time": "20:25:47.301", "message": "Emitted: 'add_text' data={'display_text': ' #                  #'}", "context": {"level": null, "scene": null, "state": null}, "data": {}}
[2026-01-01 20:25:47] [DEBUG] [game] Dispatch: RenderSystem -> handled 'add_text' | {"time": "20:25:47.302", "message": "Dispatch: RenderSystem -> handled 'add_text'", "context": {"level": null, "scene": null, "state": null}, "data": {}}
[2026-01-01 20:25:47] [DEBUG] [game] Emitted: 'add_text' data={'display_text': ' #                  #'} | {"time": "20:25:47.302", "message": "Emitted: 'add_text' data={'display_text': ' #                  #'}", "context": {"level": null, "scene": null, "state": null}, "data": {}}
[2026-01-01 20:25:47] [DEBUG] [game] Dispatch: RenderSystem -> handled 'add_text' | {"time": "20:25:47.302", "message": "Dispatch: RenderSystem -> handled 'add_text'", "context": {"level": null, "scene": null, "state": null}, "data": {}}
[2026-01-01 20:25:47] [DEBUG] [game] Emitted: 'add_text' data={'display_text': ' #                  #'} | {"time": "20:25:47.302", "message": "Emitted: 'add_text' data={'display_text': ' #                  #'}", "context": {"level": null, "scene": null, "state": null}, "data": {}}
[2026-01-01 20:25:47] [DEBUG] [game] Dispatch: RenderSystem -> handled 'add_text' | {"time": "20:25:47.302", "message": "Dispatch: RenderSystem -> handled 'add_text'", "context": {"level": null, "scene": null, "state": null}, "data": {}}
[2026-01-01 20:25:47] [DEBUG] [game] Emitted: 'add_text' data={'display_text': ' #                  #'} | {"time": "20:25:47.302", "message": "Emitted: 'add_text' data={'display_text': ' #                  #'}", "context": {"level": null, "scene": null, "state": null}, "data": {}}
[2026-01-01 20:25:47] [DEBUG] [game] Dispatch: RenderSystem -> handled 'add_text' | {"time": "20:25:47.302", "message": "Dispatch: RenderSystem -> handled 'add_text'", "context": {"level": null, "scene": null, "state": null}, "data": {}}
[2026-01-01 20:25:47] [DEBUG] [game] Emitted: 'add_text' data={'display_text': ' #                  #'} | {"time": "20:25:47.303", "message": "Emitted: 'add_text' data={'display_text': ' #                  #'}", "context": {"level": null, "scene": null, "state": null}, "data": {}}
[2026-01-01 20:25:47] [DEBUG] [game] Dispatch: RenderSystem -> handled 'add_text' | {"time": "20:25:47.303", "message": "Dispatch: RenderSystem -> handled 'add_text'", "context": {"level": null, "scene": null, "state": null}, "data": {}}
[2026-01-01 20:25:47] [DEBUG] [game] Emitted: 'add_text' data={'display_text': ' #       @          #'} | {"time": "20:25:47.303", "message": "Emitted: 'add_text' data={'display_text': ' #       @          #'}", "context": {"level": null, "scene": null, "state": null}, "data": {}}
[2026-01-01 20:25:47] [DEBUG] [game] Dispatch: RenderSystem -> handled 'add_text' | {"time": "20:25:47.303", "message": "Dispatch: RenderSystem -> handled 'add_text'", "context": {"level": null, "scene": null, "state": null}, "data": {}}
[2026-01-01 20:25:47] [DEBUG] [game] Emitted: 'add_text' data={'display_text': ' #                  #'} | {"time": "20:25:47.303", "message": "Emitted: 'add_text' data={'display_text': ' #                  #'}", "context": {"level": null, "scene": null, "state": null}, "data": {}}
[2026-01-01 20:25:47] [DEBUG] [game] Dispatch: RenderSystem -> handled 'add_text' | {"time": "20:25:47.303", "message": "Dispatch: RenderSystem -> handled 'add_text'", "context": {"level": null, "scene": null, "state": null}, "data": {}}
[2026-01-01 20:25:47] [DEBUG] [game] Emitted: 'add_text' data={'display_text': ' #                  #'} | {"time": "20:25:47.303", "message": "Emitted: 'add_text' data={'display_text': ' #                  #'}", "context": {"level": null, "scene": null, "state": null}, "data": {}}
[2026-01-01 20:25:47] [DEBUG] [game] Dispatch: RenderSystem -> handled 'add_text' | {"time": "20:25:47.304", "message": "Dispatch: RenderSystem -> handled 'add_text'", "context": {"level": null, "scene": null, "state": null}, "data": {}}
[2026-01-01 20:25:47] [DEBUG] [game] Emitted: 'add_text' data={'display_text': ' #                  #'} | {"time": "20:25:47.304", "message": "Emitted: 'add_text' data={'display_text': ' #                  #'}", "context": {"level": null, "scene": null, "state": null}, "data": {}}
[2026-01-01 20:25:47] [DEBUG] [game] Dispatch: RenderSystem -> handled 'add_text' | {"time": "20:25:47.304", "message": "Dispatch: RenderSystem -> handled 'add_text'", "context": {"level": null, "scene": null, "state": null}, "data": {}}
[2026-01-01 20:25:47] [DEBUG] [game] Emitted: 'add_text' data={'display_text': ' #                  #'} | {"time": "20:25:47.304", "message": "Emitted: 'add_text' data={'display_text': ' #                  #'}", "context": {"level": null, "scene": null, "state": null}, "data": {}}
[2026-01-01 20:25:47] [DEBUG] [game] Dispatch: RenderSystem -> handled 'add_text' | {"time": "20:25:47.304", "message": "Dispatch: RenderSystem -> handled 'add_text'", "context": {"level": null, "scene": null, "state": null}, "data": {}}
[2026-01-01 20:25:47] [DEBUG] [game] Emitted: 'add_text' data={'display_text': ' #                  #'} | {"time": "20:25:47.304", "message": "Emitted: 'add_text' data={'display_text': ' #                  #'}", "context": {"level": null, "scene": null, "state": null}, "data": {}}
[2026-01-01 20:25:47] [DEBUG] [game] Dispatch: RenderSystem -> handled 'add_text' | {"time": "20:25:47.304", "message": "Dispatch: RenderSystem -> handled 'add_text'", "context": {"level": null, "scene": null, "state": null}, "data": {}}
[2026-01-01 20:25:47] [DEBUG] [game] Emitted: 'add_text' data={'display_text': ' #                  #'} | {"time": "20:25:47.304", "message": "Emitted: 'add_text' data={'display_text': ' #                  #'}", "context": {"level": null, "scene": null, "state": null}, "data": {}}
[2026-01-01 20:25:47] [DEBUG] [game] Dispatch: RenderSystem -> handled 'add_text' | {"time": "20:25:47.304", "message": "Dispatch: RenderSystem -> handled 'add_text'", "context": {"level": null, "scene": null, "state": null}, "data": {}}
[2026-01-01 20:25:47] [DEBUG] [game] Emitted: 'add_text' data={'display_text': ' #                  #'} | {"time": "20:25:47.305", "message": "Emitted: 'add_text' data={'display_text': ' #                  #'}", "context": {"level": null, "scene": null, "state": null}, "data": {}}
[2026-01-01 20:25:47] [DEBUG] [game] Dispatch: RenderSystem -> handled 'add_text' | {"time": "20:25:47.305", "message": "Dispatch: RenderSystem -> handled 'add_text'", "context": {"level": null, "scene": null, "state": null}, "data": {}}
[2026-01-01 20:25:47] [DEBUG] [game] Emitted: 'add_text' data={'display_text': ' #                  #'} | {"time": "20:25:47.305", "message": "Emitted: 'add_text' data={'display_text': ' #                  #'}", "context": {"level": null, "scene": null, "state": null}, "data": {}}
[2026-01-01 20:25:47] [DEBUG] [game] Dispatch: RenderSystem -> handled 'add_text' | {"time": "20:25:47.305", "message": "Dispatch: RenderSystem -> handled 'add_text'", "context": {"level": null, "scene": null, "state": null}, "data": {}}
[2026-01-01 20:25:47] [DEBUG] [game] Emitted: 'add_text' data={'display_text': ' #                 $#'} | {"time": "20:25:47.305", "message": "Emitted: 'add_text' data={'display_text': ' #                 $#'}", "context": {"level": null, "scene": null, "state": null}, "data": {}}
[2026-01-01 20:25:47] [DEBUG] [game] Dispatch: RenderSystem -> handled 'add_text' | {"time": "20:25:47.305", "message": "Dispatch: RenderSystem -> handled 'add_text'", "context": {"level": null, "scene": null, "state": null}, "data": {}}
[2026-01-01 20:25:47] [DEBUG] [game] Emitted: 'add_text' data={'display_text': ' ####################'} | {"time": "20:25:47.305", "message": "Emitted: 'add_text' data={'display_text': ' ####################'}", "context": {"level": null, "scene": null, "state": null}, "data": {}}
[2026-01-01 20:25:47] [DEBUG] [game] Dispatch: RenderSystem -> handled 'add_text' | {"time": "20:25:47.305", "message": "Dispatch: RenderSystem -> handled 'add_text'", "context": {"level": null, "scene": null, "state": null}, "data": {}}
[2026-01-01 20:25:47] [DEBUG] [game] Emitted: 'player_input' data={'input': 's'} | {"time": "20:25:47.305", "message": "Emitted: 'player_input' data={'input': 's'}", "context": {"level": null, "scene": null, "state": null}, "data": {}}
[2026-01-01 20:25:47] [DEBUG] [game] Emitted: 'dungeon_player_movement' data={'input': 'd'} | {"time": "20:25:47.326", "message": "Emitted: 'dungeon_player_movement' data={'input': 'd'}", "context": {"level": null, "scene": null, "state": null}, "data": {}}
[2026-01-01 20:25:47] [DEBUG] [game] Dispatch: DungeonManager -> handled 'dungeon_player_movement' | {"time": "20:25:47.327", "message": "Dispatch: DungeonManager -> handled 'dungeon_player_movement'", "context": {"level": null, "scene": null, "state": null}, "data": {}}
[2026-01-01 20:25:47] [DEBUG] [game] [handle_player_move] dx=[1], dy=[0], cur_x=[8], cur_y=[9], new_x=[9], new_y=[9] | {"time": "20:25:47.327", "message": "[handle_player_move] dx=[1], dy=[0], cur_x=[8], cur_y=[9], new_x=[9], new_y=[9]", "context": {"level": null, "scene": null, "state": null}, "data": {}}
[2026-01-01 20:25:47] [DEBUG] [game] [handle_player_move] evaluted to walkable | {"time": "20:25:47.327", "message": "[handle_player_move] evaluted to walkable", "context": {"level": null, "scene": null, "state": null}, "data": {}}
[2026-01-01 20:25:47] [DEBUG] [game] Emitted: 'add_text' data={'display_text': ' ####################'} | {"time": "20:25:47.355", "message": "Emitted: 'add_text' data={'display_text': ' ####################'}", "context": {"level": null, "scene": null, "state": null}, "data": {}}
[2026-01-01 20:25:47] [DEBUG] [game] Dispatch: RenderSystem -> handled 'add_text' | {"time": "20:25:47.356", "message": "Dispatch: RenderSystem -> handled 'add_text'", "context": {"level": null, "scene": null, "state": null}, "data": {}}
[2026-01-01 20:25:47] [DEBUG] [game] Emitted: 'add_text' data={'display_text': ' #                  #'} | {"time": "20:25:47.356", "message": "Emitted: 'add_text' data={'display_text': ' #                  #'}", "context": {"level": null, "scene": null, "state": null}, "data": {}}
[2026-01-01 20:25:47] [DEBUG] [game] Dispatch: RenderSystem -> handled 'add_text' | {"time": "20:25:47.356", "message": "Dispatch: RenderSystem -> handled 'add_text'", "context": {"level": null, "scene": null, "state": null}, "data": {}}
[2026-01-01 20:25:47] [DEBUG] [game] Emitted: 'add_text' data={'display_text': ' #                  #'} | {"time": "20:25:47.356", "message": "Emitted: 'add_text' data={'display_text': ' #                  #'}", "context": {"level": null, "scene": null, "state": null}, "data": {}}
[2026-01-01 20:25:47] [DEBUG] [game] Dispatch: RenderSystem -> handled 'add_text' | {"time": "20:25:47.356", "message": "Dispatch: RenderSystem -> handled 'add_text'", "context": {"level": null, "scene": null, "state": null}, "data": {}}
[2026-01-01 20:25:47] [DEBUG] [game] Emitted: 'add_text' data={'display_text': ' #                  #'} | {"time": "20:25:47.356", "message": "Emitted: 'add_text' data={'display_text': ' #                  #'}", "context": {"level": null, "scene": null, "state": null}, "data": {}}
[2026-01-01 20:25:47] [DEBUG] [game] Dispatch: RenderSystem -> handled 'add_text' | {"time": "20:25:47.356", "message": "Dispatch: RenderSystem -> handled 'add_text'", "context": {"level": null, "scene": null, "state": null}, "data": {}}
[2026-01-01 20:25:47] [DEBUG] [game] Emitted: 'add_text' data={'display_text': ' #                  #'} | {"time": "20:25:47.357", "message": "Emitted: 'add_text' data={'display_text': ' #                  #'}", "context": {"level": null, "scene": null, "state": null}, "data": {}}
[2026-01-01 20:25:47] [DEBUG] [game] Dispatch: RenderSystem -> handled 'add_text' | {"time": "20:25:47.357", "message": "Dispatch: RenderSystem -> handled 'add_text'", "context": {"level": null, "scene": null, "state": null}, "data": {}}
[2026-01-01 20:25:47] [DEBUG] [game] Emitted: 'add_text' data={'display_text': ' #                  #'} | {"time": "20:25:47.357", "message": "Emitted: 'add_text' data={'display_text': ' #                  #'}", "context": {"level": null, "scene": null, "state": null}, "data": {}}
[2026-01-01 20:25:47] [DEBUG] [game] Dispatch: RenderSystem -> handled 'add_text' | {"time": "20:25:47.357", "message": "Dispatch: RenderSystem -> handled 'add_text'", "context": {"level": null, "scene": null, "state": null}, "data": {}}
[2026-01-01 20:25:47] [DEBUG] [game] Emitted: 'add_text' data={'display_text': ' #                  #'} | {"time": "20:25:47.357", "message": "Emitted: 'add_text' data={'display_text': ' #                  #'}", "context": {"level": null, "scene": null, "state": null}, "data": {}}
[2026-01-01 20:25:47] [DEBUG] [game] Dispatch: RenderSystem -> handled 'add_text' | {"time": "20:25:47.357", "message": "Dispatch: RenderSystem -> handled 'add_text'", "context": {"level": null, "scene": null, "state": null}, "data": {}}
[2026-01-01 20:25:47] [DEBUG] [game] Emitted: 'add_text' data={'display_text': ' #                  #'} | {"time": "20:25:47.357", "message": "Emitted: 'add_text' data={'display_text': ' #                  #'}", "context": {"level": null, "scene": null, "state": null}, "data": {}}
[2026-01-01 20:25:47] [DEBUG] [game] Dispatch: RenderSystem -> handled 'add_text' | {"time": "20:25:47.358", "message": "Dispatch: RenderSystem -> handled 'add_text'", "context": {"level": null, "scene": null, "state": null}, "data": {}}
[2026-01-01 20:25:47] [DEBUG] [game] Emitted: 'add_text' data={'display_text': ' #                  #'} | {"time": "20:25:47.358", "message": "Emitted: 'add_text' data={'display_text': ' #                  #'}", "context": {"level": null, "scene": null, "state": null}, "data": {}}
[2026-01-01 20:25:47] [DEBUG] [game] Dispatch: RenderSystem -> handled 'add_text' | {"time": "20:25:47.358", "message": "Dispatch: RenderSystem -> handled 'add_text'", "context": {"level": null, "scene": null, "state": null}, "data": {}}
[2026-01-01 20:25:47] [DEBUG] [game] Emitted: 'add_text' data={'display_text': ' #        @         #'} | {"time": "20:25:47.358", "message": "Emitted: 'add_text' data={'display_text': ' #        @         #'}", "context": {"level": null, "scene": null, "state": null}, "data": {}}
[2026-01-01 20:25:47] [DEBUG] [game] Dispatch: RenderSystem -> handled 'add_text' | {"time": "20:25:47.358", "message": "Dispatch: RenderSystem -> handled 'add_text'", "context": {"level": null, "scene": null, "state": null}, "data": {}}
[2026-01-01 20:25:47] [DEBUG] [game] Emitted: 'add_text' data={'display_text': ' #                  #'} | {"time": "20:25:47.358", "message": "Emitted: 'add_text' data={'display_text': ' #                  #'}", "context": {"level": null, "scene": null, "state": null}, "data": {}}
[2026-01-01 20:25:47] [DEBUG] [game] Dispatch: RenderSystem -> handled 'add_text' | {"time": "20:25:47.358", "message": "Dispatch: RenderSystem -> handled 'add_text'", "context": {"level": null, "scene": null, "state": null}, "data": {}}
[2026-01-01 20:25:47] [DEBUG] [game] Emitted: 'add_text' data={'display_text': ' #                  #'} | {"time": "20:25:47.359", "message": "Emitted: 'add_text' data={'display_text': ' #                  #'}", "context": {"level": null, "scene": null, "state": null}, "data": {}}
[2026-01-01 20:25:47] [DEBUG] [game] Dispatch: RenderSystem -> handled 'add_text' | {"time": "20:25:47.359", "message": "Dispatch: RenderSystem -> handled 'add_text'", "context": {"level": null, "scene": null, "state": null}, "data": {}}
[2026-01-01 20:25:47] [DEBUG] [game] Emitted: 'add_text' data={'display_text': ' #                  #'} | {"time": "20:25:47.359", "message": "Emitted: 'add_text' data={'display_text': ' #                  #'}", "context": {"level": null, "scene": null, "state": null}, "data": {}}
[2026-01-01 20:25:47] [DEBUG] [game] Dispatch: RenderSystem -> handled 'add_text' | {"time": "20:25:47.359", "message": "Dispatch: RenderSystem -> handled 'add_text'", "context": {"level": null, "scene": null, "state": null}, "data": {}}
[2026-01-01 20:25:47] [DEBUG] [game] Emitted: 'add_text' data={'display_text': ' #                  #'} | {"time": "20:25:47.359", "message": "Emitted: 'add_text' data={'display_text': ' #                  #'}", "context": {"level": null, "scene": null, "state": null}, "data": {}}
[2026-01-01 20:25:47] [DEBUG] [game] Dispatch: RenderSystem -> handled 'add_text' | {"time": "20:25:47.360", "message": "Dispatch: RenderSystem -> handled 'add_text'", "context": {"level": null, "scene": null, "state": null}, "data": {}}
[2026-01-01 20:25:47] [DEBUG] [game] Emitted: 'add_text' data={'display_text': ' #                  #'} | {"time": "20:25:47.360", "message": "Emitted: 'add_text' data={'display_text': ' #                  #'}", "context": {"level": null, "scene": null, "state": null}, "data": {}}
[2026-01-01 20:25:47] [DEBUG] [game] Dispatch: RenderSystem -> handled 'add_text' | {"time": "20:25:47.360", "message": "Dispatch: RenderSystem -> handled 'add_text'", "context": {"level": null, "scene": null, "state": null}, "data": {}}
[2026-01-01 20:25:47] [DEBUG] [game] Emitted: 'add_text' data={'display_text': ' #                  #'} | {"time": "20:25:47.360", "message": "Emitted: 'add_text' data={'display_text': ' #                  #'}", "context": {"level": null, "scene": null, "state": null}, "data": {}}
[2026-01-01 20:25:47] [DEBUG] [game] Dispatch: RenderSystem -> handled 'add_text' | {"time": "20:25:47.360", "message": "Dispatch: RenderSystem -> handled 'add_text'", "context": {"level": null, "scene": null, "state": null}, "data": {}}
[2026-01-01 20:25:47] [DEBUG] [game] Emitted: 'add_text' data={'display_text': ' #                  #'} | {"time": "20:25:47.360", "message": "Emitted: 'add_text' data={'display_text': ' #                  #'}", "context": {"level": null, "scene": null, "state": null}, "data": {}}
[2026-01-01 20:25:47] [DEBUG] [game] Dispatch: RenderSystem -> handled 'add_text' | {"time": "20:25:47.360", "message": "Dispatch: RenderSystem -> handled 'add_text'", "context": {"level": null, "scene": null, "state": null}, "data": {}}
[2026-01-01 20:25:47] [DEBUG] [game] Emitted: 'add_text' data={'display_text': ' #                  #'} | {"time": "20:25:47.361", "message": "Emitted: 'add_text' data={'display_text': ' #                  #'}", "context": {"level": null, "scene": null, "state": null}, "data": {}}
[2026-01-01 20:25:47] [DEBUG] [game] Dispatch: RenderSystem -> handled 'add_text' | {"time": "20:25:47.361", "message": "Dispatch: RenderSystem -> handled 'add_text'", "context": {"level": null, "scene": null, "state": null}, "data": {}}
[2026-01-01 20:25:47] [DEBUG] [game] Emitted: 'add_text' data={'display_text': ' #                 $#'} | {"time": "20:25:47.361", "message": "Emitted: 'add_text' data={'display_text': ' #                 $#'}", "context": {"level": null, "scene": null, "state": null}, "data": {}}
[2026-01-01 20:25:47] [DEBUG] [game] Dispatch: RenderSystem -> handled 'add_text' | {"time": "20:25:47.361", "message": "Dispatch: RenderSystem -> handled 'add_text'", "context": {"level": null, "scene": null, "state": null}, "data": {}}
[2026-01-01 20:25:47] [DEBUG] [game] Emitted: 'add_text' data={'display_text': ' ####################'} | {"time": "20:25:47.361", "message": "Emitted: 'add_text' data={'display_text': ' ####################'}", "context": {"level": null, "scene": null, "state": null}, "data": {}}
[2026-01-01 20:25:47] [DEBUG] [game] Dispatch: RenderSystem -> handled 'add_text' | {"time": "20:25:47.361", "message": "Dispatch: RenderSystem -> handled 'add_text'", "context": {"level": null, "scene": null, "state": null}, "data": {}}
[2026-01-01 20:25:47] [DEBUG] [game] Emitted: 'player_input' data={'input': 'd'} | {"time": "20:25:47.362", "message": "Emitted: 'player_input' data={'input': 'd'}", "context": {"level": null, "scene": null, "state": null}, "data": {}}
[2026-01-01 20:25:47] [DEBUG] [game] Emitted: 'dungeon_player_movement' data={'input': 'd'} | {"time": "20:25:47.463", "message": "Emitted: 'dungeon_player_movement' data={'input': 'd'}", "context": {"level": null, "scene": null, "state": null}, "data": {}}
[2026-01-01 20:25:47] [DEBUG] [game] Dispatch: DungeonManager -> handled 'dungeon_player_movement' | {"time": "20:25:47.463", "message": "Dispatch: DungeonManager -> handled 'dungeon_player_movement'", "context": {"level": null, "scene": null, "state": null}, "data": {}}
[2026-01-01 20:25:47] [DEBUG] [game] [handle_player_move] dx=[1], dy=[0], cur_x=[9], cur_y=[9], new_x=[10], new_y=[9] | {"time": "20:25:47.464", "message": "[handle_player_move] dx=[1], dy=[0], cur_x=[9], cur_y=[9], new_x=[10], new_y=[9]", "context": {"level": null, "scene": null, "state": null}, "data": {}}
[2026-01-01 20:25:47] [DEBUG] [game] [handle_player_move] evaluted to walkable | {"time": "20:25:47.464", "message": "[handle_player_move] evaluted to walkable", "context": {"level": null, "scene": null, "state": null}, "data": {}}
[2026-01-01 20:25:47] [DEBUG] [game] Emitted: 'add_text' data={'display_text': ' ####################'} | {"time": "20:25:47.491", "message": "Emitted: 'add_text' data={'display_text': ' ####################'}", "context": {"level": null, "scene": null, "state": null}, "data": {}}
[2026-01-01 20:25:47] [DEBUG] [game] Dispatch: RenderSystem -> handled 'add_text' | {"time": "20:25:47.491", "message": "Dispatch: RenderSystem -> handled 'add_text'", "context": {"level": null, "scene": null, "state": null}, "data": {}}
[2026-01-01 20:25:47] [DEBUG] [game] Emitted: 'add_text' data={'display_text': ' #                  #'} | {"time": "20:25:47.491", "message": "Emitted: 'add_text' data={'display_text': ' #                  #'}", "context": {"level": null, "scene": null, "state": null}, "data": {}}
[2026-01-01 20:25:47] [DEBUG] [game] Dispatch: RenderSystem -> handled 'add_text' | {"time": "20:25:47.491", "message": "Dispatch: RenderSystem -> handled 'add_text'", "context": {"level": null, "scene": null, "state": null}, "data": {}}
[2026-01-01 20:25:47] [DEBUG] [game] Emitted: 'add_text' data={'display_text': ' #                  #'} | {"time": "20:25:47.491", "message": "Emitted: 'add_text' data={'display_text': ' #                  #'}", "context": {"level": null, "scene": null, "state": null}, "data": {}}
[2026-01-01 20:25:47] [DEBUG] [game] Dispatch: RenderSystem -> handled 'add_text' | {"time": "20:25:47.491", "message": "Dispatch: RenderSystem -> handled 'add_text'", "context": {"level": null, "scene": null, "state": null}, "data": {}}
[2026-01-01 20:25:47] [DEBUG] [game] Emitted: 'add_text' data={'display_text': ' #                  #'} | {"time": "20:25:47.492", "message": "Emitted: 'add_text' data={'display_text': ' #                  #'}", "context": {"level": null, "scene": null, "state": null}, "data": {}}
[2026-01-01 20:25:47] [DEBUG] [game] Dispatch: RenderSystem -> handled 'add_text' | {"time": "20:25:47.492", "message": "Dispatch: RenderSystem -> handled 'add_text'", "context": {"level": null, "scene": null, "state": null}, "data": {}}
[2026-01-01 20:25:47] [DEBUG] [game] Emitted: 'add_text' data={'display_text': ' #                  #'} | {"time": "20:25:47.492", "message": "Emitted: 'add_text' data={'display_text': ' #                  #'}", "context": {"level": null, "scene": null, "state": null}, "data": {}}
[2026-01-01 20:25:47] [DEBUG] [game] Dispatch: RenderSystem -> handled 'add_text' | {"time": "20:25:47.492", "message": "Dispatch: RenderSystem -> handled 'add_text'", "context": {"level": null, "scene": null, "state": null}, "data": {}}
[2026-01-01 20:25:47] [DEBUG] [game] Emitted: 'add_text' data={'display_text': ' #                  #'} | {"time": "20:25:47.492", "message": "Emitted: 'add_text' data={'display_text': ' #                  #'}", "context": {"level": null, "scene": null, "state": null}, "data": {}}
[2026-01-01 20:25:47] [DEBUG] [game] Dispatch: RenderSystem -> handled 'add_text' | {"time": "20:25:47.492", "message": "Dispatch: RenderSystem -> handled 'add_text'", "context": {"level": null, "scene": null, "state": null}, "data": {}}
[2026-01-01 20:25:47] [DEBUG] [game] Emitted: 'add_text' data={'display_text': ' #                  #'} | {"time": "20:25:47.493", "message": "Emitted: 'add_text' data={'display_text': ' #                  #'}", "context": {"level": null, "scene": null, "state": null}, "data": {}}
[2026-01-01 20:25:47] [DEBUG] [game] Dispatch: RenderSystem -> handled 'add_text' | {"time": "20:25:47.493", "message": "Dispatch: RenderSystem -> handled 'add_text'", "context": {"level": null, "scene": null, "state": null}, "data": {}}
[2026-01-01 20:25:47] [DEBUG] [game] Emitted: 'add_text' data={'display_text': ' #                  #'} | {"time": "20:25:47.493", "message": "Emitted: 'add_text' data={'display_text': ' #                  #'}", "context": {"level": null, "scene": null, "state": null}, "data": {}}
[2026-01-01 20:25:47] [DEBUG] [game] Dispatch: RenderSystem -> handled 'add_text' | {"time": "20:25:47.493", "message": "Dispatch: RenderSystem -> handled 'add_text'", "context": {"level": null, "scene": null, "state": null}, "data": {}}
[2026-01-01 20:25:47] [DEBUG] [game] Emitted: 'add_text' data={'display_text': ' #                  #'} | {"time": "20:25:47.493", "message": "Emitted: 'add_text' data={'display_text': ' #                  #'}", "context": {"level": null, "scene": null, "state": null}, "data": {}}
[2026-01-01 20:25:47] [DEBUG] [game] Dispatch: RenderSystem -> handled 'add_text' | {"time": "20:25:47.493", "message": "Dispatch: RenderSystem -> handled 'add_text'", "context": {"level": null, "scene": null, "state": null}, "data": {}}
[2026-01-01 20:25:47] [DEBUG] [game] Emitted: 'add_text' data={'display_text': ' #         @        #'} | {"time": "20:25:47.494", "message": "Emitted: 'add_text' data={'display_text': ' #         @        #'}", "context": {"level": null, "scene": null, "state": null}, "data": {}}
[2026-01-01 20:25:47] [DEBUG] [game] Dispatch: RenderSystem -> handled 'add_text' | {"time": "20:25:47.494", "message": "Dispatch: RenderSystem -> handled 'add_text'", "context": {"level": null, "scene": null, "state": null}, "data": {}}
[2026-01-01 20:25:47] [DEBUG] [game] Emitted: 'add_text' data={'display_text': ' #                  #'} | {"time": "20:25:47.494", "message": "Emitted: 'add_text' data={'display_text': ' #                  #'}", "context": {"level": null, "scene": null, "state": null}, "data": {}}
[2026-01-01 20:25:47] [DEBUG] [game] Dispatch: RenderSystem -> handled 'add_text' | {"time": "20:25:47.494", "message": "Dispatch: RenderSystem -> handled 'add_text'", "context": {"level": null, "scene": null, "state": null}, "data": {}}
[2026-01-01 20:25:47] [DEBUG] [game] Emitted: 'add_text' data={'display_text': ' #                  #'} | {"time": "20:25:47.494", "message": "Emitted: 'add_text' data={'display_text': ' #                  #'}", "context": {"level": null, "scene": null, "state": null}, "data": {}}
[2026-01-01 20:25:47] [DEBUG] [game] Dispatch: RenderSystem -> handled 'add_text' | {"time": "20:25:47.494", "message": "Dispatch: RenderSystem -> handled 'add_text'", "context": {"level": null, "scene": null, "state": null}, "data": {}}
[2026-01-01 20:25:47] [DEBUG] [game] Emitted: 'add_text' data={'display_text': ' #                  #'} | {"time": "20:25:47.494", "message": "Emitted: 'add_text' data={'display_text': ' #                  #'}", "context": {"level": null, "scene": null, "state": null}, "data": {}}
[2026-01-01 20:25:47] [DEBUG] [game] Dispatch: RenderSystem -> handled 'add_text' | {"time": "20:25:47.495", "message": "Dispatch: RenderSystem -> handled 'add_text'", "context": {"level": null, "scene": null, "state": null}, "data": {}}
[2026-01-01 20:25:47] [DEBUG] [game] Emitted: 'add_text' data={'display_text': ' #                  #'} | {"time": "20:25:47.495", "message": "Emitted: 'add_text' data={'display_text': ' #                  #'}", "context": {"level": null, "scene": null, "state": null}, "data": {}}
[2026-01-01 20:25:47] [DEBUG] [game] Dispatch: RenderSystem -> handled 'add_text' | {"time": "20:25:47.495", "message": "Dispatch: RenderSystem -> handled 'add_text'", "context": {"level": null, "scene": null, "state": null}, "data": {}}
[2026-01-01 20:25:47] [DEBUG] [game] Emitted: 'add_text' data={'display_text': ' #                  #'} | {"time": "20:25:47.495", "message": "Emitted: 'add_text' data={'display_text': ' #                  #'}", "context": {"level": null, "scene": null, "state": null}, "data": {}}
[2026-01-01 20:25:47] [DEBUG] [game] Dispatch: RenderSystem -> handled 'add_text' | {"time": "20:25:47.495", "message": "Dispatch: RenderSystem -> handled 'add_text'", "context": {"level": null, "scene": null, "state": null}, "data": {}}
[2026-01-01 20:25:47] [DEBUG] [game] Emitted: 'add_text' data={'display_text': ' #                  #'} | {"time": "20:25:47.495", "message": "Emitted: 'add_text' data={'display_text': ' #                  #'}", "context": {"level": null, "scene": null, "state": null}, "data": {}}
[2026-01-01 20:25:47] [DEBUG] [game] Dispatch: RenderSystem -> handled 'add_text' | {"time": "20:25:47.495", "message": "Dispatch: RenderSystem -> handled 'add_text'", "context": {"level": null, "scene": null, "state": null}, "data": {}}
[2026-01-01 20:25:47] [DEBUG] [game] Emitted: 'add_text' data={'display_text': ' #                  #'} | {"time": "20:25:47.496", "message": "Emitted: 'add_text' data={'display_text': ' #                  #'}", "context": {"level": null, "scene": null, "state": null}, "data": {}}
[2026-01-01 20:25:47] [DEBUG] [game] Dispatch: RenderSystem -> handled 'add_text' | {"time": "20:25:47.496", "message": "Dispatch: RenderSystem -> handled 'add_text'", "context": {"level": null, "scene": null, "state": null}, "data": {}}
[2026-01-01 20:25:47] [DEBUG] [game] Emitted: 'add_text' data={'display_text': ' #                  #'} | {"time": "20:25:47.496", "message": "Emitted: 'add_text' data={'display_text': ' #                  #'}", "context": {"level": null, "scene": null, "state": null}, "data": {}}
[2026-01-01 20:25:47] [DEBUG] [game] Dispatch: RenderSystem -> handled 'add_text' | {"time": "20:25:47.496", "message": "Dispatch: RenderSystem -> handled 'add_text'", "context": {"level": null, "scene": null, "state": null}, "data": {}}
[2026-01-01 20:25:47] [DEBUG] [game] Emitted: 'add_text' data={'display_text': ' #                 $#'} | {"time": "20:25:47.496", "message": "Emitted: 'add_text' data={'display_text': ' #                 $#'}", "context": {"level": null, "scene": null, "state": null}, "data": {}}
[2026-01-01 20:25:47] [DEBUG] [game] Dispatch: RenderSystem -> handled 'add_text' | {"time": "20:25:47.496", "message": "Dispatch: RenderSystem -> handled 'add_text'", "context": {"level": null, "scene": null, "state": null}, "data": {}}
[2026-01-01 20:25:47] [DEBUG] [game] Emitted: 'add_text' data={'display_text': ' ####################'} | {"time": "20:25:47.497", "message": "Emitted: 'add_text' data={'display_text': ' ####################'}", "context": {"level": null, "scene": null, "state": null}, "data": {}}
[2026-01-01 20:25:47] [DEBUG] [game] Dispatch: RenderSystem -> handled 'add_text' | {"time": "20:25:47.497", "message": "Dispatch: RenderSystem -> handled 'add_text'", "context": {"level": null, "scene": null, "state": null}, "data": {}}
[2026-01-01 20:25:47] [DEBUG] [game] Emitted: 'player_input' data={'input': 'd'} | {"time": "20:25:47.497", "message": "Emitted: 'player_input' data={'input': 'd'}", "context": {"level": null, "scene": null, "state": null}, "data": {}}
[2026-01-01 20:25:47] [DEBUG] [game] Emitted: 'dungeon_player_movement' data={'input': 's'} | {"time": "20:25:47.507", "message": "Emitted: 'dungeon_player_movement' data={'input': 's'}", "context": {"level": null, "scene": null, "state": null}, "data": {}}
[2026-01-01 20:25:47] [DEBUG] [game] Dispatch: DungeonManager -> handled 'dungeon_player_movement' | {"time": "20:25:47.507", "message": "Dispatch: DungeonManager -> handled 'dungeon_player_movement'", "context": {"level": null, "scene": null, "state": null}, "data": {}}
[2026-01-01 20:25:47] [DEBUG] [game] [handle_player_move] dx=[0], dy=[1], cur_x=[10], cur_y=[9], new_x=[10], new_y=[10] | {"time": "20:25:47.507", "message": "[handle_player_move] dx=[0], dy=[1], cur_x=[10], cur_y=[9], new_x=[10], new_y=[10]", "context": {"level": null, "scene": null, "state": null}, "data": {}}
[2026-01-01 20:25:47] [DEBUG] [game] [handle_player_move] evaluted to walkable | {"time": "20:25:47.508", "message": "[handle_player_move] evaluted to walkable", "context": {"level": null, "scene": null, "state": null}, "data": {}}
[2026-01-01 20:25:47] [DEBUG] [game] Emitted: 'add_text' data={'display_text': ' ####################'} | {"time": "20:25:47.536", "message": "Emitted: 'add_text' data={'display_text': ' ####################'}", "context": {"level": null, "scene": null, "state": null}, "data": {}}
[2026-01-01 20:25:47] [DEBUG] [game] Dispatch: RenderSystem -> handled 'add_text' | {"time": "20:25:47.536", "message": "Dispatch: RenderSystem -> handled 'add_text'", "context": {"level": null, "scene": null, "state": null}, "data": {}}
[2026-01-01 20:25:47] [DEBUG] [game] Emitted: 'add_text' data={'display_text': ' #                  #'} | {"time": "20:25:47.536", "message": "Emitted: 'add_text' data={'display_text': ' #                  #'}", "context": {"level": null, "scene": null, "state": null}, "data": {}}
[2026-01-01 20:25:47] [DEBUG] [game] Dispatch: RenderSystem -> handled 'add_text' | {"time": "20:25:47.536", "message": "Dispatch: RenderSystem -> handled 'add_text'", "context": {"level": null, "scene": null, "state": null}, "data": {}}
[2026-01-01 20:25:47] [DEBUG] [game] Emitted: 'add_text' data={'display_text': ' #                  #'} | {"time": "20:25:47.536", "message": "Emitted: 'add_text' data={'display_text': ' #                  #'}", "context": {"level": null, "scene": null, "state": null}, "data": {}}
[2026-01-01 20:25:47] [DEBUG] [game] Dispatch: RenderSystem -> handled 'add_text' | {"time": "20:25:47.536", "message": "Dispatch: RenderSystem -> handled 'add_text'", "context": {"level": null, "scene": null, "state": null}, "data": {}}
[2026-01-01 20:25:47] [DEBUG] [game] Emitted: 'add_text' data={'display_text': ' #                  #'} | {"time": "20:25:47.537", "message": "Emitted: 'add_text' data={'display_text': ' #                  #'}", "context": {"level": null, "scene": null, "state": null}, "data": {}}
[2026-01-01 20:25:47] [DEBUG] [game] Dispatch: RenderSystem -> handled 'add_text' | {"time": "20:25:47.537", "message": "Dispatch: RenderSystem -> handled 'add_text'", "context": {"level": null, "scene": null, "state": null}, "data": {}}
[2026-01-01 20:25:47] [DEBUG] [game] Emitted: 'add_text' data={'display_text': ' #                  #'} | {"time": "20:25:47.537", "message": "Emitted: 'add_text' data={'display_text': ' #                  #'}", "context": {"level": null, "scene": null, "state": null}, "data": {}}
[2026-01-01 20:25:47] [DEBUG] [game] Dispatch: RenderSystem -> handled 'add_text' | {"time": "20:25:47.537", "message": "Dispatch: RenderSystem -> handled 'add_text'", "context": {"level": null, "scene": null, "state": null}, "data": {}}
[2026-01-01 20:25:47] [DEBUG] [game] Emitted: 'add_text' data={'display_text': ' #                  #'} | {"time": "20:25:47.537", "message": "Emitted: 'add_text' data={'display_text': ' #                  #'}", "context": {"level": null, "scene": null, "state": null}, "data": {}}
[2026-01-01 20:25:47] [DEBUG] [game] Dispatch: RenderSystem -> handled 'add_text' | {"time": "20:25:47.537", "message": "Dispatch: RenderSystem -> handled 'add_text'", "context": {"level": null, "scene": null, "state": null}, "data": {}}
[2026-01-01 20:25:47] [DEBUG] [game] Emitted: 'add_text' data={'display_text': ' #                  #'} | {"time": "20:25:47.538", "message": "Emitted: 'add_text' data={'display_text': ' #                  #'}", "context": {"level": null, "scene": null, "state": null}, "data": {}}
[2026-01-01 20:25:47] [DEBUG] [game] Dispatch: RenderSystem -> handled 'add_text' | {"time": "20:25:47.538", "message": "Dispatch: RenderSystem -> handled 'add_text'", "context": {"level": null, "scene": null, "state": null}, "data": {}}
[2026-01-01 20:25:47] [DEBUG] [game] Emitted: 'add_text' data={'display_text': ' #                  #'} | {"time": "20:25:47.538", "message": "Emitted: 'add_text' data={'display_text': ' #                  #'}", "context": {"level": null, "scene": null, "state": null}, "data": {}}
[2026-01-01 20:25:47] [DEBUG] [game] Dispatch: RenderSystem -> handled 'add_text' | {"time": "20:25:47.538", "message": "Dispatch: RenderSystem -> handled 'add_text'", "context": {"level": null, "scene": null, "state": null}, "data": {}}
[2026-01-01 20:25:47] [DEBUG] [game] Emitted: 'add_text' data={'display_text': ' #                  #'} | {"time": "20:25:47.538", "message": "Emitted: 'add_text' data={'display_text': ' #                  #'}", "context": {"level": null, "scene": null, "state": null}, "data": {}}
[2026-01-01 20:25:47] [DEBUG] [game] Dispatch: RenderSystem -> handled 'add_text' | {"time": "20:25:47.538", "message": "Dispatch: RenderSystem -> handled 'add_text'", "context": {"level": null, "scene": null, "state": null}, "data": {}}
[2026-01-01 20:25:47] [DEBUG] [game] Emitted: 'add_text' data={'display_text': ' #                  #'} | {"time": "20:25:47.538", "message": "Emitted: 'add_text' data={'display_text': ' #                  #'}", "context": {"level": null, "scene": null, "state": null}, "data": {}}
[2026-01-01 20:25:47] [DEBUG] [game] Dispatch: RenderSystem -> handled 'add_text' | {"time": "20:25:47.538", "message": "Dispatch: RenderSystem -> handled 'add_text'", "context": {"level": null, "scene": null, "state": null}, "data": {}}
[2026-01-01 20:25:47] [DEBUG] [game] Emitted: 'add_text' data={'display_text': ' #         @        #'} | {"time": "20:25:47.539", "message": "Emitted: 'add_text' data={'display_text': ' #         @        #'}", "context": {"level": null, "scene": null, "state": null}, "data": {}}
[2026-01-01 20:25:47] [DEBUG] [game] Dispatch: RenderSystem -> handled 'add_text' | {"time": "20:25:47.539", "message": "Dispatch: RenderSystem -> handled 'add_text'", "context": {"level": null, "scene": null, "state": null}, "data": {}}
[2026-01-01 20:25:47] [DEBUG] [game] Emitted: 'add_text' data={'display_text': ' #                  #'} | {"time": "20:25:47.539", "message": "Emitted: 'add_text' data={'display_text': ' #                  #'}", "context": {"level": null, "scene": null, "state": null}, "data": {}}
[2026-01-01 20:25:47] [DEBUG] [game] Dispatch: RenderSystem -> handled 'add_text' | {"time": "20:25:47.539", "message": "Dispatch: RenderSystem -> handled 'add_text'", "context": {"level": null, "scene": null, "state": null}, "data": {}}
[2026-01-01 20:25:47] [DEBUG] [game] Emitted: 'add_text' data={'display_text': ' #                  #'} | {"time": "20:25:47.539", "message": "Emitted: 'add_text' data={'display_text': ' #                  #'}", "context": {"level": null, "scene": null, "state": null}, "data": {}}
[2026-01-01 20:25:47] [DEBUG] [game] Dispatch: RenderSystem -> handled 'add_text' | {"time": "20:25:47.539", "message": "Dispatch: RenderSystem -> handled 'add_text'", "context": {"level": null, "scene": null, "state": null}, "data": {}}
[2026-01-01 20:25:47] [DEBUG] [game] Emitted: 'add_text' data={'display_text': ' #                  #'} | {"time": "20:25:47.539", "message": "Emitted: 'add_text' data={'display_text': ' #                  #'}", "context": {"level": null, "scene": null, "state": null}, "data": {}}
[2026-01-01 20:25:47] [DEBUG] [game] Dispatch: RenderSystem -> handled 'add_text' | {"time": "20:25:47.540", "message": "Dispatch: RenderSystem -> handled 'add_text'", "context": {"level": null, "scene": null, "state": null}, "data": {}}
[2026-01-01 20:25:47] [DEBUG] [game] Emitted: 'add_text' data={'display_text': ' #                  #'} | {"time": "20:25:47.540", "message": "Emitted: 'add_text' data={'display_text': ' #                  #'}", "context": {"level": null, "scene": null, "state": null}, "data": {}}
[2026-01-01 20:25:47] [DEBUG] [game] Dispatch: RenderSystem -> handled 'add_text' | {"time": "20:25:47.540", "message": "Dispatch: RenderSystem -> handled 'add_text'", "context": {"level": null, "scene": null, "state": null}, "data": {}}
[2026-01-01 20:25:47] [DEBUG] [game] Emitted: 'add_text' data={'display_text': ' #                  #'} | {"time": "20:25:47.540", "message": "Emitted: 'add_text' data={'display_text': ' #                  #'}", "context": {"level": null, "scene": null, "state": null}, "data": {}}
[2026-01-01 20:25:47] [DEBUG] [game] Dispatch: RenderSystem -> handled 'add_text' | {"time": "20:25:47.540", "message": "Dispatch: RenderSystem -> handled 'add_text'", "context": {"level": null, "scene": null, "state": null}, "data": {}}
[2026-01-01 20:25:47] [DEBUG] [game] Emitted: 'add_text' data={'display_text': ' #                  #'} | {"time": "20:25:47.540", "message": "Emitted: 'add_text' data={'display_text': ' #                  #'}", "context": {"level": null, "scene": null, "state": null}, "data": {}}
[2026-01-01 20:25:47] [DEBUG] [game] Dispatch: RenderSystem -> handled 'add_text' | {"time": "20:25:47.540", "message": "Dispatch: RenderSystem -> handled 'add_text'", "context": {"level": null, "scene": null, "state": null}, "data": {}}
[2026-01-01 20:25:47] [DEBUG] [game] Emitted: 'add_text' data={'display_text': ' #                  #'} | {"time": "20:25:47.541", "message": "Emitted: 'add_text' data={'display_text': ' #                  #'}", "context": {"level": null, "scene": null, "state": null}, "data": {}}
[2026-01-01 20:25:47] [DEBUG] [game] Dispatch: RenderSystem -> handled 'add_text' | {"time": "20:25:47.541", "message": "Dispatch: RenderSystem -> handled 'add_text'", "context": {"level": null, "scene": null, "state": null}, "data": {}}
[2026-01-01 20:25:47] [DEBUG] [game] Emitted: 'add_text' data={'display_text': ' #                 $#'} | {"time": "20:25:47.541", "message": "Emitted: 'add_text' data={'display_text': ' #                 $#'}", "context": {"level": null, "scene": null, "state": null}, "data": {}}
[2026-01-01 20:25:47] [DEBUG] [game] Dispatch: RenderSystem -> handled 'add_text' | {"time": "20:25:47.541", "message": "Dispatch: RenderSystem -> handled 'add_text'", "context": {"level": null, "scene": null, "state": null}, "data": {}}
[2026-01-01 20:25:47] [DEBUG] [game] Emitted: 'add_text' data={'display_text': ' ####################'} | {"time": "20:25:47.541", "message": "Emitted: 'add_text' data={'display_text': ' ####################'}", "context": {"level": null, "scene": null, "state": null}, "data": {}}
[2026-01-01 20:25:47] [DEBUG] [game] Dispatch: RenderSystem -> handled 'add_text' | {"time": "20:25:47.541", "message": "Dispatch: RenderSystem -> handled 'add_text'", "context": {"level": null, "scene": null, "state": null}, "data": {}}
[2026-01-01 20:25:47] [DEBUG] [game] Emitted: 'player_input' data={'input': 's'} | {"time": "20:25:47.541", "message": "Emitted: 'player_input' data={'input': 's'}", "context": {"level": null, "scene": null, "state": null}, "data": {}}
[2026-01-01 20:25:47] [DEBUG] [game] Emitted: 'dungeon_player_movement' data={'input': 'd'} | {"time": "20:25:47.549", "message": "Emitted: 'dungeon_player_movement' data={'input': 'd'}", "context": {"level": null, "scene": null, "state": null}, "data": {}}
[2026-01-01 20:25:47] [DEBUG] [game] Dispatch: DungeonManager -> handled 'dungeon_player_movement' | {"time": "20:25:47.549", "message": "Dispatch: DungeonManager -> handled 'dungeon_player_movement'", "context": {"level": null, "scene": null, "state": null}, "data": {}}
[2026-01-01 20:25:47] [DEBUG] [game] [handle_player_move] dx=[1], dy=[0], cur_x=[10], cur_y=[10], new_x=[11], new_y=[10] | {"time": "20:25:47.549", "message": "[handle_player_move] dx=[1], dy=[0], cur_x=[10], cur_y=[10], new_x=[11], new_y=[10]", "context": {"level": null, "scene": null, "state": null}, "data": {}}
[2026-01-01 20:25:47] [DEBUG] [game] [handle_player_move] evaluted to walkable | {"time": "20:25:47.549", "message": "[handle_player_move] evaluted to walkable", "context": {"level": null, "scene": null, "state": null}, "data": {}}
[2026-01-01 20:25:47] [DEBUG] [game] Emitted: 'add_text' data={'display_text': ' ####################'} | {"time": "20:25:47.578", "message": "Emitted: 'add_text' data={'display_text': ' ####################'}", "context": {"level": null, "scene": null, "state": null}, "data": {}}
[2026-01-01 20:25:47] [DEBUG] [game] Dispatch: RenderSystem -> handled 'add_text' | {"time": "20:25:47.578", "message": "Dispatch: RenderSystem -> handled 'add_text'", "context": {"level": null, "scene": null, "state": null}, "data": {}}
[2026-01-01 20:25:47] [DEBUG] [game] Emitted: 'add_text' data={'display_text': ' #                  #'} | {"time": "20:25:47.578", "message": "Emitted: 'add_text' data={'display_text': ' #                  #'}", "context": {"level": null, "scene": null, "state": null}, "data": {}}
[2026-01-01 20:25:47] [DEBUG] [game] Dispatch: RenderSystem -> handled 'add_text' | {"time": "20:25:47.578", "message": "Dispatch: RenderSystem -> handled 'add_text'", "context": {"level": null, "scene": null, "state": null}, "data": {}}
[2026-01-01 20:25:47] [DEBUG] [game] Emitted: 'add_text' data={'display_text': ' #                  #'} | {"time": "20:25:47.579", "message": "Emitted: 'add_text' data={'display_text': ' #                  #'}", "context": {"level": null, "scene": null, "state": null}, "data": {}}
[2026-01-01 20:25:47] [DEBUG] [game] Dispatch: RenderSystem -> handled 'add_text' | {"time": "20:25:47.579", "message": "Dispatch: RenderSystem -> handled 'add_text'", "context": {"level": null, "scene": null, "state": null}, "data": {}}
[2026-01-01 20:25:47] [DEBUG] [game] Emitted: 'add_text' data={'display_text': ' #                  #'} | {"time": "20:25:47.579", "message": "Emitted: 'add_text' data={'display_text': ' #                  #'}", "context": {"level": null, "scene": null, "state": null}, "data": {}}
[2026-01-01 20:25:47] [DEBUG] [game] Dispatch: RenderSystem -> handled 'add_text' | {"time": "20:25:47.579", "message": "Dispatch: RenderSystem -> handled 'add_text'", "context": {"level": null, "scene": null, "state": null}, "data": {}}
[2026-01-01 20:25:47] [DEBUG] [game] Emitted: 'add_text' data={'display_text': ' #                  #'} | {"time": "20:25:47.579", "message": "Emitted: 'add_text' data={'display_text': ' #                  #'}", "context": {"level": null, "scene": null, "state": null}, "data": {}}
[2026-01-01 20:25:47] [DEBUG] [game] Dispatch: RenderSystem -> handled 'add_text' | {"time": "20:25:47.579", "message": "Dispatch: RenderSystem -> handled 'add_text'", "context": {"level": null, "scene": null, "state": null}, "data": {}}
[2026-01-01 20:25:47] [DEBUG] [game] Emitted: 'add_text' data={'display_text': ' #                  #'} | {"time": "20:25:47.579", "message": "Emitted: 'add_text' data={'display_text': ' #                  #'}", "context": {"level": null, "scene": null, "state": null}, "data": {}}
[2026-01-01 20:25:47] [DEBUG] [game] Dispatch: RenderSystem -> handled 'add_text' | {"time": "20:25:47.580", "message": "Dispatch: RenderSystem -> handled 'add_text'", "context": {"level": null, "scene": null, "state": null}, "data": {}}
[2026-01-01 20:25:47] [DEBUG] [game] Emitted: 'add_text' data={'display_text': ' #                  #'} | {"time": "20:25:47.580", "message": "Emitted: 'add_text' data={'display_text': ' #                  #'}", "context": {"level": null, "scene": null, "state": null}, "data": {}}
[2026-01-01 20:25:47] [DEBUG] [game] Dispatch: RenderSystem -> handled 'add_text' | {"time": "20:25:47.580", "message": "Dispatch: RenderSystem -> handled 'add_text'", "context": {"level": null, "scene": null, "state": null}, "data": {}}
[2026-01-01 20:25:47] [DEBUG] [game] Emitted: 'add_text' data={'display_text': ' #                  #'} | {"time": "20:25:47.580", "message": "Emitted: 'add_text' data={'display_text': ' #                  #'}", "context": {"level": null, "scene": null, "state": null}, "data": {}}
[2026-01-01 20:25:47] [DEBUG] [game] Dispatch: RenderSystem -> handled 'add_text' | {"time": "20:25:47.580", "message": "Dispatch: RenderSystem -> handled 'add_text'", "context": {"level": null, "scene": null, "state": null}, "data": {}}
[2026-01-01 20:25:47] [DEBUG] [game] Emitted: 'add_text' data={'display_text': ' #                  #'} | {"time": "20:25:47.580", "message": "Emitted: 'add_text' data={'display_text': ' #                  #'}", "context": {"level": null, "scene": null, "state": null}, "data": {}}
[2026-01-01 20:25:47] [DEBUG] [game] Dispatch: RenderSystem -> handled 'add_text' | {"time": "20:25:47.580", "message": "Dispatch: RenderSystem -> handled 'add_text'", "context": {"level": null, "scene": null, "state": null}, "data": {}}
[2026-01-01 20:25:47] [DEBUG] [game] Emitted: 'add_text' data={'display_text': ' #                  #'} | {"time": "20:25:47.581", "message": "Emitted: 'add_text' data={'display_text': ' #                  #'}", "context": {"level": null, "scene": null, "state": null}, "data": {}}
[2026-01-01 20:25:47] [DEBUG] [game] Dispatch: RenderSystem -> handled 'add_text' | {"time": "20:25:47.581", "message": "Dispatch: RenderSystem -> handled 'add_text'", "context": {"level": null, "scene": null, "state": null}, "data": {}}
[2026-01-01 20:25:47] [DEBUG] [game] Emitted: 'add_text' data={'display_text': ' #          @       #'} | {"time": "20:25:47.581", "message": "Emitted: 'add_text' data={'display_text': ' #          @       #'}", "context": {"level": null, "scene": null, "state": null}, "data": {}}
[2026-01-01 20:25:47] [DEBUG] [game] Dispatch: RenderSystem -> handled 'add_text' | {"time": "20:25:47.581", "message": "Dispatch: RenderSystem -> handled 'add_text'", "context": {"level": null, "scene": null, "state": null}, "data": {}}
[2026-01-01 20:25:47] [DEBUG] [game] Emitted: 'add_text' data={'display_text': ' #                  #'} | {"time": "20:25:47.581", "message": "Emitted: 'add_text' data={'display_text': ' #                  #'}", "context": {"level": null, "scene": null, "state": null}, "data": {}}
[2026-01-01 20:25:47] [DEBUG] [game] Dispatch: RenderSystem -> handled 'add_text' | {"time": "20:25:47.581", "message": "Dispatch: RenderSystem -> handled 'add_text'", "context": {"level": null, "scene": null, "state": null}, "data": {}}
[2026-01-01 20:25:47] [DEBUG] [game] Emitted: 'add_text' data={'display_text': ' #                  #'} | {"time": "20:25:47.581", "message": "Emitted: 'add_text' data={'display_text': ' #                  #'}", "context": {"level": null, "scene": null, "state": null}, "data": {}}
[2026-01-01 20:25:47] [DEBUG] [game] Dispatch: RenderSystem -> handled 'add_text' | {"time": "20:25:47.582", "message": "Dispatch: RenderSystem -> handled 'add_text'", "context": {"level": null, "scene": null, "state": null}, "data": {}}
[2026-01-01 20:25:47] [DEBUG] [game] Emitted: 'add_text' data={'display_text': ' #                  #'} | {"time": "20:25:47.582", "message": "Emitted: 'add_text' data={'display_text': ' #                  #'}", "context": {"level": null, "scene": null, "state": null}, "data": {}}
[2026-01-01 20:25:47] [DEBUG] [game] Dispatch: RenderSystem -> handled 'add_text' | {"time": "20:25:47.582", "message": "Dispatch: RenderSystem -> handled 'add_text'", "context": {"level": null, "scene": null, "state": null}, "data": {}}
[2026-01-01 20:25:47] [DEBUG] [game] Emitted: 'add_text' data={'display_text': ' #                  #'} | {"time": "20:25:47.582", "message": "Emitted: 'add_text' data={'display_text': ' #                  #'}", "context": {"level": null, "scene": null, "state": null}, "data": {}}
[2026-01-01 20:25:47] [DEBUG] [game] Dispatch: RenderSystem -> handled 'add_text' | {"time": "20:25:47.582", "message": "Dispatch: RenderSystem -> handled 'add_text'", "context": {"level": null, "scene": null, "state": null}, "data": {}}
[2026-01-01 20:25:47] [DEBUG] [game] Emitted: 'add_text' data={'display_text': ' #                  #'} | {"time": "20:25:47.582", "message": "Emitted: 'add_text' data={'display_text': ' #                  #'}", "context": {"level": null, "scene": null, "state": null}, "data": {}}
[2026-01-01 20:25:47] [DEBUG] [game] Dispatch: RenderSystem -> handled 'add_text' | {"time": "20:25:47.582", "message": "Dispatch: RenderSystem -> handled 'add_text'", "context": {"level": null, "scene": null, "state": null}, "data": {}}
[2026-01-01 20:25:47] [DEBUG] [game] Emitted: 'add_text' data={'display_text': ' #                  #'} | {"time": "20:25:47.583", "message": "Emitted: 'add_text' data={'display_text': ' #                  #'}", "context": {"level": null, "scene": null, "state": null}, "data": {}}
[2026-01-01 20:25:47] [DEBUG] [game] Dispatch: RenderSystem -> handled 'add_text' | {"time": "20:25:47.583", "message": "Dispatch: RenderSystem -> handled 'add_text'", "context": {"level": null, "scene": null, "state": null}, "data": {}}
[2026-01-01 20:25:47] [DEBUG] [game] Emitted: 'add_text' data={'display_text': ' #                  #'} | {"time": "20:25:47.583", "message": "Emitted: 'add_text' data={'display_text': ' #                  #'}", "context": {"level": null, "scene": null, "state": null}, "data": {}}
[2026-01-01 20:25:47] [DEBUG] [game] Dispatch: RenderSystem -> handled 'add_text' | {"time": "20:25:47.583", "message": "Dispatch: RenderSystem -> handled 'add_text'", "context": {"level": null, "scene": null, "state": null}, "data": {}}
[2026-01-01 20:25:47] [DEBUG] [game] Emitted: 'add_text' data={'display_text': ' #                 $#'} | {"time": "20:25:47.583", "message": "Emitted: 'add_text' data={'display_text': ' #                 $#'}", "context": {"level": null, "scene": null, "state": null}, "data": {}}
[2026-01-01 20:25:47] [DEBUG] [game] Dispatch: RenderSystem -> handled 'add_text' | {"time": "20:25:47.583", "message": "Dispatch: RenderSystem -> handled 'add_text'", "context": {"level": null, "scene": null, "state": null}, "data": {}}
[2026-01-01 20:25:47] [DEBUG] [game] Emitted: 'add_text' data={'display_text': ' ####################'} | {"time": "20:25:47.583", "message": "Emitted: 'add_text' data={'display_text': ' ####################'}", "context": {"level": null, "scene": null, "state": null}, "data": {}}
[2026-01-01 20:25:47] [DEBUG] [game] Dispatch: RenderSystem -> handled 'add_text' | {"time": "20:25:47.583", "message": "Dispatch: RenderSystem -> handled 'add_text'", "context": {"level": null, "scene": null, "state": null}, "data": {}}
[2026-01-01 20:25:47] [DEBUG] [game] Emitted: 'player_input' data={'input': 'd'} | {"time": "20:25:47.584", "message": "Emitted: 'player_input' data={'input': 'd'}", "context": {"level": null, "scene": null, "state": null}, "data": {}}
[2026-01-01 20:25:47] [DEBUG] [game] Emitted: 'dungeon_player_movement' data={'input': 's'} | {"time": "20:25:47.618", "message": "Emitted: 'dungeon_player_movement' data={'input': 's'}", "context": {"level": null, "scene": null, "state": null}, "data": {}}
[2026-01-01 20:25:47] [DEBUG] [game] Dispatch: DungeonManager -> handled 'dungeon_player_movement' | {"time": "20:25:47.618", "message": "Dispatch: DungeonManager -> handled 'dungeon_player_movement'", "context": {"level": null, "scene": null, "state": null}, "data": {}}
[2026-01-01 20:25:47] [DEBUG] [game] [handle_player_move] dx=[0], dy=[1], cur_x=[11], cur_y=[10], new_x=[11], new_y=[11] | {"time": "20:25:47.618", "message": "[handle_player_move] dx=[0], dy=[1], cur_x=[11], cur_y=[10], new_x=[11], new_y=[11]", "context": {"level": null, "scene": null, "state": null}, "data": {}}
[2026-01-01 20:25:47] [DEBUG] [game] [handle_player_move] evaluted to walkable | {"time": "20:25:47.619", "message": "[handle_player_move] evaluted to walkable", "context": {"level": null, "scene": null, "state": null}, "data": {}}
[2026-01-01 20:25:47] [DEBUG] [game] Emitted: 'add_text' data={'display_text': ' ####################'} | {"time": "20:25:47.647", "message": "Emitted: 'add_text' data={'display_text': ' ####################'}", "context": {"level": null, "scene": null, "state": null}, "data": {}}
[2026-01-01 20:25:47] [DEBUG] [game] Dispatch: RenderSystem -> handled 'add_text' | {"time": "20:25:47.647", "message": "Dispatch: RenderSystem -> handled 'add_text'", "context": {"level": null, "scene": null, "state": null}, "data": {}}
[2026-01-01 20:25:47] [DEBUG] [game] Emitted: 'add_text' data={'display_text': ' #                  #'} | {"time": "20:25:47.648", "message": "Emitted: 'add_text' data={'display_text': ' #                  #'}", "context": {"level": null, "scene": null, "state": null}, "data": {}}
[2026-01-01 20:25:47] [DEBUG] [game] Dispatch: RenderSystem -> handled 'add_text' | {"time": "20:25:47.648", "message": "Dispatch: RenderSystem -> handled 'add_text'", "context": {"level": null, "scene": null, "state": null}, "data": {}}
[2026-01-01 20:25:47] [DEBUG] [game] Emitted: 'add_text' data={'display_text': ' #                  #'} | {"time": "20:25:47.648", "message": "Emitted: 'add_text' data={'display_text': ' #                  #'}", "context": {"level": null, "scene": null, "state": null}, "data": {}}
[2026-01-01 20:25:47] [DEBUG] [game] Dispatch: RenderSystem -> handled 'add_text' | {"time": "20:25:47.648", "message": "Dispatch: RenderSystem -> handled 'add_text'", "context": {"level": null, "scene": null, "state": null}, "data": {}}
[2026-01-01 20:25:47] [DEBUG] [game] Emitted: 'add_text' data={'display_text': ' #                  #'} | {"time": "20:25:47.648", "message": "Emitted: 'add_text' data={'display_text': ' #                  #'}", "context": {"level": null, "scene": null, "state": null}, "data": {}}
[2026-01-01 20:25:47] [DEBUG] [game] Dispatch: RenderSystem -> handled 'add_text' | {"time": "20:25:47.648", "message": "Dispatch: RenderSystem -> handled 'add_text'", "context": {"level": null, "scene": null, "state": null}, "data": {}}
[2026-01-01 20:25:47] [DEBUG] [game] Emitted: 'add_text' data={'display_text': ' #                  #'} | {"time": "20:25:47.648", "message": "Emitted: 'add_text' data={'display_text': ' #                  #'}", "context": {"level": null, "scene": null, "state": null}, "data": {}}
[2026-01-01 20:25:47] [DEBUG] [game] Dispatch: RenderSystem -> handled 'add_text' | {"time": "20:25:47.649", "message": "Dispatch: RenderSystem -> handled 'add_text'", "context": {"level": null, "scene": null, "state": null}, "data": {}}
[2026-01-01 20:25:47] [DEBUG] [game] Emitted: 'add_text' data={'display_text': ' #                  #'} | {"time": "20:25:47.649", "message": "Emitted: 'add_text' data={'display_text': ' #                  #'}", "context": {"level": null, "scene": null, "state": null}, "data": {}}
[2026-01-01 20:25:47] [DEBUG] [game] Dispatch: RenderSystem -> handled 'add_text' | {"time": "20:25:47.649", "message": "Dispatch: RenderSystem -> handled 'add_text'", "context": {"level": null, "scene": null, "state": null}, "data": {}}
[2026-01-01 20:25:47] [DEBUG] [game] Emitted: 'add_text' data={'display_text': ' #                  #'} | {"time": "20:25:47.649", "message": "Emitted: 'add_text' data={'display_text': ' #                  #'}", "context": {"level": null, "scene": null, "state": null}, "data": {}}
[2026-01-01 20:25:47] [DEBUG] [game] Dispatch: RenderSystem -> handled 'add_text' | {"time": "20:25:47.649", "message": "Dispatch: RenderSystem -> handled 'add_text'", "context": {"level": null, "scene": null, "state": null}, "data": {}}
[2026-01-01 20:25:47] [DEBUG] [game] Emitted: 'add_text' data={'display_text': ' #                  #'} | {"time": "20:25:47.649", "message": "Emitted: 'add_text' data={'display_text': ' #                  #'}", "context": {"level": null, "scene": null, "state": null}, "data": {}}
[2026-01-01 20:25:47] [DEBUG] [game] Dispatch: RenderSystem -> handled 'add_text' | {"time": "20:25:47.649", "message": "Dispatch: RenderSystem -> handled 'add_text'", "context": {"level": null, "scene": null, "state": null}, "data": {}}
[2026-01-01 20:25:47] [DEBUG] [game] Emitted: 'add_text' data={'display_text': ' #                  #'} | {"time": "20:25:47.650", "message": "Emitted: 'add_text' data={'display_text': ' #                  #'}", "context": {"level": null, "scene": null, "state": null}, "data": {}}
[2026-01-01 20:25:47] [DEBUG] [game] Dispatch: RenderSystem -> handled 'add_text' | {"time": "20:25:47.650", "message": "Dispatch: RenderSystem -> handled 'add_text'", "context": {"level": null, "scene": null, "state": null}, "data": {}}
[2026-01-01 20:25:47] [DEBUG] [game] Emitted: 'add_text' data={'display_text': ' #                  #'} | {"time": "20:25:47.650", "message": "Emitted: 'add_text' data={'display_text': ' #                  #'}", "context": {"level": null, "scene": null, "state": null}, "data": {}}
[2026-01-01 20:25:47] [DEBUG] [game] Dispatch: RenderSystem -> handled 'add_text' | {"time": "20:25:47.650", "message": "Dispatch: RenderSystem -> handled 'add_text'", "context": {"level": null, "scene": null, "state": null}, "data": {}}
[2026-01-01 20:25:47] [DEBUG] [game] Emitted: 'add_text' data={'display_text': ' #                  #'} | {"time": "20:25:47.650", "message": "Emitted: 'add_text' data={'display_text': ' #                  #'}", "context": {"level": null, "scene": null, "state": null}, "data": {}}
[2026-01-01 20:25:47] [DEBUG] [game] Dispatch: RenderSystem -> handled 'add_text' | {"time": "20:25:47.650", "message": "Dispatch: RenderSystem -> handled 'add_text'", "context": {"level": null, "scene": null, "state": null}, "data": {}}
[2026-01-01 20:25:47] [DEBUG] [game] Emitted: 'add_text' data={'display_text': ' #          @       #'} | {"time": "20:25:47.651", "message": "Emitted: 'add_text' data={'display_text': ' #          @       #'}", "context": {"level": null, "scene": null, "state": null}, "data": {}}
[2026-01-01 20:25:47] [DEBUG] [game] Dispatch: RenderSystem -> handled 'add_text' | {"time": "20:25:47.651", "message": "Dispatch: RenderSystem -> handled 'add_text'", "context": {"level": null, "scene": null, "state": null}, "data": {}}
[2026-01-01 20:25:47] [DEBUG] [game] Emitted: 'add_text' data={'display_text': ' #                  #'} | {"time": "20:25:47.651", "message": "Emitted: 'add_text' data={'display_text': ' #                  #'}", "context": {"level": null, "scene": null, "state": null}, "data": {}}
[2026-01-01 20:25:47] [DEBUG] [game] Dispatch: RenderSystem -> handled 'add_text' | {"time": "20:25:47.651", "message": "Dispatch: RenderSystem -> handled 'add_text'", "context": {"level": null, "scene": null, "state": null}, "data": {}}
[2026-01-01 20:25:47] [DEBUG] [game] Emitted: 'add_text' data={'display_text': ' #                  #'} | {"time": "20:25:47.651", "message": "Emitted: 'add_text' data={'display_text': ' #                  #'}", "context": {"level": null, "scene": null, "state": null}, "data": {}}
[2026-01-01 20:25:47] [DEBUG] [game] Dispatch: RenderSystem -> handled 'add_text' | {"time": "20:25:47.652", "message": "Dispatch: RenderSystem -> handled 'add_text'", "context": {"level": null, "scene": null, "state": null}, "data": {}}
[2026-01-01 20:25:47] [DEBUG] [game] Emitted: 'add_text' data={'display_text': ' #                  #'} | {"time": "20:25:47.652", "message": "Emitted: 'add_text' data={'display_text': ' #                  #'}", "context": {"level": null, "scene": null, "state": null}, "data": {}}
[2026-01-01 20:25:47] [DEBUG] [game] Dispatch: RenderSystem -> handled 'add_text' | {"time": "20:25:47.652", "message": "Dispatch: RenderSystem -> handled 'add_text'", "context": {"level": null, "scene": null, "state": null}, "data": {}}
[2026-01-01 20:25:47] [DEBUG] [game] Emitted: 'add_text' data={'display_text': ' #                  #'} | {"time": "20:25:47.652", "message": "Emitted: 'add_text' data={'display_text': ' #                  #'}", "context": {"level": null, "scene": null, "state": null}, "data": {}}
[2026-01-01 20:25:47] [DEBUG] [game] Dispatch: RenderSystem -> handled 'add_text' | {"time": "20:25:47.652", "message": "Dispatch: RenderSystem -> handled 'add_text'", "context": {"level": null, "scene": null, "state": null}, "data": {}}
[2026-01-01 20:25:47] [DEBUG] [game] Emitted: 'add_text' data={'display_text': ' #                  #'} | {"time": "20:25:47.652", "message": "Emitted: 'add_text' data={'display_text': ' #                  #'}", "context": {"level": null, "scene": null, "state": null}, "data": {}}
[2026-01-01 20:25:47] [DEBUG] [game] Dispatch: RenderSystem -> handled 'add_text' | {"time": "20:25:47.653", "message": "Dispatch: RenderSystem -> handled 'add_text'", "context": {"level": null, "scene": null, "state": null}, "data": {}}
[2026-01-01 20:25:47] [DEBUG] [game] Emitted: 'add_text' data={'display_text': ' #                  #'} | {"time": "20:25:47.653", "message": "Emitted: 'add_text' data={'display_text': ' #                  #'}", "context": {"level": null, "scene": null, "state": null}, "data": {}}
[2026-01-01 20:25:47] [DEBUG] [game] Dispatch: RenderSystem -> handled 'add_text' | {"time": "20:25:47.653", "message": "Dispatch: RenderSystem -> handled 'add_text'", "context": {"level": null, "scene": null, "state": null}, "data": {}}
[2026-01-01 20:25:47] [DEBUG] [game] Emitted: 'add_text' data={'display_text': ' #                 $#'} | {"time": "20:25:47.653", "message": "Emitted: 'add_text' data={'display_text': ' #                 $#'}", "context": {"level": null, "scene": null, "state": null}, "data": {}}
[2026-01-01 20:25:47] [DEBUG] [game] Dispatch: RenderSystem -> handled 'add_text' | {"time": "20:25:47.653", "message": "Dispatch: RenderSystem -> handled 'add_text'", "context": {"level": null, "scene": null, "state": null}, "data": {}}
[2026-01-01 20:25:47] [DEBUG] [game] Emitted: 'add_text' data={'display_text': ' ####################'} | {"time": "20:25:47.653", "message": "Emitted: 'add_text' data={'display_text': ' ####################'}", "context": {"level": null, "scene": null, "state": null}, "data": {}}
[2026-01-01 20:25:47] [DEBUG] [game] Dispatch: RenderSystem -> handled 'add_text' | {"time": "20:25:47.653", "message": "Dispatch: RenderSystem -> handled 'add_text'", "context": {"level": null, "scene": null, "state": null}, "data": {}}
[2026-01-01 20:25:47] [DEBUG] [game] Emitted: 'player_input' data={'input': 's'} | {"time": "20:25:47.654", "message": "Emitted: 'player_input' data={'input': 's'}", "context": {"level": null, "scene": null, "state": null}, "data": {}}
[2026-01-01 20:25:47] [DEBUG] [game] Emitted: 'dungeon_player_movement' data={'input': 's'} | {"time": "20:25:47.723", "message": "Emitted: 'dungeon_player_movement' data={'input': 's'}", "context": {"level": null, "scene": null, "state": null}, "data": {}}
[2026-01-01 20:25:47] [DEBUG] [game] Dispatch: DungeonManager -> handled 'dungeon_player_movement' | {"time": "20:25:47.723", "message": "Dispatch: DungeonManager -> handled 'dungeon_player_movement'", "context": {"level": null, "scene": null, "state": null}, "data": {}}
[2026-01-01 20:25:47] [DEBUG] [game] [handle_player_move] dx=[0], dy=[1], cur_x=[11], cur_y=[11], new_x=[11], new_y=[12] | {"time": "20:25:47.723", "message": "[handle_player_move] dx=[0], dy=[1], cur_x=[11], cur_y=[11], new_x=[11], new_y=[12]", "context": {"level": null, "scene": null, "state": null}, "data": {}}
[2026-01-01 20:25:47] [DEBUG] [game] [handle_player_move] evaluted to walkable | {"time": "20:25:47.724", "message": "[handle_player_move] evaluted to walkable", "context": {"level": null, "scene": null, "state": null}, "data": {}}
[2026-01-01 20:25:47] [DEBUG] [game] Emitted: 'add_text' data={'display_text': ' ####################'} | {"time": "20:25:47.752", "message": "Emitted: 'add_text' data={'display_text': ' ####################'}", "context": {"level": null, "scene": null, "state": null}, "data": {}}
[2026-01-01 20:25:47] [DEBUG] [game] Dispatch: RenderSystem -> handled 'add_text' | {"time": "20:25:47.752", "message": "Dispatch: RenderSystem -> handled 'add_text'", "context": {"level": null, "scene": null, "state": null}, "data": {}}
[2026-01-01 20:25:47] [DEBUG] [game] Emitted: 'add_text' data={'display_text': ' #                  #'} | {"time": "20:25:47.752", "message": "Emitted: 'add_text' data={'display_text': ' #                  #'}", "context": {"level": null, "scene": null, "state": null}, "data": {}}
[2026-01-01 20:25:47] [DEBUG] [game] Dispatch: RenderSystem -> handled 'add_text' | {"time": "20:25:47.752", "message": "Dispatch: RenderSystem -> handled 'add_text'", "context": {"level": null, "scene": null, "state": null}, "data": {}}
[2026-01-01 20:25:47] [DEBUG] [game] Emitted: 'add_text' data={'display_text': ' #                  #'} | {"time": "20:25:47.753", "message": "Emitted: 'add_text' data={'display_text': ' #                  #'}", "context": {"level": null, "scene": null, "state": null}, "data": {}}
[2026-01-01 20:25:47] [DEBUG] [game] Dispatch: RenderSystem -> handled 'add_text' | {"time": "20:25:47.753", "message": "Dispatch: RenderSystem -> handled 'add_text'", "context": {"level": null, "scene": null, "state": null}, "data": {}}
[2026-01-01 20:25:47] [DEBUG] [game] Emitted: 'add_text' data={'display_text': ' #                  #'} | {"time": "20:25:47.753", "message": "Emitted: 'add_text' data={'display_text': ' #                  #'}", "context": {"level": null, "scene": null, "state": null}, "data": {}}
[2026-01-01 20:25:47] [DEBUG] [game] Dispatch: RenderSystem -> handled 'add_text' | {"time": "20:25:47.753", "message": "Dispatch: RenderSystem -> handled 'add_text'", "context": {"level": null, "scene": null, "state": null}, "data": {}}
[2026-01-01 20:25:47] [DEBUG] [game] Emitted: 'add_text' data={'display_text': ' #                  #'} | {"time": "20:25:47.753", "message": "Emitted: 'add_text' data={'display_text': ' #                  #'}", "context": {"level": null, "scene": null, "state": null}, "data": {}}
[2026-01-01 20:25:47] [DEBUG] [game] Dispatch: RenderSystem -> handled 'add_text' | {"time": "20:25:47.753", "message": "Dispatch: RenderSystem -> handled 'add_text'", "context": {"level": null, "scene": null, "state": null}, "data": {}}
[2026-01-01 20:25:47] [DEBUG] [game] Emitted: 'add_text' data={'display_text': ' #                  #'} | {"time": "20:25:47.753", "message": "Emitted: 'add_text' data={'display_text': ' #                  #'}", "context": {"level": null, "scene": null, "state": null}, "data": {}}
[2026-01-01 20:25:47] [DEBUG] [game] Dispatch: RenderSystem -> handled 'add_text' | {"time": "20:25:47.754", "message": "Dispatch: RenderSystem -> handled 'add_text'", "context": {"level": null, "scene": null, "state": null}, "data": {}}
[2026-01-01 20:25:47] [DEBUG] [game] Emitted: 'add_text' data={'display_text': ' #                  #'} | {"time": "20:25:47.754", "message": "Emitted: 'add_text' data={'display_text': ' #                  #'}", "context": {"level": null, "scene": null, "state": null}, "data": {}}
[2026-01-01 20:25:47] [DEBUG] [game] Dispatch: RenderSystem -> handled 'add_text' | {"time": "20:25:47.754", "message": "Dispatch: RenderSystem -> handled 'add_text'", "context": {"level": null, "scene": null, "state": null}, "data": {}}
[2026-01-01 20:25:47] [DEBUG] [game] Emitted: 'add_text' data={'display_text': ' #                  #'} | {"time": "20:25:47.754", "message": "Emitted: 'add_text' data={'display_text': ' #                  #'}", "context": {"level": null, "scene": null, "state": null}, "data": {}}
[2026-01-01 20:25:47] [DEBUG] [game] Dispatch: RenderSystem -> handled 'add_text' | {"time": "20:25:47.754", "message": "Dispatch: RenderSystem -> handled 'add_text'", "context": {"level": null, "scene": null, "state": null}, "data": {}}
[2026-01-01 20:25:47] [DEBUG] [game] Emitted: 'add_text' data={'display_text': ' #                  #'} | {"time": "20:25:47.754", "message": "Emitted: 'add_text' data={'display_text': ' #                  #'}", "context": {"level": null, "scene": null, "state": null}, "data": {}}
[2026-01-01 20:25:47] [DEBUG] [game] Dispatch: RenderSystem -> handled 'add_text' | {"time": "20:25:47.754", "message": "Dispatch: RenderSystem -> handled 'add_text'", "context": {"level": null, "scene": null, "state": null}, "data": {}}
[2026-01-01 20:25:47] [DEBUG] [game] Emitted: 'add_text' data={'display_text': ' #                  #'} | {"time": "20:25:47.755", "message": "Emitted: 'add_text' data={'display_text': ' #                  #'}", "context": {"level": null, "scene": null, "state": null}, "data": {}}
[2026-01-01 20:25:47] [DEBUG] [game] Dispatch: RenderSystem -> handled 'add_text' | {"time": "20:25:47.755", "message": "Dispatch: RenderSystem -> handled 'add_text'", "context": {"level": null, "scene": null, "state": null}, "data": {}}
[2026-01-01 20:25:47] [DEBUG] [game] Emitted: 'add_text' data={'display_text': ' #                  #'} | {"time": "20:25:47.755", "message": "Emitted: 'add_text' data={'display_text': ' #                  #'}", "context": {"level": null, "scene": null, "state": null}, "data": {}}
[2026-01-01 20:25:47] [DEBUG] [game] Dispatch: RenderSystem -> handled 'add_text' | {"time": "20:25:47.755", "message": "Dispatch: RenderSystem -> handled 'add_text'", "context": {"level": null, "scene": null, "state": null}, "data": {}}
[2026-01-01 20:25:47] [DEBUG] [game] Emitted: 'add_text' data={'display_text': ' #                  #'} | {"time": "20:25:47.755", "message": "Emitted: 'add_text' data={'display_text': ' #                  #'}", "context": {"level": null, "scene": null, "state": null}, "data": {}}
[2026-01-01 20:25:47] [DEBUG] [game] Dispatch: RenderSystem -> handled 'add_text' | {"time": "20:25:47.755", "message": "Dispatch: RenderSystem -> handled 'add_text'", "context": {"level": null, "scene": null, "state": null}, "data": {}}
[2026-01-01 20:25:47] [DEBUG] [game] Emitted: 'add_text' data={'display_text': ' #          @       #'} | {"time": "20:25:47.755", "message": "Emitted: 'add_text' data={'display_text': ' #          @       #'}", "context": {"level": null, "scene": null, "state": null}, "data": {}}
[2026-01-01 20:25:47] [DEBUG] [game] Dispatch: RenderSystem -> handled 'add_text' | {"time": "20:25:47.755", "message": "Dispatch: RenderSystem -> handled 'add_text'", "context": {"level": null, "scene": null, "state": null}, "data": {}}
[2026-01-01 20:25:47] [DEBUG] [game] Emitted: 'add_text' data={'display_text': ' #                  #'} | {"time": "20:25:47.756", "message": "Emitted: 'add_text' data={'display_text': ' #                  #'}", "context": {"level": null, "scene": null, "state": null}, "data": {}}
[2026-01-01 20:25:47] [DEBUG] [game] Dispatch: RenderSystem -> handled 'add_text' | {"time": "20:25:47.756", "message": "Dispatch: RenderSystem -> handled 'add_text'", "context": {"level": null, "scene": null, "state": null}, "data": {}}
[2026-01-01 20:25:47] [DEBUG] [game] Emitted: 'add_text' data={'display_text': ' #                  #'} | {"time": "20:25:47.756", "message": "Emitted: 'add_text' data={'display_text': ' #                  #'}", "context": {"level": null, "scene": null, "state": null}, "data": {}}
[2026-01-01 20:25:47] [DEBUG] [game] Dispatch: RenderSystem -> handled 'add_text' | {"time": "20:25:47.756", "message": "Dispatch: RenderSystem -> handled 'add_text'", "context": {"level": null, "scene": null, "state": null}, "data": {}}
[2026-01-01 20:25:47] [DEBUG] [game] Emitted: 'add_text' data={'display_text': ' #                  #'} | {"time": "20:25:47.756", "message": "Emitted: 'add_text' data={'display_text': ' #                  #'}", "context": {"level": null, "scene": null, "state": null}, "data": {}}
[2026-01-01 20:25:47] [DEBUG] [game] Dispatch: RenderSystem -> handled 'add_text' | {"time": "20:25:47.756", "message": "Dispatch: RenderSystem -> handled 'add_text'", "context": {"level": null, "scene": null, "state": null}, "data": {}}
[2026-01-01 20:25:47] [DEBUG] [game] Emitted: 'add_text' data={'display_text': ' #                  #'} | {"time": "20:25:47.756", "message": "Emitted: 'add_text' data={'display_text': ' #                  #'}", "context": {"level": null, "scene": null, "state": null}, "data": {}}
[2026-01-01 20:25:47] [DEBUG] [game] Dispatch: RenderSystem -> handled 'add_text' | {"time": "20:25:47.757", "message": "Dispatch: RenderSystem -> handled 'add_text'", "context": {"level": null, "scene": null, "state": null}, "data": {}}
[2026-01-01 20:25:47] [DEBUG] [game] Emitted: 'add_text' data={'display_text': ' #                  #'} | {"time": "20:25:47.757", "message": "Emitted: 'add_text' data={'display_text': ' #                  #'}", "context": {"level": null, "scene": null, "state": null}, "data": {}}
[2026-01-01 20:25:47] [DEBUG] [game] Dispatch: RenderSystem -> handled 'add_text' | {"time": "20:25:47.757", "message": "Dispatch: RenderSystem -> handled 'add_text'", "context": {"level": null, "scene": null, "state": null}, "data": {}}
[2026-01-01 20:25:47] [DEBUG] [game] Emitted: 'add_text' data={'display_text': ' #                 $#'} | {"time": "20:25:47.757", "message": "Emitted: 'add_text' data={'display_text': ' #                 $#'}", "context": {"level": null, "scene": null, "state": null}, "data": {}}
[2026-01-01 20:25:47] [DEBUG] [game] Dispatch: RenderSystem -> handled 'add_text' | {"time": "20:25:47.757", "message": "Dispatch: RenderSystem -> handled 'add_text'", "context": {"level": null, "scene": null, "state": null}, "data": {}}
[2026-01-01 20:25:47] [DEBUG] [game] Emitted: 'add_text' data={'display_text': ' ####################'} | {"time": "20:25:47.757", "message": "Emitted: 'add_text' data={'display_text': ' ####################'}", "context": {"level": null, "scene": null, "state": null}, "data": {}}
[2026-01-01 20:25:47] [DEBUG] [game] Dispatch: RenderSystem -> handled 'add_text' | {"time": "20:25:47.757", "message": "Dispatch: RenderSystem -> handled 'add_text'", "context": {"level": null, "scene": null, "state": null}, "data": {}}
[2026-01-01 20:25:47] [DEBUG] [game] Emitted: 'player_input' data={'input': 's'} | {"time": "20:25:47.758", "message": "Emitted: 'player_input' data={'input': 's'}", "context": {"level": null, "scene": null, "state": null}, "data": {}}
[2026-01-01 20:25:47] [DEBUG] [game] Emitted: 'dungeon_player_movement' data={'input': 'd'} | {"time": "20:25:47.832", "message": "Emitted: 'dungeon_player_movement' data={'input': 'd'}", "context": {"level": null, "scene": null, "state": null}, "data": {}}
[2026-01-01 20:25:47] [DEBUG] [game] Dispatch: DungeonManager -> handled 'dungeon_player_movement' | {"time": "20:25:47.832", "message": "Dispatch: DungeonManager -> handled 'dungeon_player_movement'", "context": {"level": null, "scene": null, "state": null}, "data": {}}
[2026-01-01 20:25:47] [DEBUG] [game] [handle_player_move] dx=[1], dy=[0], cur_x=[11], cur_y=[12], new_x=[12], new_y=[12] | {"time": "20:25:47.833", "message": "[handle_player_move] dx=[1], dy=[0], cur_x=[11], cur_y=[12], new_x=[12], new_y=[12]", "context": {"level": null, "scene": null, "state": null}, "data": {}}
[2026-01-01 20:25:47] [DEBUG] [game] [handle_player_move] evaluted to walkable | {"time": "20:25:47.833", "message": "[handle_player_move] evaluted to walkable", "context": {"level": null, "scene": null, "state": null}, "data": {}}
[2026-01-01 20:25:47] [DEBUG] [game] Emitted: 'add_text' data={'display_text': ' ####################'} | {"time": "20:25:47.860", "message": "Emitted: 'add_text' data={'display_text': ' ####################'}", "context": {"level": null, "scene": null, "state": null}, "data": {}}
[2026-01-01 20:25:47] [DEBUG] [game] Dispatch: RenderSystem -> handled 'add_text' | {"time": "20:25:47.860", "message": "Dispatch: RenderSystem -> handled 'add_text'", "context": {"level": null, "scene": null, "state": null}, "data": {}}
[2026-01-01 20:25:47] [DEBUG] [game] Emitted: 'add_text' data={'display_text': ' #                  #'} | {"time": "20:25:47.861", "message": "Emitted: 'add_text' data={'display_text': ' #                  #'}", "context": {"level": null, "scene": null, "state": null}, "data": {}}
[2026-01-01 20:25:47] [DEBUG] [game] Dispatch: RenderSystem -> handled 'add_text' | {"time": "20:25:47.861", "message": "Dispatch: RenderSystem -> handled 'add_text'", "context": {"level": null, "scene": null, "state": null}, "data": {}}
[2026-01-01 20:25:47] [DEBUG] [game] Emitted: 'add_text' data={'display_text': ' #                  #'} | {"time": "20:25:47.861", "message": "Emitted: 'add_text' data={'display_text': ' #                  #'}", "context": {"level": null, "scene": null, "state": null}, "data": {}}
[2026-01-01 20:25:47] [DEBUG] [game] Dispatch: RenderSystem -> handled 'add_text' | {"time": "20:25:47.861", "message": "Dispatch: RenderSystem -> handled 'add_text'", "context": {"level": null, "scene": null, "state": null}, "data": {}}
[2026-01-01 20:25:47] [DEBUG] [game] Emitted: 'add_text' data={'display_text': ' #                  #'} | {"time": "20:25:47.861", "message": "Emitted: 'add_text' data={'display_text': ' #                  #'}", "context": {"level": null, "scene": null, "state": null}, "data": {}}
[2026-01-01 20:25:47] [DEBUG] [game] Dispatch: RenderSystem -> handled 'add_text' | {"time": "20:25:47.861", "message": "Dispatch: RenderSystem -> handled 'add_text'", "context": {"level": null, "scene": null, "state": null}, "data": {}}
[2026-01-01 20:25:47] [DEBUG] [game] Emitted: 'add_text' data={'display_text': ' #                  #'} | {"time": "20:25:47.862", "message": "Emitted: 'add_text' data={'display_text': ' #                  #'}", "context": {"level": null, "scene": null, "state": null}, "data": {}}
[2026-01-01 20:25:47] [DEBUG] [game] Dispatch: RenderSystem -> handled 'add_text' | {"time": "20:25:47.862", "message": "Dispatch: RenderSystem -> handled 'add_text'", "context": {"level": null, "scene": null, "state": null}, "data": {}}
[2026-01-01 20:25:47] [DEBUG] [game] Emitted: 'add_text' data={'display_text': ' #                  #'} | {"time": "20:25:47.862", "message": "Emitted: 'add_text' data={'display_text': ' #                  #'}", "context": {"level": null, "scene": null, "state": null}, "data": {}}
[2026-01-01 20:25:47] [DEBUG] [game] Dispatch: RenderSystem -> handled 'add_text' | {"time": "20:25:47.862", "message": "Dispatch: RenderSystem -> handled 'add_text'", "context": {"level": null, "scene": null, "state": null}, "data": {}}
[2026-01-01 20:25:47] [DEBUG] [game] Emitted: 'add_text' data={'display_text': ' #                  #'} | {"time": "20:25:47.862", "message": "Emitted: 'add_text' data={'display_text': ' #                  #'}", "context": {"level": null, "scene": null, "state": null}, "data": {}}
[2026-01-01 20:25:47] [DEBUG] [game] Dispatch: RenderSystem -> handled 'add_text' | {"time": "20:25:47.862", "message": "Dispatch: RenderSystem -> handled 'add_text'", "context": {"level": null, "scene": null, "state": null}, "data": {}}
[2026-01-01 20:25:47] [DEBUG] [game] Emitted: 'add_text' data={'display_text': ' #                  #'} | {"time": "20:25:47.863", "message": "Emitted: 'add_text' data={'display_text': ' #                  #'}", "context": {"level": null, "scene": null, "state": null}, "data": {}}
[2026-01-01 20:25:47] [DEBUG] [game] Dispatch: RenderSystem -> handled 'add_text' | {"time": "20:25:47.863", "message": "Dispatch: RenderSystem -> handled 'add_text'", "context": {"level": null, "scene": null, "state": null}, "data": {}}
[2026-01-01 20:25:47] [DEBUG] [game] Emitted: 'add_text' data={'display_text': ' #                  #'} | {"time": "20:25:47.863", "message": "Emitted: 'add_text' data={'display_text': ' #                  #'}", "context": {"level": null, "scene": null, "state": null}, "data": {}}
[2026-01-01 20:25:47] [DEBUG] [game] Dispatch: RenderSystem -> handled 'add_text' | {"time": "20:25:47.863", "message": "Dispatch: RenderSystem -> handled 'add_text'", "context": {"level": null, "scene": null, "state": null}, "data": {}}
[2026-01-01 20:25:47] [DEBUG] [game] Emitted: 'add_text' data={'display_text': ' #                  #'} | {"time": "20:25:47.863", "message": "Emitted: 'add_text' data={'display_text': ' #                  #'}", "context": {"level": null, "scene": null, "state": null}, "data": {}}
[2026-01-01 20:25:47] [DEBUG] [game] Dispatch: RenderSystem -> handled 'add_text' | {"time": "20:25:47.863", "message": "Dispatch: RenderSystem -> handled 'add_text'", "context": {"level": null, "scene": null, "state": null}, "data": {}}
[2026-01-01 20:25:47] [DEBUG] [game] Emitted: 'add_text' data={'display_text': ' #                  #'} | {"time": "20:25:47.863", "message": "Emitted: 'add_text' data={'display_text': ' #                  #'}", "context": {"level": null, "scene": null, "state": null}, "data": {}}
[2026-01-01 20:25:47] [DEBUG] [game] Dispatch: RenderSystem -> handled 'add_text' | {"time": "20:25:47.864", "message": "Dispatch: RenderSystem -> handled 'add_text'", "context": {"level": null, "scene": null, "state": null}, "data": {}}
[2026-01-01 20:25:47] [DEBUG] [game] Emitted: 'add_text' data={'display_text': ' #                  #'} | {"time": "20:25:47.864", "message": "Emitted: 'add_text' data={'display_text': ' #                  #'}", "context": {"level": null, "scene": null, "state": null}, "data": {}}
[2026-01-01 20:25:47] [DEBUG] [game] Dispatch: RenderSystem -> handled 'add_text' | {"time": "20:25:47.864", "message": "Dispatch: RenderSystem -> handled 'add_text'", "context": {"level": null, "scene": null, "state": null}, "data": {}}
[2026-01-01 20:25:47] [DEBUG] [game] Emitted: 'add_text' data={'display_text': ' #           @      #'} | {"time": "20:25:47.864", "message": "Emitted: 'add_text' data={'display_text': ' #           @      #'}", "context": {"level": null, "scene": null, "state": null}, "data": {}}
[2026-01-01 20:25:47] [DEBUG] [game] Dispatch: RenderSystem -> handled 'add_text' | {"time": "20:25:47.864", "message": "Dispatch: RenderSystem -> handled 'add_text'", "context": {"level": null, "scene": null, "state": null}, "data": {}}
[2026-01-01 20:25:47] [DEBUG] [game] Emitted: 'add_text' data={'display_text': ' #                  #'} | {"time": "20:25:47.864", "message": "Emitted: 'add_text' data={'display_text': ' #                  #'}", "context": {"level": null, "scene": null, "state": null}, "data": {}}
[2026-01-01 20:25:47] [DEBUG] [game] Dispatch: RenderSystem -> handled 'add_text' | {"time": "20:25:47.865", "message": "Dispatch: RenderSystem -> handled 'add_text'", "context": {"level": null, "scene": null, "state": null}, "data": {}}
[2026-01-01 20:25:47] [DEBUG] [game] Emitted: 'add_text' data={'display_text': ' #                  #'} | {"time": "20:25:47.865", "message": "Emitted: 'add_text' data={'display_text': ' #                  #'}", "context": {"level": null, "scene": null, "state": null}, "data": {}}
[2026-01-01 20:25:47] [DEBUG] [game] Dispatch: RenderSystem -> handled 'add_text' | {"time": "20:25:47.865", "message": "Dispatch: RenderSystem -> handled 'add_text'", "context": {"level": null, "scene": null, "state": null}, "data": {}}
[2026-01-01 20:25:47] [DEBUG] [game] Emitted: 'add_text' data={'display_text': ' #                  #'} | {"time": "20:25:47.865", "message": "Emitted: 'add_text' data={'display_text': ' #                  #'}", "context": {"level": null, "scene": null, "state": null}, "data": {}}
[2026-01-01 20:25:47] [DEBUG] [game] Dispatch: RenderSystem -> handled 'add_text' | {"time": "20:25:47.865", "message": "Dispatch: RenderSystem -> handled 'add_text'", "context": {"level": null, "scene": null, "state": null}, "data": {}}
[2026-01-01 20:25:47] [DEBUG] [game] Emitted: 'add_text' data={'display_text': ' #                  #'} | {"time": "20:25:47.865", "message": "Emitted: 'add_text' data={'display_text': ' #                  #'}", "context": {"level": null, "scene": null, "state": null}, "data": {}}
[2026-01-01 20:25:47] [DEBUG] [game] Dispatch: RenderSystem -> handled 'add_text' | {"time": "20:25:47.865", "message": "Dispatch: RenderSystem -> handled 'add_text'", "context": {"level": null, "scene": null, "state": null}, "data": {}}
[2026-01-01 20:25:47] [DEBUG] [game] Emitted: 'add_text' data={'display_text': ' #                  #'} | {"time": "20:25:47.866", "message": "Emitted: 'add_text' data={'display_text': ' #                  #'}", "context": {"level": null, "scene": null, "state": null}, "data": {}}
[2026-01-01 20:25:47] [DEBUG] [game] Dispatch: RenderSystem -> handled 'add_text' | {"time": "20:25:47.866", "message": "Dispatch: RenderSystem -> handled 'add_text'", "context": {"level": null, "scene": null, "state": null}, "data": {}}
[2026-01-01 20:25:47] [DEBUG] [game] Emitted: 'add_text' data={'display_text': ' #                 $#'} | {"time": "20:25:47.866", "message": "Emitted: 'add_text' data={'display_text': ' #                 $#'}", "context": {"level": null, "scene": null, "state": null}, "data": {}}
[2026-01-01 20:25:47] [DEBUG] [game] Dispatch: RenderSystem -> handled 'add_text' | {"time": "20:25:47.866", "message": "Dispatch: RenderSystem -> handled 'add_text'", "context": {"level": null, "scene": null, "state": null}, "data": {}}
[2026-01-01 20:25:47] [DEBUG] [game] Emitted: 'add_text' data={'display_text': ' ####################'} | {"time": "20:25:47.866", "message": "Emitted: 'add_text' data={'display_text': ' ####################'}", "context": {"level": null, "scene": null, "state": null}, "data": {}}
[2026-01-01 20:25:47] [DEBUG] [game] Dispatch: RenderSystem -> handled 'add_text' | {"time": "20:25:47.866", "message": "Dispatch: RenderSystem -> handled 'add_text'", "context": {"level": null, "scene": null, "state": null}, "data": {}}
[2026-01-01 20:25:47] [DEBUG] [game] Emitted: 'player_input' data={'input': 'd'} | {"time": "20:25:47.866", "message": "Emitted: 'player_input' data={'input': 'd'}", "context": {"level": null, "scene": null, "state": null}, "data": {}}
[2026-01-01 20:25:47] [DEBUG] [game] Emitted: 'dungeon_player_movement' data={'input': 'd'} | {"time": "20:25:47.944", "message": "Emitted: 'dungeon_player_movement' data={'input': 'd'}", "context": {"level": null, "scene": null, "state": null}, "data": {}}
[2026-01-01 20:25:47] [DEBUG] [game] Dispatch: DungeonManager -> handled 'dungeon_player_movement' | {"time": "20:25:47.945", "message": "Dispatch: DungeonManager -> handled 'dungeon_player_movement'", "context": {"level": null, "scene": null, "state": null}, "data": {}}
[2026-01-01 20:25:47] [DEBUG] [game] [handle_player_move] dx=[1], dy=[0], cur_x=[12], cur_y=[12], new_x=[13], new_y=[12] | {"time": "20:25:47.945", "message": "[handle_player_move] dx=[1], dy=[0], cur_x=[12], cur_y=[12], new_x=[13], new_y=[12]", "context": {"level": null, "scene": null, "state": null}, "data": {}}
[2026-01-01 20:25:47] [DEBUG] [game] [handle_player_move] evaluted to walkable | {"time": "20:25:47.945", "message": "[handle_player_move] evaluted to walkable", "context": {"level": null, "scene": null, "state": null}, "data": {}}
[2026-01-01 20:25:47] [DEBUG] [game] Emitted: 'add_text' data={'display_text': ' ####################'} | {"time": "20:25:47.972", "message": "Emitted: 'add_text' data={'display_text': ' ####################'}", "context": {"level": null, "scene": null, "state": null}, "data": {}}
[2026-01-01 20:25:47] [DEBUG] [game] Dispatch: RenderSystem -> handled 'add_text' | {"time": "20:25:47.972", "message": "Dispatch: RenderSystem -> handled 'add_text'", "context": {"level": null, "scene": null, "state": null}, "data": {}}
[2026-01-01 20:25:47] [DEBUG] [game] Emitted: 'add_text' data={'display_text': ' #                  #'} | {"time": "20:25:47.972", "message": "Emitted: 'add_text' data={'display_text': ' #                  #'}", "context": {"level": null, "scene": null, "state": null}, "data": {}}
[2026-01-01 20:25:47] [DEBUG] [game] Dispatch: RenderSystem -> handled 'add_text' | {"time": "20:25:47.972", "message": "Dispatch: RenderSystem -> handled 'add_text'", "context": {"level": null, "scene": null, "state": null}, "data": {}}
[2026-01-01 20:25:47] [DEBUG] [game] Emitted: 'add_text' data={'display_text': ' #                  #'} | {"time": "20:25:47.973", "message": "Emitted: 'add_text' data={'display_text': ' #                  #'}", "context": {"level": null, "scene": null, "state": null}, "data": {}}
[2026-01-01 20:25:47] [DEBUG] [game] Dispatch: RenderSystem -> handled 'add_text' | {"time": "20:25:47.973", "message": "Dispatch: RenderSystem -> handled 'add_text'", "context": {"level": null, "scene": null, "state": null}, "data": {}}
[2026-01-01 20:25:47] [DEBUG] [game] Emitted: 'add_text' data={'display_text': ' #                  #'} | {"time": "20:25:47.973", "message": "Emitted: 'add_text' data={'display_text': ' #                  #'}", "context": {"level": null, "scene": null, "state": null}, "data": {}}
[2026-01-01 20:25:47] [DEBUG] [game] Dispatch: RenderSystem -> handled 'add_text' | {"time": "20:25:47.973", "message": "Dispatch: RenderSystem -> handled 'add_text'", "context": {"level": null, "scene": null, "state": null}, "data": {}}
[2026-01-01 20:25:47] [DEBUG] [game] Emitted: 'add_text' data={'display_text': ' #                  #'} | {"time": "20:25:47.973", "message": "Emitted: 'add_text' data={'display_text': ' #                  #'}", "context": {"level": null, "scene": null, "state": null}, "data": {}}
[2026-01-01 20:25:47] [DEBUG] [game] Dispatch: RenderSystem -> handled 'add_text' | {"time": "20:25:47.973", "message": "Dispatch: RenderSystem -> handled 'add_text'", "context": {"level": null, "scene": null, "state": null}, "data": {}}
[2026-01-01 20:25:47] [DEBUG] [game] Emitted: 'add_text' data={'display_text': ' #                  #'} | {"time": "20:25:47.974", "message": "Emitted: 'add_text' data={'display_text': ' #                  #'}", "context": {"level": null, "scene": null, "state": null}, "data": {}}
[2026-01-01 20:25:47] [DEBUG] [game] Dispatch: RenderSystem -> handled 'add_text' | {"time": "20:25:47.974", "message": "Dispatch: RenderSystem -> handled 'add_text'", "context": {"level": null, "scene": null, "state": null}, "data": {}}
[2026-01-01 20:25:47] [DEBUG] [game] Emitted: 'add_text' data={'display_text': ' #                  #'} | {"time": "20:25:47.974", "message": "Emitted: 'add_text' data={'display_text': ' #                  #'}", "context": {"level": null, "scene": null, "state": null}, "data": {}}
[2026-01-01 20:25:47] [DEBUG] [game] Dispatch: RenderSystem -> handled 'add_text' | {"time": "20:25:47.974", "message": "Dispatch: RenderSystem -> handled 'add_text'", "context": {"level": null, "scene": null, "state": null}, "data": {}}
[2026-01-01 20:25:47] [DEBUG] [game] Emitted: 'add_text' data={'display_text': ' #                  #'} | {"time": "20:25:47.974", "message": "Emitted: 'add_text' data={'display_text': ' #                  #'}", "context": {"level": null, "scene": null, "state": null}, "data": {}}
[2026-01-01 20:25:47] [DEBUG] [game] Dispatch: RenderSystem -> handled 'add_text' | {"time": "20:25:47.974", "message": "Dispatch: RenderSystem -> handled 'add_text'", "context": {"level": null, "scene": null, "state": null}, "data": {}}
[2026-01-01 20:25:47] [DEBUG] [game] Emitted: 'add_text' data={'display_text': ' #                  #'} | {"time": "20:25:47.974", "message": "Emitted: 'add_text' data={'display_text': ' #                  #'}", "context": {"level": null, "scene": null, "state": null}, "data": {}}
[2026-01-01 20:25:47] [DEBUG] [game] Dispatch: RenderSystem -> handled 'add_text' | {"time": "20:25:47.974", "message": "Dispatch: RenderSystem -> handled 'add_text'", "context": {"level": null, "scene": null, "state": null}, "data": {}}
[2026-01-01 20:25:47] [DEBUG] [game] Emitted: 'add_text' data={'display_text': ' #                  #'} | {"time": "20:25:47.975", "message": "Emitted: 'add_text' data={'display_text': ' #                  #'}", "context": {"level": null, "scene": null, "state": null}, "data": {}}
[2026-01-01 20:25:47] [DEBUG] [game] Dispatch: RenderSystem -> handled 'add_text' | {"time": "20:25:47.975", "message": "Dispatch: RenderSystem -> handled 'add_text'", "context": {"level": null, "scene": null, "state": null}, "data": {}}
[2026-01-01 20:25:47] [DEBUG] [game] Emitted: 'add_text' data={'display_text': ' #                  #'} | {"time": "20:25:47.975", "message": "Emitted: 'add_text' data={'display_text': ' #                  #'}", "context": {"level": null, "scene": null, "state": null}, "data": {}}
[2026-01-01 20:25:47] [DEBUG] [game] Dispatch: RenderSystem -> handled 'add_text' | {"time": "20:25:47.975", "message": "Dispatch: RenderSystem -> handled 'add_text'", "context": {"level": null, "scene": null, "state": null}, "data": {}}
[2026-01-01 20:25:47] [DEBUG] [game] Emitted: 'add_text' data={'display_text': ' #                  #'} | {"time": "20:25:47.975", "message": "Emitted: 'add_text' data={'display_text': ' #                  #'}", "context": {"level": null, "scene": null, "state": null}, "data": {}}
[2026-01-01 20:25:47] [DEBUG] [game] Dispatch: RenderSystem -> handled 'add_text' | {"time": "20:25:47.975", "message": "Dispatch: RenderSystem -> handled 'add_text'", "context": {"level": null, "scene": null, "state": null}, "data": {}}
[2026-01-01 20:25:47] [DEBUG] [game] Emitted: 'add_text' data={'display_text': ' #            @     #'} | {"time": "20:25:47.975", "message": "Emitted: 'add_text' data={'display_text': ' #            @     #'}", "context": {"level": null, "scene": null, "state": null}, "data": {}}
[2026-01-01 20:25:47] [DEBUG] [game] Dispatch: RenderSystem -> handled 'add_text' | {"time": "20:25:47.976", "message": "Dispatch: RenderSystem -> handled 'add_text'", "context": {"level": null, "scene": null, "state": null}, "data": {}}
[2026-01-01 20:25:47] [DEBUG] [game] Emitted: 'add_text' data={'display_text': ' #                  #'} | {"time": "20:25:47.976", "message": "Emitted: 'add_text' data={'display_text': ' #                  #'}", "context": {"level": null, "scene": null, "state": null}, "data": {}}
[2026-01-01 20:25:47] [DEBUG] [game] Dispatch: RenderSystem -> handled 'add_text' | {"time": "20:25:47.976", "message": "Dispatch: RenderSystem -> handled 'add_text'", "context": {"level": null, "scene": null, "state": null}, "data": {}}
[2026-01-01 20:25:47] [DEBUG] [game] Emitted: 'add_text' data={'display_text': ' #                  #'} | {"time": "20:25:47.976", "message": "Emitted: 'add_text' data={'display_text': ' #                  #'}", "context": {"level": null, "scene": null, "state": null}, "data": {}}
[2026-01-01 20:25:47] [DEBUG] [game] Dispatch: RenderSystem -> handled 'add_text' | {"time": "20:25:47.976", "message": "Dispatch: RenderSystem -> handled 'add_text'", "context": {"level": null, "scene": null, "state": null}, "data": {}}
[2026-01-01 20:25:47] [DEBUG] [game] Emitted: 'add_text' data={'display_text': ' #                  #'} | {"time": "20:25:47.977", "message": "Emitted: 'add_text' data={'display_text': ' #                  #'}", "context": {"level": null, "scene": null, "state": null}, "data": {}}
[2026-01-01 20:25:47] [DEBUG] [game] Dispatch: RenderSystem -> handled 'add_text' | {"time": "20:25:47.977", "message": "Dispatch: RenderSystem -> handled 'add_text'", "context": {"level": null, "scene": null, "state": null}, "data": {}}
[2026-01-01 20:25:47] [DEBUG] [game] Emitted: 'add_text' data={'display_text': ' #                  #'} | {"time": "20:25:47.977", "message": "Emitted: 'add_text' data={'display_text': ' #                  #'}", "context": {"level": null, "scene": null, "state": null}, "data": {}}
[2026-01-01 20:25:47] [DEBUG] [game] Dispatch: RenderSystem -> handled 'add_text' | {"time": "20:25:47.977", "message": "Dispatch: RenderSystem -> handled 'add_text'", "context": {"level": null, "scene": null, "state": null}, "data": {}}
[2026-01-01 20:25:47] [DEBUG] [game] Emitted: 'add_text' data={'display_text': ' #                  #'} | {"time": "20:25:47.977", "message": "Emitted: 'add_text' data={'display_text': ' #                  #'}", "context": {"level": null, "scene": null, "state": null}, "data": {}}
[2026-01-01 20:25:47] [DEBUG] [game] Dispatch: RenderSystem -> handled 'add_text' | {"time": "20:25:47.977", "message": "Dispatch: RenderSystem -> handled 'add_text'", "context": {"level": null, "scene": null, "state": null}, "data": {}}
[2026-01-01 20:25:47] [DEBUG] [game] Emitted: 'add_text' data={'display_text': ' #                 $#'} | {"time": "20:25:47.978", "message": "Emitted: 'add_text' data={'display_text': ' #                 $#'}", "context": {"level": null, "scene": null, "state": null}, "data": {}}
[2026-01-01 20:25:47] [DEBUG] [game] Dispatch: RenderSystem -> handled 'add_text' | {"time": "20:25:47.978", "message": "Dispatch: RenderSystem -> handled 'add_text'", "context": {"level": null, "scene": null, "state": null}, "data": {}}
[2026-01-01 20:25:47] [DEBUG] [game] Emitted: 'add_text' data={'display_text': ' ####################'} | {"time": "20:25:47.978", "message": "Emitted: 'add_text' data={'display_text': ' ####################'}", "context": {"level": null, "scene": null, "state": null}, "data": {}}
[2026-01-01 20:25:47] [DEBUG] [game] Dispatch: RenderSystem -> handled 'add_text' | {"time": "20:25:47.978", "message": "Dispatch: RenderSystem -> handled 'add_text'", "context": {"level": null, "scene": null, "state": null}, "data": {}}
[2026-01-01 20:25:47] [DEBUG] [game] Emitted: 'player_input' data={'input': 'd'} | {"time": "20:25:47.978", "message": "Emitted: 'player_input' data={'input': 'd'}", "context": {"level": null, "scene": null, "state": null}, "data": {}}
[2026-01-01 20:25:47] [DEBUG] [game] Emitted: 'dungeon_player_movement' data={'input': 's'} | {"time": "20:25:47.984", "message": "Emitted: 'dungeon_player_movement' data={'input': 's'}", "context": {"level": null, "scene": null, "state": null}, "data": {}}
[2026-01-01 20:25:47] [DEBUG] [game] Dispatch: DungeonManager -> handled 'dungeon_player_movement' | {"time": "20:25:47.984", "message": "Dispatch: DungeonManager -> handled 'dungeon_player_movement'", "context": {"level": null, "scene": null, "state": null}, "data": {}}
[2026-01-01 20:25:47] [DEBUG] [game] [handle_player_move] dx=[0], dy=[1], cur_x=[13], cur_y=[12], new_x=[13], new_y=[13] | {"time": "20:25:47.984", "message": "[handle_player_move] dx=[0], dy=[1], cur_x=[13], cur_y=[12], new_x=[13], new_y=[13]", "context": {"level": null, "scene": null, "state": null}, "data": {}}
[2026-01-01 20:25:47] [DEBUG] [game] [handle_player_move] evaluted to walkable | {"time": "20:25:47.984", "message": "[handle_player_move] evaluted to walkable", "context": {"level": null, "scene": null, "state": null}, "data": {}}
[2026-01-01 20:25:48] [DEBUG] [game] Emitted: 'add_text' data={'display_text': ' ####################'} | {"time": "20:25:48.013", "message": "Emitted: 'add_text' data={'display_text': ' ####################'}", "context": {"level": null, "scene": null, "state": null}, "data": {}}
[2026-01-01 20:25:48] [DEBUG] [game] Dispatch: RenderSystem -> handled 'add_text' | {"time": "20:25:48.013", "message": "Dispatch: RenderSystem -> handled 'add_text'", "context": {"level": null, "scene": null, "state": null}, "data": {}}
[2026-01-01 20:25:48] [DEBUG] [game] Emitted: 'add_text' data={'display_text': ' #                  #'} | {"time": "20:25:48.014", "message": "Emitted: 'add_text' data={'display_text': ' #                  #'}", "context": {"level": null, "scene": null, "state": null}, "data": {}}
[2026-01-01 20:25:48] [DEBUG] [game] Dispatch: RenderSystem -> handled 'add_text' | {"time": "20:25:48.014", "message": "Dispatch: RenderSystem -> handled 'add_text'", "context": {"level": null, "scene": null, "state": null}, "data": {}}
[2026-01-01 20:25:48] [DEBUG] [game] Emitted: 'add_text' data={'display_text': ' #                  #'} | {"time": "20:25:48.014", "message": "Emitted: 'add_text' data={'display_text': ' #                  #'}", "context": {"level": null, "scene": null, "state": null}, "data": {}}
[2026-01-01 20:25:48] [DEBUG] [game] Dispatch: RenderSystem -> handled 'add_text' | {"time": "20:25:48.014", "message": "Dispatch: RenderSystem -> handled 'add_text'", "context": {"level": null, "scene": null, "state": null}, "data": {}}
[2026-01-01 20:25:48] [DEBUG] [game] Emitted: 'add_text' data={'display_text': ' #                  #'} | {"time": "20:25:48.014", "message": "Emitted: 'add_text' data={'display_text': ' #                  #'}", "context": {"level": null, "scene": null, "state": null}, "data": {}}
[2026-01-01 20:25:48] [DEBUG] [game] Dispatch: RenderSystem -> handled 'add_text' | {"time": "20:25:48.014", "message": "Dispatch: RenderSystem -> handled 'add_text'", "context": {"level": null, "scene": null, "state": null}, "data": {}}
[2026-01-01 20:25:48] [DEBUG] [game] Emitted: 'add_text' data={'display_text': ' #                  #'} | {"time": "20:25:48.014", "message": "Emitted: 'add_text' data={'display_text': ' #                  #'}", "context": {"level": null, "scene": null, "state": null}, "data": {}}
[2026-01-01 20:25:48] [DEBUG] [game] Dispatch: RenderSystem -> handled 'add_text' | {"time": "20:25:48.014", "message": "Dispatch: RenderSystem -> handled 'add_text'", "context": {"level": null, "scene": null, "state": null}, "data": {}}
[2026-01-01 20:25:48] [DEBUG] [game] Emitted: 'add_text' data={'display_text': ' #                  #'} | {"time": "20:25:48.015", "message": "Emitted: 'add_text' data={'display_text': ' #                  #'}", "context": {"level": null, "scene": null, "state": null}, "data": {}}
[2026-01-01 20:25:48] [DEBUG] [game] Dispatch: RenderSystem -> handled 'add_text' | {"time": "20:25:48.015", "message": "Dispatch: RenderSystem -> handled 'add_text'", "context": {"level": null, "scene": null, "state": null}, "data": {}}
[2026-01-01 20:25:48] [DEBUG] [game] Emitted: 'add_text' data={'display_text': ' #                  #'} | {"time": "20:25:48.015", "message": "Emitted: 'add_text' data={'display_text': ' #                  #'}", "context": {"level": null, "scene": null, "state": null}, "data": {}}
[2026-01-01 20:25:48] [DEBUG] [game] Dispatch: RenderSystem -> handled 'add_text' | {"time": "20:25:48.017", "message": "Dispatch: RenderSystem -> handled 'add_text'", "context": {"level": null, "scene": null, "state": null}, "data": {}}
[2026-01-01 20:25:48] [DEBUG] [game] Emitted: 'add_text' data={'display_text': ' #                  #'} | {"time": "20:25:48.017", "message": "Emitted: 'add_text' data={'display_text': ' #                  #'}", "context": {"level": null, "scene": null, "state": null}, "data": {}}
[2026-01-01 20:25:48] [DEBUG] [game] Dispatch: RenderSystem -> handled 'add_text' | {"time": "20:25:48.017", "message": "Dispatch: RenderSystem -> handled 'add_text'", "context": {"level": null, "scene": null, "state": null}, "data": {}}
[2026-01-01 20:25:48] [DEBUG] [game] Emitted: 'add_text' data={'display_text': ' #                  #'} | {"time": "20:25:48.017", "message": "Emitted: 'add_text' data={'display_text': ' #                  #'}", "context": {"level": null, "scene": null, "state": null}, "data": {}}
[2026-01-01 20:25:48] [DEBUG] [game] Dispatch: RenderSystem -> handled 'add_text' | {"time": "20:25:48.017", "message": "Dispatch: RenderSystem -> handled 'add_text'", "context": {"level": null, "scene": null, "state": null}, "data": {}}
[2026-01-01 20:25:48] [DEBUG] [game] Emitted: 'add_text' data={'display_text': ' #                  #'} | {"time": "20:25:48.018", "message": "Emitted: 'add_text' data={'display_text': ' #                  #'}", "context": {"level": null, "scene": null, "state": null}, "data": {}}
[2026-01-01 20:25:48] [DEBUG] [game] Dispatch: RenderSystem -> handled 'add_text' | {"time": "20:25:48.018", "message": "Dispatch: RenderSystem -> handled 'add_text'", "context": {"level": null, "scene": null, "state": null}, "data": {}}
[2026-01-01 20:25:48] [DEBUG] [game] Emitted: 'add_text' data={'display_text': ' #                  #'} | {"time": "20:25:48.018", "message": "Emitted: 'add_text' data={'display_text': ' #                  #'}", "context": {"level": null, "scene": null, "state": null}, "data": {}}
[2026-01-01 20:25:48] [DEBUG] [game] Dispatch: RenderSystem -> handled 'add_text' | {"time": "20:25:48.018", "message": "Dispatch: RenderSystem -> handled 'add_text'", "context": {"level": null, "scene": null, "state": null}, "data": {}}
[2026-01-01 20:25:48] [DEBUG] [game] Emitted: 'add_text' data={'display_text': ' #                  #'} | {"time": "20:25:48.018", "message": "Emitted: 'add_text' data={'display_text': ' #                  #'}", "context": {"level": null, "scene": null, "state": null}, "data": {}}
[2026-01-01 20:25:48] [DEBUG] [game] Dispatch: RenderSystem -> handled 'add_text' | {"time": "20:25:48.018", "message": "Dispatch: RenderSystem -> handled 'add_text'", "context": {"level": null, "scene": null, "state": null}, "data": {}}
[2026-01-01 20:25:48] [DEBUG] [game] Emitted: 'add_text' data={'display_text': ' #                  #'} | {"time": "20:25:48.019", "message": "Emitted: 'add_text' data={'display_text': ' #                  #'}", "context": {"level": null, "scene": null, "state": null}, "data": {}}
[2026-01-01 20:25:48] [DEBUG] [game] Dispatch: RenderSystem -> handled 'add_text' | {"time": "20:25:48.019", "message": "Dispatch: RenderSystem -> handled 'add_text'", "context": {"level": null, "scene": null, "state": null}, "data": {}}
[2026-01-01 20:25:48] [DEBUG] [game] Emitted: 'add_text' data={'display_text': ' #            @     #'} | {"time": "20:25:48.019", "message": "Emitted: 'add_text' data={'display_text': ' #            @     #'}", "context": {"level": null, "scene": null, "state": null}, "data": {}}
[2026-01-01 20:25:48] [DEBUG] [game] Dispatch: RenderSystem -> handled 'add_text' | {"time": "20:25:48.019", "message": "Dispatch: RenderSystem -> handled 'add_text'", "context": {"level": null, "scene": null, "state": null}, "data": {}}
[2026-01-01 20:25:48] [DEBUG] [game] Emitted: 'add_text' data={'display_text': ' #                  #'} | {"time": "20:25:48.019", "message": "Emitted: 'add_text' data={'display_text': ' #                  #'}", "context": {"level": null, "scene": null, "state": null}, "data": {}}
[2026-01-01 20:25:48] [DEBUG] [game] Dispatch: RenderSystem -> handled 'add_text' | {"time": "20:25:48.019", "message": "Dispatch: RenderSystem -> handled 'add_text'", "context": {"level": null, "scene": null, "state": null}, "data": {}}
[2026-01-01 20:25:48] [DEBUG] [game] Emitted: 'add_text' data={'display_text': ' #                  #'} | {"time": "20:25:48.019", "message": "Emitted: 'add_text' data={'display_text': ' #                  #'}", "context": {"level": null, "scene": null, "state": null}, "data": {}}
[2026-01-01 20:25:48] [DEBUG] [game] Dispatch: RenderSystem -> handled 'add_text' | {"time": "20:25:48.019", "message": "Dispatch: RenderSystem -> handled 'add_text'", "context": {"level": null, "scene": null, "state": null}, "data": {}}
[2026-01-01 20:25:48] [DEBUG] [game] Emitted: 'add_text' data={'display_text': ' #                  #'} | {"time": "20:25:48.020", "message": "Emitted: 'add_text' data={'display_text': ' #                  #'}", "context": {"level": null, "scene": null, "state": null}, "data": {}}
[2026-01-01 20:25:48] [DEBUG] [game] Dispatch: RenderSystem -> handled 'add_text' | {"time": "20:25:48.020", "message": "Dispatch: RenderSystem -> handled 'add_text'", "context": {"level": null, "scene": null, "state": null}, "data": {}}
[2026-01-01 20:25:48] [DEBUG] [game] Emitted: 'add_text' data={'display_text': ' #                  #'} | {"time": "20:25:48.020", "message": "Emitted: 'add_text' data={'display_text': ' #                  #'}", "context": {"level": null, "scene": null, "state": null}, "data": {}}
[2026-01-01 20:25:48] [DEBUG] [game] Dispatch: RenderSystem -> handled 'add_text' | {"time": "20:25:48.020", "message": "Dispatch: RenderSystem -> handled 'add_text'", "context": {"level": null, "scene": null, "state": null}, "data": {}}
[2026-01-01 20:25:48] [DEBUG] [game] Emitted: 'add_text' data={'display_text': ' #                 $#'} | {"time": "20:25:48.020", "message": "Emitted: 'add_text' data={'display_text': ' #                 $#'}", "context": {"level": null, "scene": null, "state": null}, "data": {}}
[2026-01-01 20:25:48] [DEBUG] [game] Dispatch: RenderSystem -> handled 'add_text' | {"time": "20:25:48.020", "message": "Dispatch: RenderSystem -> handled 'add_text'", "context": {"level": null, "scene": null, "state": null}, "data": {}}
[2026-01-01 20:25:48] [DEBUG] [game] Emitted: 'add_text' data={'display_text': ' ####################'} | {"time": "20:25:48.021", "message": "Emitted: 'add_text' data={'display_text': ' ####################'}", "context": {"level": null, "scene": null, "state": null}, "data": {}}
[2026-01-01 20:25:48] [DEBUG] [game] Dispatch: RenderSystem -> handled 'add_text' | {"time": "20:25:48.021", "message": "Dispatch: RenderSystem -> handled 'add_text'", "context": {"level": null, "scene": null, "state": null}, "data": {}}
[2026-01-01 20:25:48] [DEBUG] [game] Emitted: 'player_input' data={'input': 's'} | {"time": "20:25:48.021", "message": "Emitted: 'player_input' data={'input': 's'}", "context": {"level": null, "scene": null, "state": null}, "data": {}}
[2026-01-01 20:25:48] [DEBUG] [game] Emitted: 'dungeon_player_movement' data={'input': 'd'} | {"time": "20:25:48.075", "message": "Emitted: 'dungeon_player_movement' data={'input': 'd'}", "context": {"level": null, "scene": null, "state": null}, "data": {}}
[2026-01-01 20:25:48] [DEBUG] [game] Dispatch: DungeonManager -> handled 'dungeon_player_movement' | {"time": "20:25:48.075", "message": "Dispatch: DungeonManager -> handled 'dungeon_player_movement'", "context": {"level": null, "scene": null, "state": null}, "data": {}}
[2026-01-01 20:25:48] [DEBUG] [game] [handle_player_move] dx=[1], dy=[0], cur_x=[13], cur_y=[13], new_x=[14], new_y=[13] | {"time": "20:25:48.076", "message": "[handle_player_move] dx=[1], dy=[0], cur_x=[13], cur_y=[13], new_x=[14], new_y=[13]", "context": {"level": null, "scene": null, "state": null}, "data": {}}
[2026-01-01 20:25:48] [DEBUG] [game] [handle_player_move] evaluted to walkable | {"time": "20:25:48.076", "message": "[handle_player_move] evaluted to walkable", "context": {"level": null, "scene": null, "state": null}, "data": {}}
[2026-01-01 20:25:48] [DEBUG] [game] Emitted: 'add_text' data={'display_text': ' ####################'} | {"time": "20:25:48.103", "message": "Emitted: 'add_text' data={'display_text': ' ####################'}", "context": {"level": null, "scene": null, "state": null}, "data": {}}
[2026-01-01 20:25:48] [DEBUG] [game] Dispatch: RenderSystem -> handled 'add_text' | {"time": "20:25:48.103", "message": "Dispatch: RenderSystem -> handled 'add_text'", "context": {"level": null, "scene": null, "state": null}, "data": {}}
[2026-01-01 20:25:48] [DEBUG] [game] Emitted: 'add_text' data={'display_text': ' #                  #'} | {"time": "20:25:48.104", "message": "Emitted: 'add_text' data={'display_text': ' #                  #'}", "context": {"level": null, "scene": null, "state": null}, "data": {}}
[2026-01-01 20:25:48] [DEBUG] [game] Dispatch: RenderSystem -> handled 'add_text' | {"time": "20:25:48.104", "message": "Dispatch: RenderSystem -> handled 'add_text'", "context": {"level": null, "scene": null, "state": null}, "data": {}}
[2026-01-01 20:25:48] [DEBUG] [game] Emitted: 'add_text' data={'display_text': ' #                  #'} | {"time": "20:25:48.104", "message": "Emitted: 'add_text' data={'display_text': ' #                  #'}", "context": {"level": null, "scene": null, "state": null}, "data": {}}
[2026-01-01 20:25:48] [DEBUG] [game] Dispatch: RenderSystem -> handled 'add_text' | {"time": "20:25:48.104", "message": "Dispatch: RenderSystem -> handled 'add_text'", "context": {"level": null, "scene": null, "state": null}, "data": {}}
[2026-01-01 20:25:48] [DEBUG] [game] Emitted: 'add_text' data={'display_text': ' #                  #'} | {"time": "20:25:48.104", "message": "Emitted: 'add_text' data={'display_text': ' #                  #'}", "context": {"level": null, "scene": null, "state": null}, "data": {}}
[2026-01-01 20:25:48] [DEBUG] [game] Dispatch: RenderSystem -> handled 'add_text' | {"time": "20:25:48.104", "message": "Dispatch: RenderSystem -> handled 'add_text'", "context": {"level": null, "scene": null, "state": null}, "data": {}}
[2026-01-01 20:25:48] [DEBUG] [game] Emitted: 'add_text' data={'display_text': ' #                  #'} | {"time": "20:25:48.105", "message": "Emitted: 'add_text' data={'display_text': ' #                  #'}", "context": {"level": null, "scene": null, "state": null}, "data": {}}
[2026-01-01 20:25:48] [DEBUG] [game] Dispatch: RenderSystem -> handled 'add_text' | {"time": "20:25:48.105", "message": "Dispatch: RenderSystem -> handled 'add_text'", "context": {"level": null, "scene": null, "state": null}, "data": {}}
[2026-01-01 20:25:48] [DEBUG] [game] Emitted: 'add_text' data={'display_text': ' #                  #'} | {"time": "20:25:48.105", "message": "Emitted: 'add_text' data={'display_text': ' #                  #'}", "context": {"level": null, "scene": null, "state": null}, "data": {}}
[2026-01-01 20:25:48] [DEBUG] [game] Dispatch: RenderSystem -> handled 'add_text' | {"time": "20:25:48.105", "message": "Dispatch: RenderSystem -> handled 'add_text'", "context": {"level": null, "scene": null, "state": null}, "data": {}}
[2026-01-01 20:25:48] [DEBUG] [game] Emitted: 'add_text' data={'display_text': ' #                  #'} | {"time": "20:25:48.105", "message": "Emitted: 'add_text' data={'display_text': ' #                  #'}", "context": {"level": null, "scene": null, "state": null}, "data": {}}
[2026-01-01 20:25:48] [DEBUG] [game] Dispatch: RenderSystem -> handled 'add_text' | {"time": "20:25:48.105", "message": "Dispatch: RenderSystem -> handled 'add_text'", "context": {"level": null, "scene": null, "state": null}, "data": {}}
[2026-01-01 20:25:48] [DEBUG] [game] Emitted: 'add_text' data={'display_text': ' #                  #'} | {"time": "20:25:48.106", "message": "Emitted: 'add_text' data={'display_text': ' #                  #'}", "context": {"level": null, "scene": null, "state": null}, "data": {}}
[2026-01-01 20:25:48] [DEBUG] [game] Dispatch: RenderSystem -> handled 'add_text' | {"time": "20:25:48.106", "message": "Dispatch: RenderSystem -> handled 'add_text'", "context": {"level": null, "scene": null, "state": null}, "data": {}}
[2026-01-01 20:25:48] [DEBUG] [game] Emitted: 'add_text' data={'display_text': ' #                  #'} | {"time": "20:25:48.106", "message": "Emitted: 'add_text' data={'display_text': ' #                  #'}", "context": {"level": null, "scene": null, "state": null}, "data": {}}
[2026-01-01 20:25:48] [DEBUG] [game] Dispatch: RenderSystem -> handled 'add_text' | {"time": "20:25:48.106", "message": "Dispatch: RenderSystem -> handled 'add_text'", "context": {"level": null, "scene": null, "state": null}, "data": {}}
[2026-01-01 20:25:48] [DEBUG] [game] Emitted: 'add_text' data={'display_text': ' #                  #'} | {"time": "20:25:48.106", "message": "Emitted: 'add_text' data={'display_text': ' #                  #'}", "context": {"level": null, "scene": null, "state": null}, "data": {}}
[2026-01-01 20:25:48] [DEBUG] [game] Dispatch: RenderSystem -> handled 'add_text' | {"time": "20:25:48.106", "message": "Dispatch: RenderSystem -> handled 'add_text'", "context": {"level": null, "scene": null, "state": null}, "data": {}}
[2026-01-01 20:25:48] [DEBUG] [game] Emitted: 'add_text' data={'display_text': ' #                  #'} | {"time": "20:25:48.106", "message": "Emitted: 'add_text' data={'display_text': ' #                  #'}", "context": {"level": null, "scene": null, "state": null}, "data": {}}
[2026-01-01 20:25:48] [DEBUG] [game] Dispatch: RenderSystem -> handled 'add_text' | {"time": "20:25:48.107", "message": "Dispatch: RenderSystem -> handled 'add_text'", "context": {"level": null, "scene": null, "state": null}, "data": {}}
[2026-01-01 20:25:48] [DEBUG] [game] Emitted: 'add_text' data={'display_text': ' #                  #'} | {"time": "20:25:48.107", "message": "Emitted: 'add_text' data={'display_text': ' #                  #'}", "context": {"level": null, "scene": null, "state": null}, "data": {}}
[2026-01-01 20:25:48] [DEBUG] [game] Dispatch: RenderSystem -> handled 'add_text' | {"time": "20:25:48.107", "message": "Dispatch: RenderSystem -> handled 'add_text'", "context": {"level": null, "scene": null, "state": null}, "data": {}}
[2026-01-01 20:25:48] [DEBUG] [game] Emitted: 'add_text' data={'display_text': ' #                  #'} | {"time": "20:25:48.107", "message": "Emitted: 'add_text' data={'display_text': ' #                  #'}", "context": {"level": null, "scene": null, "state": null}, "data": {}}
[2026-01-01 20:25:48] [DEBUG] [game] Dispatch: RenderSystem -> handled 'add_text' | {"time": "20:25:48.107", "message": "Dispatch: RenderSystem -> handled 'add_text'", "context": {"level": null, "scene": null, "state": null}, "data": {}}
[2026-01-01 20:25:48] [DEBUG] [game] Emitted: 'add_text' data={'display_text': ' #             @    #'} | {"time": "20:25:48.107", "message": "Emitted: 'add_text' data={'display_text': ' #             @    #'}", "context": {"level": null, "scene": null, "state": null}, "data": {}}
[2026-01-01 20:25:48] [DEBUG] [game] Dispatch: RenderSystem -> handled 'add_text' | {"time": "20:25:48.107", "message": "Dispatch: RenderSystem -> handled 'add_text'", "context": {"level": null, "scene": null, "state": null}, "data": {}}
[2026-01-01 20:25:48] [DEBUG] [game] Emitted: 'add_text' data={'display_text': ' #                  #'} | {"time": "20:25:48.108", "message": "Emitted: 'add_text' data={'display_text': ' #                  #'}", "context": {"level": null, "scene": null, "state": null}, "data": {}}
[2026-01-01 20:25:48] [DEBUG] [game] Dispatch: RenderSystem -> handled 'add_text' | {"time": "20:25:48.108", "message": "Dispatch: RenderSystem -> handled 'add_text'", "context": {"level": null, "scene": null, "state": null}, "data": {}}
[2026-01-01 20:25:48] [DEBUG] [game] Emitted: 'add_text' data={'display_text': ' #                  #'} | {"time": "20:25:48.108", "message": "Emitted: 'add_text' data={'display_text': ' #                  #'}", "context": {"level": null, "scene": null, "state": null}, "data": {}}
[2026-01-01 20:25:48] [DEBUG] [game] Dispatch: RenderSystem -> handled 'add_text' | {"time": "20:25:48.108", "message": "Dispatch: RenderSystem -> handled 'add_text'", "context": {"level": null, "scene": null, "state": null}, "data": {}}
[2026-01-01 20:25:48] [DEBUG] [game] Emitted: 'add_text' data={'display_text': ' #                  #'} | {"time": "20:25:48.108", "message": "Emitted: 'add_text' data={'display_text': ' #                  #'}", "context": {"level": null, "scene": null, "state": null}, "data": {}}
[2026-01-01 20:25:48] [DEBUG] [game] Dispatch: RenderSystem -> handled 'add_text' | {"time": "20:25:48.108", "message": "Dispatch: RenderSystem -> handled 'add_text'", "context": {"level": null, "scene": null, "state": null}, "data": {}}
[2026-01-01 20:25:48] [DEBUG] [game] Emitted: 'add_text' data={'display_text': ' #                  #'} | {"time": "20:25:48.109", "message": "Emitted: 'add_text' data={'display_text': ' #                  #'}", "context": {"level": null, "scene": null, "state": null}, "data": {}}
[2026-01-01 20:25:48] [DEBUG] [game] Dispatch: RenderSystem -> handled 'add_text' | {"time": "20:25:48.109", "message": "Dispatch: RenderSystem -> handled 'add_text'", "context": {"level": null, "scene": null, "state": null}, "data": {}}
[2026-01-01 20:25:48] [DEBUG] [game] Emitted: 'add_text' data={'display_text': ' #                 $#'} | {"time": "20:25:48.109", "message": "Emitted: 'add_text' data={'display_text': ' #                 $#'}", "context": {"level": null, "scene": null, "state": null}, "data": {}}
[2026-01-01 20:25:48] [DEBUG] [game] Dispatch: RenderSystem -> handled 'add_text' | {"time": "20:25:48.109", "message": "Dispatch: RenderSystem -> handled 'add_text'", "context": {"level": null, "scene": null, "state": null}, "data": {}}
[2026-01-01 20:25:48] [DEBUG] [game] Emitted: 'add_text' data={'display_text': ' ####################'} | {"time": "20:25:48.109", "message": "Emitted: 'add_text' data={'display_text': ' ####################'}", "context": {"level": null, "scene": null, "state": null}, "data": {}}
[2026-01-01 20:25:48] [DEBUG] [game] Dispatch: RenderSystem -> handled 'add_text' | {"time": "20:25:48.109", "message": "Dispatch: RenderSystem -> handled 'add_text'", "context": {"level": null, "scene": null, "state": null}, "data": {}}
[2026-01-01 20:25:48] [DEBUG] [game] Emitted: 'player_input' data={'input': 'd'} | {"time": "20:25:48.110", "message": "Emitted: 'player_input' data={'input': 'd'}", "context": {"level": null, "scene": null, "state": null}, "data": {}}
[2026-01-01 20:25:48] [DEBUG] [game] Emitted: 'dungeon_player_movement' data={'input': 's'} | {"time": "20:25:48.121", "message": "Emitted: 'dungeon_player_movement' data={'input': 's'}", "context": {"level": null, "scene": null, "state": null}, "data": {}}
[2026-01-01 20:25:48] [DEBUG] [game] Dispatch: DungeonManager -> handled 'dungeon_player_movement' | {"time": "20:25:48.122", "message": "Dispatch: DungeonManager -> handled 'dungeon_player_movement'", "context": {"level": null, "scene": null, "state": null}, "data": {}}
[2026-01-01 20:25:48] [DEBUG] [game] [handle_player_move] dx=[0], dy=[1], cur_x=[14], cur_y=[13], new_x=[14], new_y=[14] | {"time": "20:25:48.122", "message": "[handle_player_move] dx=[0], dy=[1], cur_x=[14], cur_y=[13], new_x=[14], new_y=[14]", "context": {"level": null, "scene": null, "state": null}, "data": {}}
[2026-01-01 20:25:48] [DEBUG] [game] [handle_player_move] evaluted to walkable | {"time": "20:25:48.122", "message": "[handle_player_move] evaluted to walkable", "context": {"level": null, "scene": null, "state": null}, "data": {}}
[2026-01-01 20:25:48] [DEBUG] [game] Emitted: 'add_text' data={'display_text': ' ####################'} | {"time": "20:25:48.150", "message": "Emitted: 'add_text' data={'display_text': ' ####################'}", "context": {"level": null, "scene": null, "state": null}, "data": {}}
[2026-01-01 20:25:48] [DEBUG] [game] Dispatch: RenderSystem -> handled 'add_text' | {"time": "20:25:48.150", "message": "Dispatch: RenderSystem -> handled 'add_text'", "context": {"level": null, "scene": null, "state": null}, "data": {}}
[2026-01-01 20:25:48] [DEBUG] [game] Emitted: 'add_text' data={'display_text': ' #                  #'} | {"time": "20:25:48.150", "message": "Emitted: 'add_text' data={'display_text': ' #                  #'}", "context": {"level": null, "scene": null, "state": null}, "data": {}}
[2026-01-01 20:25:48] [DEBUG] [game] Dispatch: RenderSystem -> handled 'add_text' | {"time": "20:25:48.150", "message": "Dispatch: RenderSystem -> handled 'add_text'", "context": {"level": null, "scene": null, "state": null}, "data": {}}
[2026-01-01 20:25:48] [DEBUG] [game] Emitted: 'add_text' data={'display_text': ' #                  #'} | {"time": "20:25:48.151", "message": "Emitted: 'add_text' data={'display_text': ' #                  #'}", "context": {"level": null, "scene": null, "state": null}, "data": {}}
[2026-01-01 20:25:48] [DEBUG] [game] Dispatch: RenderSystem -> handled 'add_text' | {"time": "20:25:48.151", "message": "Dispatch: RenderSystem -> handled 'add_text'", "context": {"level": null, "scene": null, "state": null}, "data": {}}
[2026-01-01 20:25:48] [DEBUG] [game] Emitted: 'add_text' data={'display_text': ' #                  #'} | {"time": "20:25:48.151", "message": "Emitted: 'add_text' data={'display_text': ' #                  #'}", "context": {"level": null, "scene": null, "state": null}, "data": {}}
[2026-01-01 20:25:48] [DEBUG] [game] Dispatch: RenderSystem -> handled 'add_text' | {"time": "20:25:48.151", "message": "Dispatch: RenderSystem -> handled 'add_text'", "context": {"level": null, "scene": null, "state": null}, "data": {}}
[2026-01-01 20:25:48] [DEBUG] [game] Emitted: 'add_text' data={'display_text': ' #                  #'} | {"time": "20:25:48.151", "message": "Emitted: 'add_text' data={'display_text': ' #                  #'}", "context": {"level": null, "scene": null, "state": null}, "data": {}}
[2026-01-01 20:25:48] [DEBUG] [game] Dispatch: RenderSystem -> handled 'add_text' | {"time": "20:25:48.151", "message": "Dispatch: RenderSystem -> handled 'add_text'", "context": {"level": null, "scene": null, "state": null}, "data": {}}
[2026-01-01 20:25:48] [DEBUG] [game] Emitted: 'add_text' data={'display_text': ' #                  #'} | {"time": "20:25:48.151", "message": "Emitted: 'add_text' data={'display_text': ' #                  #'}", "context": {"level": null, "scene": null, "state": null}, "data": {}}
[2026-01-01 20:25:48] [DEBUG] [game] Dispatch: RenderSystem -> handled 'add_text' | {"time": "20:25:48.151", "message": "Dispatch: RenderSystem -> handled 'add_text'", "context": {"level": null, "scene": null, "state": null}, "data": {}}
[2026-01-01 20:25:48] [DEBUG] [game] Emitted: 'add_text' data={'display_text': ' #                  #'} | {"time": "20:25:48.152", "message": "Emitted: 'add_text' data={'display_text': ' #                  #'}", "context": {"level": null, "scene": null, "state": null}, "data": {}}
[2026-01-01 20:25:48] [DEBUG] [game] Dispatch: RenderSystem -> handled 'add_text' | {"time": "20:25:48.152", "message": "Dispatch: RenderSystem -> handled 'add_text'", "context": {"level": null, "scene": null, "state": null}, "data": {}}
[2026-01-01 20:25:48] [DEBUG] [game] Emitted: 'add_text' data={'display_text': ' #                  #'} | {"time": "20:25:48.152", "message": "Emitted: 'add_text' data={'display_text': ' #                  #'}", "context": {"level": null, "scene": null, "state": null}, "data": {}}
[2026-01-01 20:25:48] [DEBUG] [game] Dispatch: RenderSystem -> handled 'add_text' | {"time": "20:25:48.152", "message": "Dispatch: RenderSystem -> handled 'add_text'", "context": {"level": null, "scene": null, "state": null}, "data": {}}
[2026-01-01 20:25:48] [DEBUG] [game] Emitted: 'add_text' data={'display_text': ' #                  #'} | {"time": "20:25:48.152", "message": "Emitted: 'add_text' data={'display_text': ' #                  #'}", "context": {"level": null, "scene": null, "state": null}, "data": {}}
[2026-01-01 20:25:48] [DEBUG] [game] Dispatch: RenderSystem -> handled 'add_text' | {"time": "20:25:48.152", "message": "Dispatch: RenderSystem -> handled 'add_text'", "context": {"level": null, "scene": null, "state": null}, "data": {}}
[2026-01-01 20:25:48] [DEBUG] [game] Emitted: 'add_text' data={'display_text': ' #                  #'} | {"time": "20:25:48.152", "message": "Emitted: 'add_text' data={'display_text': ' #                  #'}", "context": {"level": null, "scene": null, "state": null}, "data": {}}
[2026-01-01 20:25:48] [DEBUG] [game] Dispatch: RenderSystem -> handled 'add_text' | {"time": "20:25:48.153", "message": "Dispatch: RenderSystem -> handled 'add_text'", "context": {"level": null, "scene": null, "state": null}, "data": {}}
[2026-01-01 20:25:48] [DEBUG] [game] Emitted: 'add_text' data={'display_text': ' #                  #'} | {"time": "20:25:48.153", "message": "Emitted: 'add_text' data={'display_text': ' #                  #'}", "context": {"level": null, "scene": null, "state": null}, "data": {}}
[2026-01-01 20:25:48] [DEBUG] [game] Dispatch: RenderSystem -> handled 'add_text' | {"time": "20:25:48.153", "message": "Dispatch: RenderSystem -> handled 'add_text'", "context": {"level": null, "scene": null, "state": null}, "data": {}}
[2026-01-01 20:25:48] [DEBUG] [game] Emitted: 'add_text' data={'display_text': ' #                  #'} | {"time": "20:25:48.153", "message": "Emitted: 'add_text' data={'display_text': ' #                  #'}", "context": {"level": null, "scene": null, "state": null}, "data": {}}
[2026-01-01 20:25:48] [DEBUG] [game] Dispatch: RenderSystem -> handled 'add_text' | {"time": "20:25:48.153", "message": "Dispatch: RenderSystem -> handled 'add_text'", "context": {"level": null, "scene": null, "state": null}, "data": {}}
[2026-01-01 20:25:48] [DEBUG] [game] Emitted: 'add_text' data={'display_text': ' #                  #'} | {"time": "20:25:48.153", "message": "Emitted: 'add_text' data={'display_text': ' #                  #'}", "context": {"level": null, "scene": null, "state": null}, "data": {}}
[2026-01-01 20:25:48] [DEBUG] [game] Dispatch: RenderSystem -> handled 'add_text' | {"time": "20:25:48.153", "message": "Dispatch: RenderSystem -> handled 'add_text'", "context": {"level": null, "scene": null, "state": null}, "data": {}}
[2026-01-01 20:25:48] [DEBUG] [game] Emitted: 'add_text' data={'display_text': ' #                  #'} | {"time": "20:25:48.154", "message": "Emitted: 'add_text' data={'display_text': ' #                  #'}", "context": {"level": null, "scene": null, "state": null}, "data": {}}
[2026-01-01 20:25:48] [DEBUG] [game] Dispatch: RenderSystem -> handled 'add_text' | {"time": "20:25:48.154", "message": "Dispatch: RenderSystem -> handled 'add_text'", "context": {"level": null, "scene": null, "state": null}, "data": {}}
[2026-01-01 20:25:48] [DEBUG] [game] Emitted: 'add_text' data={'display_text': ' #             @    #'} | {"time": "20:25:48.154", "message": "Emitted: 'add_text' data={'display_text': ' #             @    #'}", "context": {"level": null, "scene": null, "state": null}, "data": {}}
[2026-01-01 20:25:48] [DEBUG] [game] Dispatch: RenderSystem -> handled 'add_text' | {"time": "20:25:48.154", "message": "Dispatch: RenderSystem -> handled 'add_text'", "context": {"level": null, "scene": null, "state": null}, "data": {}}
[2026-01-01 20:25:48] [DEBUG] [game] Emitted: 'add_text' data={'display_text': ' #                  #'} | {"time": "20:25:48.154", "message": "Emitted: 'add_text' data={'display_text': ' #                  #'}", "context": {"level": null, "scene": null, "state": null}, "data": {}}
[2026-01-01 20:25:48] [DEBUG] [game] Dispatch: RenderSystem -> handled 'add_text' | {"time": "20:25:48.154", "message": "Dispatch: RenderSystem -> handled 'add_text'", "context": {"level": null, "scene": null, "state": null}, "data": {}}
[2026-01-01 20:25:48] [DEBUG] [game] Emitted: 'add_text' data={'display_text': ' #                  #'} | {"time": "20:25:48.154", "message": "Emitted: 'add_text' data={'display_text': ' #                  #'}", "context": {"level": null, "scene": null, "state": null}, "data": {}}
[2026-01-01 20:25:48] [DEBUG] [game] Dispatch: RenderSystem -> handled 'add_text' | {"time": "20:25:48.155", "message": "Dispatch: RenderSystem -> handled 'add_text'", "context": {"level": null, "scene": null, "state": null}, "data": {}}
[2026-01-01 20:25:48] [DEBUG] [game] Emitted: 'add_text' data={'display_text': ' #                  #'} | {"time": "20:25:48.155", "message": "Emitted: 'add_text' data={'display_text': ' #                  #'}", "context": {"level": null, "scene": null, "state": null}, "data": {}}
[2026-01-01 20:25:48] [DEBUG] [game] Dispatch: RenderSystem -> handled 'add_text' | {"time": "20:25:48.155", "message": "Dispatch: RenderSystem -> handled 'add_text'", "context": {"level": null, "scene": null, "state": null}, "data": {}}
[2026-01-01 20:25:48] [DEBUG] [game] Emitted: 'add_text' data={'display_text': ' #                 $#'} | {"time": "20:25:48.155", "message": "Emitted: 'add_text' data={'display_text': ' #                 $#'}", "context": {"level": null, "scene": null, "state": null}, "data": {}}
[2026-01-01 20:25:48] [DEBUG] [game] Dispatch: RenderSystem -> handled 'add_text' | {"time": "20:25:48.155", "message": "Dispatch: RenderSystem -> handled 'add_text'", "context": {"level": null, "scene": null, "state": null}, "data": {}}
[2026-01-01 20:25:48] [DEBUG] [game] Emitted: 'add_text' data={'display_text': ' ####################'} | {"time": "20:25:48.155", "message": "Emitted: 'add_text' data={'display_text': ' ####################'}", "context": {"level": null, "scene": null, "state": null}, "data": {}}
[2026-01-01 20:25:48] [DEBUG] [game] Dispatch: RenderSystem -> handled 'add_text' | {"time": "20:25:48.155", "message": "Dispatch: RenderSystem -> handled 'add_text'", "context": {"level": null, "scene": null, "state": null}, "data": {}}
[2026-01-01 20:25:48] [DEBUG] [game] Emitted: 'player_input' data={'input': 's'} | {"time": "20:25:48.156", "message": "Emitted: 'player_input' data={'input': 's'}", "context": {"level": null, "scene": null, "state": null}, "data": {}}
[2026-01-01 20:25:48] [DEBUG] [game] Emitted: 'dungeon_player_movement' data={'input': 's'} | {"time": "20:25:48.250", "message": "Emitted: 'dungeon_player_movement' data={'input': 's'}", "context": {"level": null, "scene": null, "state": null}, "data": {}}
[2026-01-01 20:25:48] [DEBUG] [game] Dispatch: DungeonManager -> handled 'dungeon_player_movement' | {"time": "20:25:48.250", "message": "Dispatch: DungeonManager -> handled 'dungeon_player_movement'", "context": {"level": null, "scene": null, "state": null}, "data": {}}
[2026-01-01 20:25:48] [DEBUG] [game] [handle_player_move] dx=[0], dy=[1], cur_x=[14], cur_y=[14], new_x=[14], new_y=[15] | {"time": "20:25:48.251", "message": "[handle_player_move] dx=[0], dy=[1], cur_x=[14], cur_y=[14], new_x=[14], new_y=[15]", "context": {"level": null, "scene": null, "state": null}, "data": {}}
[2026-01-01 20:25:48] [DEBUG] [game] [handle_player_move] evaluted to walkable | {"time": "20:25:48.251", "message": "[handle_player_move] evaluted to walkable", "context": {"level": null, "scene": null, "state": null}, "data": {}}
[2026-01-01 20:25:48] [DEBUG] [game] Emitted: 'add_text' data={'display_text': ' ####################'} | {"time": "20:25:48.277", "message": "Emitted: 'add_text' data={'display_text': ' ####################'}", "context": {"level": null, "scene": null, "state": null}, "data": {}}
[2026-01-01 20:25:48] [DEBUG] [game] Dispatch: RenderSystem -> handled 'add_text' | {"time": "20:25:48.278", "message": "Dispatch: RenderSystem -> handled 'add_text'", "context": {"level": null, "scene": null, "state": null}, "data": {}}
[2026-01-01 20:25:48] [DEBUG] [game] Emitted: 'add_text' data={'display_text': ' #                  #'} | {"time": "20:25:48.278", "message": "Emitted: 'add_text' data={'display_text': ' #                  #'}", "context": {"level": null, "scene": null, "state": null}, "data": {}}
[2026-01-01 20:25:48] [DEBUG] [game] Dispatch: RenderSystem -> handled 'add_text' | {"time": "20:25:48.278", "message": "Dispatch: RenderSystem -> handled 'add_text'", "context": {"level": null, "scene": null, "state": null}, "data": {}}
[2026-01-01 20:25:48] [DEBUG] [game] Emitted: 'add_text' data={'display_text': ' #                  #'} | {"time": "20:25:48.278", "message": "Emitted: 'add_text' data={'display_text': ' #                  #'}", "context": {"level": null, "scene": null, "state": null}, "data": {}}
[2026-01-01 20:25:48] [DEBUG] [game] Dispatch: RenderSystem -> handled 'add_text' | {"time": "20:25:48.278", "message": "Dispatch: RenderSystem -> handled 'add_text'", "context": {"level": null, "scene": null, "state": null}, "data": {}}
[2026-01-01 20:25:48] [DEBUG] [game] Emitted: 'add_text' data={'display_text': ' #                  #'} | {"time": "20:25:48.278", "message": "Emitted: 'add_text' data={'display_text': ' #                  #'}", "context": {"level": null, "scene": null, "state": null}, "data": {}}
[2026-01-01 20:25:48] [DEBUG] [game] Dispatch: RenderSystem -> handled 'add_text' | {"time": "20:25:48.278", "message": "Dispatch: RenderSystem -> handled 'add_text'", "context": {"level": null, "scene": null, "state": null}, "data": {}}
[2026-01-01 20:25:48] [DEBUG] [game] Emitted: 'add_text' data={'display_text': ' #                  #'} | {"time": "20:25:48.279", "message": "Emitted: 'add_text' data={'display_text': ' #                  #'}", "context": {"level": null, "scene": null, "state": null}, "data": {}}
[2026-01-01 20:25:48] [DEBUG] [game] Dispatch: RenderSystem -> handled 'add_text' | {"time": "20:25:48.279", "message": "Dispatch: RenderSystem -> handled 'add_text'", "context": {"level": null, "scene": null, "state": null}, "data": {}}
[2026-01-01 20:25:48] [DEBUG] [game] Emitted: 'add_text' data={'display_text': ' #                  #'} | {"time": "20:25:48.279", "message": "Emitted: 'add_text' data={'display_text': ' #                  #'}", "context": {"level": null, "scene": null, "state": null}, "data": {}}
[2026-01-01 20:25:48] [DEBUG] [game] Dispatch: RenderSystem -> handled 'add_text' | {"time": "20:25:48.279", "message": "Dispatch: RenderSystem -> handled 'add_text'", "context": {"level": null, "scene": null, "state": null}, "data": {}}
[2026-01-01 20:25:48] [DEBUG] [game] Emitted: 'add_text' data={'display_text': ' #                  #'} | {"time": "20:25:48.279", "message": "Emitted: 'add_text' data={'display_text': ' #                  #'}", "context": {"level": null, "scene": null, "state": null}, "data": {}}
[2026-01-01 20:25:48] [DEBUG] [game] Dispatch: RenderSystem -> handled 'add_text' | {"time": "20:25:48.279", "message": "Dispatch: RenderSystem -> handled 'add_text'", "context": {"level": null, "scene": null, "state": null}, "data": {}}
[2026-01-01 20:25:48] [DEBUG] [game] Emitted: 'add_text' data={'display_text': ' #                  #'} | {"time": "20:25:48.279", "message": "Emitted: 'add_text' data={'display_text': ' #                  #'}", "context": {"level": null, "scene": null, "state": null}, "data": {}}
[2026-01-01 20:25:48] [DEBUG] [game] Dispatch: RenderSystem -> handled 'add_text' | {"time": "20:25:48.280", "message": "Dispatch: RenderSystem -> handled 'add_text'", "context": {"level": null, "scene": null, "state": null}, "data": {}}
[2026-01-01 20:25:48] [DEBUG] [game] Emitted: 'add_text' data={'display_text': ' #                  #'} | {"time": "20:25:48.280", "message": "Emitted: 'add_text' data={'display_text': ' #                  #'}", "context": {"level": null, "scene": null, "state": null}, "data": {}}
[2026-01-01 20:25:48] [DEBUG] [game] Dispatch: RenderSystem -> handled 'add_text' | {"time": "20:25:48.280", "message": "Dispatch: RenderSystem -> handled 'add_text'", "context": {"level": null, "scene": null, "state": null}, "data": {}}
[2026-01-01 20:25:48] [DEBUG] [game] Emitted: 'add_text' data={'display_text': ' #                  #'} | {"time": "20:25:48.280", "message": "Emitted: 'add_text' data={'display_text': ' #                  #'}", "context": {"level": null, "scene": null, "state": null}, "data": {}}
[2026-01-01 20:25:48] [DEBUG] [game] Dispatch: RenderSystem -> handled 'add_text' | {"time": "20:25:48.280", "message": "Dispatch: RenderSystem -> handled 'add_text'", "context": {"level": null, "scene": null, "state": null}, "data": {}}
[2026-01-01 20:25:48] [DEBUG] [game] Emitted: 'add_text' data={'display_text': ' #                  #'} | {"time": "20:25:48.280", "message": "Emitted: 'add_text' data={'display_text': ' #                  #'}", "context": {"level": null, "scene": null, "state": null}, "data": {}}
[2026-01-01 20:25:48] [DEBUG] [game] Dispatch: RenderSystem -> handled 'add_text' | {"time": "20:25:48.280", "message": "Dispatch: RenderSystem -> handled 'add_text'", "context": {"level": null, "scene": null, "state": null}, "data": {}}
[2026-01-01 20:25:48] [DEBUG] [game] Emitted: 'add_text' data={'display_text': ' #                  #'} | {"time": "20:25:48.281", "message": "Emitted: 'add_text' data={'display_text': ' #                  #'}", "context": {"level": null, "scene": null, "state": null}, "data": {}}
[2026-01-01 20:25:48] [DEBUG] [game] Dispatch: RenderSystem -> handled 'add_text' | {"time": "20:25:48.281", "message": "Dispatch: RenderSystem -> handled 'add_text'", "context": {"level": null, "scene": null, "state": null}, "data": {}}
[2026-01-01 20:25:48] [DEBUG] [game] Emitted: 'add_text' data={'display_text': ' #                  #'} | {"time": "20:25:48.281", "message": "Emitted: 'add_text' data={'display_text': ' #                  #'}", "context": {"level": null, "scene": null, "state": null}, "data": {}}
[2026-01-01 20:25:48] [DEBUG] [game] Dispatch: RenderSystem -> handled 'add_text' | {"time": "20:25:48.281", "message": "Dispatch: RenderSystem -> handled 'add_text'", "context": {"level": null, "scene": null, "state": null}, "data": {}}
[2026-01-01 20:25:48] [DEBUG] [game] Emitted: 'add_text' data={'display_text': ' #                  #'} | {"time": "20:25:48.281", "message": "Emitted: 'add_text' data={'display_text': ' #                  #'}", "context": {"level": null, "scene": null, "state": null}, "data": {}}
[2026-01-01 20:25:48] [DEBUG] [game] Dispatch: RenderSystem -> handled 'add_text' | {"time": "20:25:48.281", "message": "Dispatch: RenderSystem -> handled 'add_text'", "context": {"level": null, "scene": null, "state": null}, "data": {}}
[2026-01-01 20:25:48] [DEBUG] [game] Emitted: 'add_text' data={'display_text': ' #                  #'} | {"time": "20:25:48.281", "message": "Emitted: 'add_text' data={'display_text': ' #                  #'}", "context": {"level": null, "scene": null, "state": null}, "data": {}}
[2026-01-01 20:25:48] [DEBUG] [game] Dispatch: RenderSystem -> handled 'add_text' | {"time": "20:25:48.282", "message": "Dispatch: RenderSystem -> handled 'add_text'", "context": {"level": null, "scene": null, "state": null}, "data": {}}
[2026-01-01 20:25:48] [DEBUG] [game] Emitted: 'add_text' data={'display_text': ' #             @    #'} | {"time": "20:25:48.282", "message": "Emitted: 'add_text' data={'display_text': ' #             @    #'}", "context": {"level": null, "scene": null, "state": null}, "data": {}}
[2026-01-01 20:25:48] [DEBUG] [game] Dispatch: RenderSystem -> handled 'add_text' | {"time": "20:25:48.282", "message": "Dispatch: RenderSystem -> handled 'add_text'", "context": {"level": null, "scene": null, "state": null}, "data": {}}
[2026-01-01 20:25:48] [DEBUG] [game] Emitted: 'add_text' data={'display_text': ' #                  #'} | {"time": "20:25:48.282", "message": "Emitted: 'add_text' data={'display_text': ' #                  #'}", "context": {"level": null, "scene": null, "state": null}, "data": {}}
[2026-01-01 20:25:48] [DEBUG] [game] Dispatch: RenderSystem -> handled 'add_text' | {"time": "20:25:48.282", "message": "Dispatch: RenderSystem -> handled 'add_text'", "context": {"level": null, "scene": null, "state": null}, "data": {}}
[2026-01-01 20:25:48] [DEBUG] [game] Emitted: 'add_text' data={'display_text': ' #                  #'} | {"time": "20:25:48.282", "message": "Emitted: 'add_text' data={'display_text': ' #                  #'}", "context": {"level": null, "scene": null, "state": null}, "data": {}}
[2026-01-01 20:25:48] [DEBUG] [game] Dispatch: RenderSystem -> handled 'add_text' | {"time": "20:25:48.282", "message": "Dispatch: RenderSystem -> handled 'add_text'", "context": {"level": null, "scene": null, "state": null}, "data": {}}
[2026-01-01 20:25:48] [DEBUG] [game] Emitted: 'add_text' data={'display_text': ' #                 $#'} | {"time": "20:25:48.283", "message": "Emitted: 'add_text' data={'display_text': ' #                 $#'}", "context": {"level": null, "scene": null, "state": null}, "data": {}}
[2026-01-01 20:25:48] [DEBUG] [game] Dispatch: RenderSystem -> handled 'add_text' | {"time": "20:25:48.283", "message": "Dispatch: RenderSystem -> handled 'add_text'", "context": {"level": null, "scene": null, "state": null}, "data": {}}
[2026-01-01 20:25:48] [DEBUG] [game] Emitted: 'add_text' data={'display_text': ' ####################'} | {"time": "20:25:48.283", "message": "Emitted: 'add_text' data={'display_text': ' ####################'}", "context": {"level": null, "scene": null, "state": null}, "data": {}}
[2026-01-01 20:25:48] [DEBUG] [game] Dispatch: RenderSystem -> handled 'add_text' | {"time": "20:25:48.283", "message": "Dispatch: RenderSystem -> handled 'add_text'", "context": {"level": null, "scene": null, "state": null}, "data": {}}
[2026-01-01 20:25:48] [DEBUG] [game] Emitted: 'player_input' data={'input': 's'} | {"time": "20:25:48.283", "message": "Emitted: 'player_input' data={'input': 's'}", "context": {"level": null, "scene": null, "state": null}, "data": {}}
[2026-01-01 20:25:48] [DEBUG] [game] Emitted: 'dungeon_player_movement' data={'input': 'd'} | {"time": "20:25:48.316", "message": "Emitted: 'dungeon_player_movement' data={'input': 'd'}", "context": {"level": null, "scene": null, "state": null}, "data": {}}
[2026-01-01 20:25:48] [DEBUG] [game] Dispatch: DungeonManager -> handled 'dungeon_player_movement' | {"time": "20:25:48.316", "message": "Dispatch: DungeonManager -> handled 'dungeon_player_movement'", "context": {"level": null, "scene": null, "state": null}, "data": {}}
[2026-01-01 20:25:48] [DEBUG] [game] [handle_player_move] dx=[1], dy=[0], cur_x=[14], cur_y=[15], new_x=[15], new_y=[15] | {"time": "20:25:48.317", "message": "[handle_player_move] dx=[1], dy=[0], cur_x=[14], cur_y=[15], new_x=[15], new_y=[15]", "context": {"level": null, "scene": null, "state": null}, "data": {}}
[2026-01-01 20:25:48] [DEBUG] [game] [handle_player_move] evaluted to walkable | {"time": "20:25:48.317", "message": "[handle_player_move] evaluted to walkable", "context": {"level": null, "scene": null, "state": null}, "data": {}}
[2026-01-01 20:25:48] [DEBUG] [game] Emitted: 'add_text' data={'display_text': ' ####################'} | {"time": "20:25:48.345", "message": "Emitted: 'add_text' data={'display_text': ' ####################'}", "context": {"level": null, "scene": null, "state": null}, "data": {}}
[2026-01-01 20:25:48] [DEBUG] [game] Dispatch: RenderSystem -> handled 'add_text' | {"time": "20:25:48.345", "message": "Dispatch: RenderSystem -> handled 'add_text'", "context": {"level": null, "scene": null, "state": null}, "data": {}}
[2026-01-01 20:25:48] [DEBUG] [game] Emitted: 'add_text' data={'display_text': ' #                  #'} | {"time": "20:25:48.345", "message": "Emitted: 'add_text' data={'display_text': ' #                  #'}", "context": {"level": null, "scene": null, "state": null}, "data": {}}
[2026-01-01 20:25:48] [DEBUG] [game] Dispatch: RenderSystem -> handled 'add_text' | {"time": "20:25:48.345", "message": "Dispatch: RenderSystem -> handled 'add_text'", "context": {"level": null, "scene": null, "state": null}, "data": {}}
[2026-01-01 20:25:48] [DEBUG] [game] Emitted: 'add_text' data={'display_text': ' #                  #'} | {"time": "20:25:48.345", "message": "Emitted: 'add_text' data={'display_text': ' #                  #'}", "context": {"level": null, "scene": null, "state": null}, "data": {}}
[2026-01-01 20:25:48] [DEBUG] [game] Dispatch: RenderSystem -> handled 'add_text' | {"time": "20:25:48.345", "message": "Dispatch: RenderSystem -> handled 'add_text'", "context": {"level": null, "scene": null, "state": null}, "data": {}}
[2026-01-01 20:25:48] [DEBUG] [game] Emitted: 'add_text' data={'display_text': ' #                  #'} | {"time": "20:25:48.346", "message": "Emitted: 'add_text' data={'display_text': ' #                  #'}", "context": {"level": null, "scene": null, "state": null}, "data": {}}
[2026-01-01 20:25:48] [DEBUG] [game] Dispatch: RenderSystem -> handled 'add_text' | {"time": "20:25:48.346", "message": "Dispatch: RenderSystem -> handled 'add_text'", "context": {"level": null, "scene": null, "state": null}, "data": {}}
[2026-01-01 20:25:48] [DEBUG] [game] Emitted: 'add_text' data={'display_text': ' #                  #'} | {"time": "20:25:48.346", "message": "Emitted: 'add_text' data={'display_text': ' #                  #'}", "context": {"level": null, "scene": null, "state": null}, "data": {}}
[2026-01-01 20:25:48] [DEBUG] [game] Dispatch: RenderSystem -> handled 'add_text' | {"time": "20:25:48.346", "message": "Dispatch: RenderSystem -> handled 'add_text'", "context": {"level": null, "scene": null, "state": null}, "data": {}}
[2026-01-01 20:25:48] [DEBUG] [game] Emitted: 'add_text' data={'display_text': ' #                  #'} | {"time": "20:25:48.346", "message": "Emitted: 'add_text' data={'display_text': ' #                  #'}", "context": {"level": null, "scene": null, "state": null}, "data": {}}
[2026-01-01 20:25:48] [DEBUG] [game] Dispatch: RenderSystem -> handled 'add_text' | {"time": "20:25:48.346", "message": "Dispatch: RenderSystem -> handled 'add_text'", "context": {"level": null, "scene": null, "state": null}, "data": {}}
[2026-01-01 20:25:48] [DEBUG] [game] Emitted: 'add_text' data={'display_text': ' #                  #'} | {"time": "20:25:48.347", "message": "Emitted: 'add_text' data={'display_text': ' #                  #'}", "context": {"level": null, "scene": null, "state": null}, "data": {}}
[2026-01-01 20:25:48] [DEBUG] [game] Dispatch: RenderSystem -> handled 'add_text' | {"time": "20:25:48.347", "message": "Dispatch: RenderSystem -> handled 'add_text'", "context": {"level": null, "scene": null, "state": null}, "data": {}}
[2026-01-01 20:25:48] [DEBUG] [game] Emitted: 'add_text' data={'display_text': ' #                  #'} | {"time": "20:25:48.347", "message": "Emitted: 'add_text' data={'display_text': ' #                  #'}", "context": {"level": null, "scene": null, "state": null}, "data": {}}
[2026-01-01 20:25:48] [DEBUG] [game] Dispatch: RenderSystem -> handled 'add_text' | {"time": "20:25:48.347", "message": "Dispatch: RenderSystem -> handled 'add_text'", "context": {"level": null, "scene": null, "state": null}, "data": {}}
[2026-01-01 20:25:48] [DEBUG] [game] Emitted: 'add_text' data={'display_text': ' #                  #'} | {"time": "20:25:48.347", "message": "Emitted: 'add_text' data={'display_text': ' #                  #'}", "context": {"level": null, "scene": null, "state": null}, "data": {}}
[2026-01-01 20:25:48] [DEBUG] [game] Dispatch: RenderSystem -> handled 'add_text' | {"time": "20:25:48.347", "message": "Dispatch: RenderSystem -> handled 'add_text'", "context": {"level": null, "scene": null, "state": null}, "data": {}}
[2026-01-01 20:25:48] [DEBUG] [game] Emitted: 'add_text' data={'display_text': ' #                  #'} | {"time": "20:25:48.347", "message": "Emitted: 'add_text' data={'display_text': ' #                  #'}", "context": {"level": null, "scene": null, "state": null}, "data": {}}
[2026-01-01 20:25:48] [DEBUG] [game] Dispatch: RenderSystem -> handled 'add_text' | {"time": "20:25:48.348", "message": "Dispatch: RenderSystem -> handled 'add_text'", "context": {"level": null, "scene": null, "state": null}, "data": {}}
[2026-01-01 20:25:48] [DEBUG] [game] Emitted: 'add_text' data={'display_text': ' #                  #'} | {"time": "20:25:48.348", "message": "Emitted: 'add_text' data={'display_text': ' #                  #'}", "context": {"level": null, "scene": null, "state": null}, "data": {}}
[2026-01-01 20:25:48] [DEBUG] [game] Dispatch: RenderSystem -> handled 'add_text' | {"time": "20:25:48.348", "message": "Dispatch: RenderSystem -> handled 'add_text'", "context": {"level": null, "scene": null, "state": null}, "data": {}}
[2026-01-01 20:25:48] [DEBUG] [game] Emitted: 'add_text' data={'display_text': ' #                  #'} | {"time": "20:25:48.348", "message": "Emitted: 'add_text' data={'display_text': ' #                  #'}", "context": {"level": null, "scene": null, "state": null}, "data": {}}
[2026-01-01 20:25:48] [DEBUG] [game] Dispatch: RenderSystem -> handled 'add_text' | {"time": "20:25:48.348", "message": "Dispatch: RenderSystem -> handled 'add_text'", "context": {"level": null, "scene": null, "state": null}, "data": {}}
[2026-01-01 20:25:48] [DEBUG] [game] Emitted: 'add_text' data={'display_text': ' #                  #'} | {"time": "20:25:48.348", "message": "Emitted: 'add_text' data={'display_text': ' #                  #'}", "context": {"level": null, "scene": null, "state": null}, "data": {}}
[2026-01-01 20:25:48] [DEBUG] [game] Dispatch: RenderSystem -> handled 'add_text' | {"time": "20:25:48.348", "message": "Dispatch: RenderSystem -> handled 'add_text'", "context": {"level": null, "scene": null, "state": null}, "data": {}}
[2026-01-01 20:25:48] [DEBUG] [game] Emitted: 'add_text' data={'display_text': ' #                  #'} | {"time": "20:25:48.348", "message": "Emitted: 'add_text' data={'display_text': ' #                  #'}", "context": {"level": null, "scene": null, "state": null}, "data": {}}
[2026-01-01 20:25:48] [DEBUG] [game] Dispatch: RenderSystem -> handled 'add_text' | {"time": "20:25:48.348", "message": "Dispatch: RenderSystem -> handled 'add_text'", "context": {"level": null, "scene": null, "state": null}, "data": {}}
[2026-01-01 20:25:48] [DEBUG] [game] Emitted: 'add_text' data={'display_text': ' #                  #'} | {"time": "20:25:48.349", "message": "Emitted: 'add_text' data={'display_text': ' #                  #'}", "context": {"level": null, "scene": null, "state": null}, "data": {}}
[2026-01-01 20:25:48] [DEBUG] [game] Dispatch: RenderSystem -> handled 'add_text' | {"time": "20:25:48.349", "message": "Dispatch: RenderSystem -> handled 'add_text'", "context": {"level": null, "scene": null, "state": null}, "data": {}}
[2026-01-01 20:25:48] [DEBUG] [game] Emitted: 'add_text' data={'display_text': ' #              @   #'} | {"time": "20:25:48.349", "message": "Emitted: 'add_text' data={'display_text': ' #              @   #'}", "context": {"level": null, "scene": null, "state": null}, "data": {}}
[2026-01-01 20:25:48] [DEBUG] [game] Dispatch: RenderSystem -> handled 'add_text' | {"time": "20:25:48.349", "message": "Dispatch: RenderSystem -> handled 'add_text'", "context": {"level": null, "scene": null, "state": null}, "data": {}}
[2026-01-01 20:25:48] [DEBUG] [game] Emitted: 'add_text' data={'display_text': ' #                  #'} | {"time": "20:25:48.349", "message": "Emitted: 'add_text' data={'display_text': ' #                  #'}", "context": {"level": null, "scene": null, "state": null}, "data": {}}
[2026-01-01 20:25:48] [DEBUG] [game] Dispatch: RenderSystem -> handled 'add_text' | {"time": "20:25:48.349", "message": "Dispatch: RenderSystem -> handled 'add_text'", "context": {"level": null, "scene": null, "state": null}, "data": {}}
[2026-01-01 20:25:48] [DEBUG] [game] Emitted: 'add_text' data={'display_text': ' #                  #'} | {"time": "20:25:48.349", "message": "Emitted: 'add_text' data={'display_text': ' #                  #'}", "context": {"level": null, "scene": null, "state": null}, "data": {}}
[2026-01-01 20:25:48] [DEBUG] [game] Dispatch: RenderSystem -> handled 'add_text' | {"time": "20:25:48.349", "message": "Dispatch: RenderSystem -> handled 'add_text'", "context": {"level": null, "scene": null, "state": null}, "data": {}}
[2026-01-01 20:25:48] [DEBUG] [game] Emitted: 'add_text' data={'display_text': ' #                 $#'} | {"time": "20:25:48.350", "message": "Emitted: 'add_text' data={'display_text': ' #                 $#'}", "context": {"level": null, "scene": null, "state": null}, "data": {}}
[2026-01-01 20:25:48] [DEBUG] [game] Dispatch: RenderSystem -> handled 'add_text' | {"time": "20:25:48.350", "message": "Dispatch: RenderSystem -> handled 'add_text'", "context": {"level": null, "scene": null, "state": null}, "data": {}}
[2026-01-01 20:25:48] [DEBUG] [game] Emitted: 'add_text' data={'display_text': ' ####################'} | {"time": "20:25:48.350", "message": "Emitted: 'add_text' data={'display_text': ' ####################'}", "context": {"level": null, "scene": null, "state": null}, "data": {}}
[2026-01-01 20:25:48] [DEBUG] [game] Dispatch: RenderSystem -> handled 'add_text' | {"time": "20:25:48.350", "message": "Dispatch: RenderSystem -> handled 'add_text'", "context": {"level": null, "scene": null, "state": null}, "data": {}}
[2026-01-01 20:25:48] [DEBUG] [game] Emitted: 'player_input' data={'input': 'd'} | {"time": "20:25:48.350", "message": "Emitted: 'player_input' data={'input': 'd'}", "context": {"level": null, "scene": null, "state": null}, "data": {}}
[2026-01-01 20:25:48] [DEBUG] [game] Emitted: 'dungeon_player_movement' data={'input': 's'} | {"time": "20:25:48.379", "message": "Emitted: 'dungeon_player_movement' data={'input': 's'}", "context": {"level": null, "scene": null, "state": null}, "data": {}}
[2026-01-01 20:25:48] [DEBUG] [game] Dispatch: DungeonManager -> handled 'dungeon_player_movement' | {"time": "20:25:48.379", "message": "Dispatch: DungeonManager -> handled 'dungeon_player_movement'", "context": {"level": null, "scene": null, "state": null}, "data": {}}
[2026-01-01 20:25:48] [DEBUG] [game] [handle_player_move] dx=[0], dy=[1], cur_x=[15], cur_y=[15], new_x=[15], new_y=[16] | {"time": "20:25:48.380", "message": "[handle_player_move] dx=[0], dy=[1], cur_x=[15], cur_y=[15], new_x=[15], new_y=[16]", "context": {"level": null, "scene": null, "state": null}, "data": {}}
[2026-01-01 20:25:48] [DEBUG] [game] [handle_player_move] evaluted to walkable | {"time": "20:25:48.380", "message": "[handle_player_move] evaluted to walkable", "context": {"level": null, "scene": null, "state": null}, "data": {}}
[2026-01-01 20:25:48] [DEBUG] [game] Emitted: 'add_text' data={'display_text': ' ####################'} | {"time": "20:25:48.408", "message": "Emitted: 'add_text' data={'display_text': ' ####################'}", "context": {"level": null, "scene": null, "state": null}, "data": {}}
[2026-01-01 20:25:48] [DEBUG] [game] Dispatch: RenderSystem -> handled 'add_text' | {"time": "20:25:48.409", "message": "Dispatch: RenderSystem -> handled 'add_text'", "context": {"level": null, "scene": null, "state": null}, "data": {}}
[2026-01-01 20:25:48] [DEBUG] [game] Emitted: 'add_text' data={'display_text': ' #                  #'} | {"time": "20:25:48.410", "message": "Emitted: 'add_text' data={'display_text': ' #                  #'}", "context": {"level": null, "scene": null, "state": null}, "data": {}}
[2026-01-01 20:25:48] [DEBUG] [game] Dispatch: RenderSystem -> handled 'add_text' | {"time": "20:25:48.410", "message": "Dispatch: RenderSystem -> handled 'add_text'", "context": {"level": null, "scene": null, "state": null}, "data": {}}
[2026-01-01 20:25:48] [DEBUG] [game] Emitted: 'add_text' data={'display_text': ' #                  #'} | {"time": "20:25:48.410", "message": "Emitted: 'add_text' data={'display_text': ' #                  #'}", "context": {"level": null, "scene": null, "state": null}, "data": {}}
[2026-01-01 20:25:48] [DEBUG] [game] Dispatch: RenderSystem -> handled 'add_text' | {"time": "20:25:48.410", "message": "Dispatch: RenderSystem -> handled 'add_text'", "context": {"level": null, "scene": null, "state": null}, "data": {}}
[2026-01-01 20:25:48] [DEBUG] [game] Emitted: 'add_text' data={'display_text': ' #                  #'} | {"time": "20:25:48.410", "message": "Emitted: 'add_text' data={'display_text': ' #                  #'}", "context": {"level": null, "scene": null, "state": null}, "data": {}}
[2026-01-01 20:25:48] [DEBUG] [game] Dispatch: RenderSystem -> handled 'add_text' | {"time": "20:25:48.411", "message": "Dispatch: RenderSystem -> handled 'add_text'", "context": {"level": null, "scene": null, "state": null}, "data": {}}
[2026-01-01 20:25:48] [DEBUG] [game] Emitted: 'add_text' data={'display_text': ' #                  #'} | {"time": "20:25:48.411", "message": "Emitted: 'add_text' data={'display_text': ' #                  #'}", "context": {"level": null, "scene": null, "state": null}, "data": {}}
[2026-01-01 20:25:48] [DEBUG] [game] Dispatch: RenderSystem -> handled 'add_text' | {"time": "20:25:48.411", "message": "Dispatch: RenderSystem -> handled 'add_text'", "context": {"level": null, "scene": null, "state": null}, "data": {}}
[2026-01-01 20:25:48] [DEBUG] [game] Emitted: 'add_text' data={'display_text': ' #                  #'} | {"time": "20:25:48.411", "message": "Emitted: 'add_text' data={'display_text': ' #                  #'}", "context": {"level": null, "scene": null, "state": null}, "data": {}}
[2026-01-01 20:25:48] [DEBUG] [game] Dispatch: RenderSystem -> handled 'add_text' | {"time": "20:25:48.411", "message": "Dispatch: RenderSystem -> handled 'add_text'", "context": {"level": null, "scene": null, "state": null}, "data": {}}
[2026-01-01 20:25:48] [DEBUG] [game] Emitted: 'add_text' data={'display_text': ' #                  #'} | {"time": "20:25:48.411", "message": "Emitted: 'add_text' data={'display_text': ' #                  #'}", "context": {"level": null, "scene": null, "state": null}, "data": {}}
[2026-01-01 20:25:48] [DEBUG] [game] Dispatch: RenderSystem -> handled 'add_text' | {"time": "20:25:48.411", "message": "Dispatch: RenderSystem -> handled 'add_text'", "context": {"level": null, "scene": null, "state": null}, "data": {}}
[2026-01-01 20:25:48] [DEBUG] [game] Emitted: 'add_text' data={'display_text': ' #                  #'} | {"time": "20:25:48.412", "message": "Emitted: 'add_text' data={'display_text': ' #                  #'}", "context": {"level": null, "scene": null, "state": null}, "data": {}}
[2026-01-01 20:25:48] [DEBUG] [game] Dispatch: RenderSystem -> handled 'add_text' | {"time": "20:25:48.412", "message": "Dispatch: RenderSystem -> handled 'add_text'", "context": {"level": null, "scene": null, "state": null}, "data": {}}
[2026-01-01 20:25:48] [DEBUG] [game] Emitted: 'add_text' data={'display_text': ' #                  #'} | {"time": "20:25:48.412", "message": "Emitted: 'add_text' data={'display_text': ' #                  #'}", "context": {"level": null, "scene": null, "state": null}, "data": {}}
[2026-01-01 20:25:48] [DEBUG] [game] Dispatch: RenderSystem -> handled 'add_text' | {"time": "20:25:48.412", "message": "Dispatch: RenderSystem -> handled 'add_text'", "context": {"level": null, "scene": null, "state": null}, "data": {}}
[2026-01-01 20:25:48] [DEBUG] [game] Emitted: 'add_text' data={'display_text': ' #                  #'} | {"time": "20:25:48.412", "message": "Emitted: 'add_text' data={'display_text': ' #                  #'}", "context": {"level": null, "scene": null, "state": null}, "data": {}}
[2026-01-01 20:25:48] [DEBUG] [game] Dispatch: RenderSystem -> handled 'add_text' | {"time": "20:25:48.412", "message": "Dispatch: RenderSystem -> handled 'add_text'", "context": {"level": null, "scene": null, "state": null}, "data": {}}
[2026-01-01 20:25:48] [DEBUG] [game] Emitted: 'add_text' data={'display_text': ' #                  #'} | {"time": "20:25:48.412", "message": "Emitted: 'add_text' data={'display_text': ' #                  #'}", "context": {"level": null, "scene": null, "state": null}, "data": {}}
[2026-01-01 20:25:48] [DEBUG] [game] Dispatch: RenderSystem -> handled 'add_text' | {"time": "20:25:48.412", "message": "Dispatch: RenderSystem -> handled 'add_text'", "context": {"level": null, "scene": null, "state": null}, "data": {}}
[2026-01-01 20:25:48] [DEBUG] [game] Emitted: 'add_text' data={'display_text': ' #                  #'} | {"time": "20:25:48.413", "message": "Emitted: 'add_text' data={'display_text': ' #                  #'}", "context": {"level": null, "scene": null, "state": null}, "data": {}}
[2026-01-01 20:25:48] [DEBUG] [game] Dispatch: RenderSystem -> handled 'add_text' | {"time": "20:25:48.413", "message": "Dispatch: RenderSystem -> handled 'add_text'", "context": {"level": null, "scene": null, "state": null}, "data": {}}
[2026-01-01 20:25:48] [DEBUG] [game] Emitted: 'add_text' data={'display_text': ' #                  #'} | {"time": "20:25:48.413", "message": "Emitted: 'add_text' data={'display_text': ' #                  #'}", "context": {"level": null, "scene": null, "state": null}, "data": {}}
[2026-01-01 20:25:48] [DEBUG] [game] Dispatch: RenderSystem -> handled 'add_text' | {"time": "20:25:48.413", "message": "Dispatch: RenderSystem -> handled 'add_text'", "context": {"level": null, "scene": null, "state": null}, "data": {}}
[2026-01-01 20:25:48] [DEBUG] [game] Emitted: 'add_text' data={'display_text': ' #                  #'} | {"time": "20:25:48.413", "message": "Emitted: 'add_text' data={'display_text': ' #                  #'}", "context": {"level": null, "scene": null, "state": null}, "data": {}}
[2026-01-01 20:25:48] [DEBUG] [game] Dispatch: RenderSystem -> handled 'add_text' | {"time": "20:25:48.413", "message": "Dispatch: RenderSystem -> handled 'add_text'", "context": {"level": null, "scene": null, "state": null}, "data": {}}
[2026-01-01 20:25:48] [DEBUG] [game] Emitted: 'add_text' data={'display_text': ' #                  #'} | {"time": "20:25:48.413", "message": "Emitted: 'add_text' data={'display_text': ' #                  #'}", "context": {"level": null, "scene": null, "state": null}, "data": {}}
[2026-01-01 20:25:48] [DEBUG] [game] Dispatch: RenderSystem -> handled 'add_text' | {"time": "20:25:48.413", "message": "Dispatch: RenderSystem -> handled 'add_text'", "context": {"level": null, "scene": null, "state": null}, "data": {}}
[2026-01-01 20:25:48] [DEBUG] [game] Emitted: 'add_text' data={'display_text': ' #                  #'} | {"time": "20:25:48.413", "message": "Emitted: 'add_text' data={'display_text': ' #                  #'}", "context": {"level": null, "scene": null, "state": null}, "data": {}}
[2026-01-01 20:25:48] [DEBUG] [game] Dispatch: RenderSystem -> handled 'add_text' | {"time": "20:25:48.414", "message": "Dispatch: RenderSystem -> handled 'add_text'", "context": {"level": null, "scene": null, "state": null}, "data": {}}
[2026-01-01 20:25:48] [DEBUG] [game] Emitted: 'add_text' data={'display_text': ' #              @   #'} | {"time": "20:25:48.414", "message": "Emitted: 'add_text' data={'display_text': ' #              @   #'}", "context": {"level": null, "scene": null, "state": null}, "data": {}}
[2026-01-01 20:25:48] [DEBUG] [game] Dispatch: RenderSystem -> handled 'add_text' | {"time": "20:25:48.414", "message": "Dispatch: RenderSystem -> handled 'add_text'", "context": {"level": null, "scene": null, "state": null}, "data": {}}
[2026-01-01 20:25:48] [DEBUG] [game] Emitted: 'add_text' data={'display_text': ' #                  #'} | {"time": "20:25:48.414", "message": "Emitted: 'add_text' data={'display_text': ' #                  #'}", "context": {"level": null, "scene": null, "state": null}, "data": {}}
[2026-01-01 20:25:48] [DEBUG] [game] Dispatch: RenderSystem -> handled 'add_text' | {"time": "20:25:48.414", "message": "Dispatch: RenderSystem -> handled 'add_text'", "context": {"level": null, "scene": null, "state": null}, "data": {}}
[2026-01-01 20:25:48] [DEBUG] [game] Emitted: 'add_text' data={'display_text': ' #                 $#'} | {"time": "20:25:48.414", "message": "Emitted: 'add_text' data={'display_text': ' #                 $#'}", "context": {"level": null, "scene": null, "state": null}, "data": {}}
[2026-01-01 20:25:48] [DEBUG] [game] Dispatch: RenderSystem -> handled 'add_text' | {"time": "20:25:48.414", "message": "Dispatch: RenderSystem -> handled 'add_text'", "context": {"level": null, "scene": null, "state": null}, "data": {}}
[2026-01-01 20:25:48] [DEBUG] [game] Emitted: 'add_text' data={'display_text': ' ####################'} | {"time": "20:25:48.414", "message": "Emitted: 'add_text' data={'display_text': ' ####################'}", "context": {"level": null, "scene": null, "state": null}, "data": {}}
[2026-01-01 20:25:48] [DEBUG] [game] Dispatch: RenderSystem -> handled 'add_text' | {"time": "20:25:48.414", "message": "Dispatch: RenderSystem -> handled 'add_text'", "context": {"level": null, "scene": null, "state": null}, "data": {}}
[2026-01-01 20:25:48] [DEBUG] [game] Emitted: 'player_input' data={'input': 's'} | {"time": "20:25:48.415", "message": "Emitted: 'player_input' data={'input': 's'}", "context": {"level": null, "scene": null, "state": null}, "data": {}}
[2026-01-01 20:25:48] [DEBUG] [game] Emitted: 'dungeon_player_movement' data={'input': 'd'} | {"time": "20:25:48.447", "message": "Emitted: 'dungeon_player_movement' data={'input': 'd'}", "context": {"level": null, "scene": null, "state": null}, "data": {}}
[2026-01-01 20:25:48] [DEBUG] [game] Dispatch: DungeonManager -> handled 'dungeon_player_movement' | {"time": "20:25:48.447", "message": "Dispatch: DungeonManager -> handled 'dungeon_player_movement'", "context": {"level": null, "scene": null, "state": null}, "data": {}}
[2026-01-01 20:25:48] [DEBUG] [game] [handle_player_move] dx=[1], dy=[0], cur_x=[15], cur_y=[16], new_x=[16], new_y=[16] | {"time": "20:25:48.448", "message": "[handle_player_move] dx=[1], dy=[0], cur_x=[15], cur_y=[16], new_x=[16], new_y=[16]", "context": {"level": null, "scene": null, "state": null}, "data": {}}
[2026-01-01 20:25:48] [DEBUG] [game] [handle_player_move] evaluted to walkable | {"time": "20:25:48.448", "message": "[handle_player_move] evaluted to walkable", "context": {"level": null, "scene": null, "state": null}, "data": {}}
[2026-01-01 20:25:48] [DEBUG] [game] Emitted: 'add_text' data={'display_text': ' ####################'} | {"time": "20:25:48.477", "message": "Emitted: 'add_text' data={'display_text': ' ####################'}", "context": {"level": null, "scene": null, "state": null}, "data": {}}
[2026-01-01 20:25:48] [DEBUG] [game] Dispatch: RenderSystem -> handled 'add_text' | {"time": "20:25:48.477", "message": "Dispatch: RenderSystem -> handled 'add_text'", "context": {"level": null, "scene": null, "state": null}, "data": {}}
[2026-01-01 20:25:48] [DEBUG] [game] Emitted: 'add_text' data={'display_text': ' #                  #'} | {"time": "20:25:48.477", "message": "Emitted: 'add_text' data={'display_text': ' #                  #'}", "context": {"level": null, "scene": null, "state": null}, "data": {}}
[2026-01-01 20:25:48] [DEBUG] [game] Dispatch: RenderSystem -> handled 'add_text' | {"time": "20:25:48.477", "message": "Dispatch: RenderSystem -> handled 'add_text'", "context": {"level": null, "scene": null, "state": null}, "data": {}}
[2026-01-01 20:25:48] [DEBUG] [game] Emitted: 'add_text' data={'display_text': ' #                  #'} | {"time": "20:25:48.477", "message": "Emitted: 'add_text' data={'display_text': ' #                  #'}", "context": {"level": null, "scene": null, "state": null}, "data": {}}
[2026-01-01 20:25:48] [DEBUG] [game] Dispatch: RenderSystem -> handled 'add_text' | {"time": "20:25:48.477", "message": "Dispatch: RenderSystem -> handled 'add_text'", "context": {"level": null, "scene": null, "state": null}, "data": {}}
[2026-01-01 20:25:48] [DEBUG] [game] Emitted: 'add_text' data={'display_text': ' #                  #'} | {"time": "20:25:48.478", "message": "Emitted: 'add_text' data={'display_text': ' #                  #'}", "context": {"level": null, "scene": null, "state": null}, "data": {}}
[2026-01-01 20:25:48] [DEBUG] [game] Dispatch: RenderSystem -> handled 'add_text' | {"time": "20:25:48.478", "message": "Dispatch: RenderSystem -> handled 'add_text'", "context": {"level": null, "scene": null, "state": null}, "data": {}}
[2026-01-01 20:25:48] [DEBUG] [game] Emitted: 'add_text' data={'display_text': ' #                  #'} | {"time": "20:25:48.478", "message": "Emitted: 'add_text' data={'display_text': ' #                  #'}", "context": {"level": null, "scene": null, "state": null}, "data": {}}
[2026-01-01 20:25:48] [DEBUG] [game] Dispatch: RenderSystem -> handled 'add_text' | {"time": "20:25:48.478", "message": "Dispatch: RenderSystem -> handled 'add_text'", "context": {"level": null, "scene": null, "state": null}, "data": {}}
[2026-01-01 20:25:48] [DEBUG] [game] Emitted: 'add_text' data={'display_text': ' #                  #'} | {"time": "20:25:48.478", "message": "Emitted: 'add_text' data={'display_text': ' #                  #'}", "context": {"level": null, "scene": null, "state": null}, "data": {}}
[2026-01-01 20:25:48] [DEBUG] [game] Dispatch: RenderSystem -> handled 'add_text' | {"time": "20:25:48.478", "message": "Dispatch: RenderSystem -> handled 'add_text'", "context": {"level": null, "scene": null, "state": null}, "data": {}}
[2026-01-01 20:25:48] [DEBUG] [game] Emitted: 'add_text' data={'display_text': ' #                  #'} | {"time": "20:25:48.478", "message": "Emitted: 'add_text' data={'display_text': ' #                  #'}", "context": {"level": null, "scene": null, "state": null}, "data": {}}
[2026-01-01 20:25:48] [DEBUG] [game] Dispatch: RenderSystem -> handled 'add_text' | {"time": "20:25:48.478", "message": "Dispatch: RenderSystem -> handled 'add_text'", "context": {"level": null, "scene": null, "state": null}, "data": {}}
[2026-01-01 20:25:48] [DEBUG] [game] Emitted: 'add_text' data={'display_text': ' #                  #'} | {"time": "20:25:48.479", "message": "Emitted: 'add_text' data={'display_text': ' #                  #'}", "context": {"level": null, "scene": null, "state": null}, "data": {}}
[2026-01-01 20:25:48] [DEBUG] [game] Dispatch: RenderSystem -> handled 'add_text' | {"time": "20:25:48.479", "message": "Dispatch: RenderSystem -> handled 'add_text'", "context": {"level": null, "scene": null, "state": null}, "data": {}}
[2026-01-01 20:25:48] [DEBUG] [game] Emitted: 'add_text' data={'display_text': ' #                  #'} | {"time": "20:25:48.479", "message": "Emitted: 'add_text' data={'display_text': ' #                  #'}", "context": {"level": null, "scene": null, "state": null}, "data": {}}
[2026-01-01 20:25:48] [DEBUG] [game] Dispatch: RenderSystem -> handled 'add_text' | {"time": "20:25:48.479", "message": "Dispatch: RenderSystem -> handled 'add_text'", "context": {"level": null, "scene": null, "state": null}, "data": {}}
[2026-01-01 20:25:48] [DEBUG] [game] Emitted: 'add_text' data={'display_text': ' #                  #'} | {"time": "20:25:48.479", "message": "Emitted: 'add_text' data={'display_text': ' #                  #'}", "context": {"level": null, "scene": null, "state": null}, "data": {}}
[2026-01-01 20:25:48] [DEBUG] [game] Dispatch: RenderSystem -> handled 'add_text' | {"time": "20:25:48.479", "message": "Dispatch: RenderSystem -> handled 'add_text'", "context": {"level": null, "scene": null, "state": null}, "data": {}}
[2026-01-01 20:25:48] [DEBUG] [game] Emitted: 'add_text' data={'display_text': ' #                  #'} | {"time": "20:25:48.479", "message": "Emitted: 'add_text' data={'display_text': ' #                  #'}", "context": {"level": null, "scene": null, "state": null}, "data": {}}
[2026-01-01 20:25:48] [DEBUG] [game] Dispatch: RenderSystem -> handled 'add_text' | {"time": "20:25:48.479", "message": "Dispatch: RenderSystem -> handled 'add_text'", "context": {"level": null, "scene": null, "state": null}, "data": {}}
[2026-01-01 20:25:48] [DEBUG] [game] Emitted: 'add_text' data={'display_text': ' #                  #'} | {"time": "20:25:48.479", "message": "Emitted: 'add_text' data={'display_text': ' #                  #'}", "context": {"level": null, "scene": null, "state": null}, "data": {}}
[2026-01-01 20:25:48] [DEBUG] [game] Dispatch: RenderSystem -> handled 'add_text' | {"time": "20:25:48.479", "message": "Dispatch: RenderSystem -> handled 'add_text'", "context": {"level": null, "scene": null, "state": null}, "data": {}}
[2026-01-01 20:25:48] [DEBUG] [game] Emitted: 'add_text' data={'display_text': ' #                  #'} | {"time": "20:25:48.480", "message": "Emitted: 'add_text' data={'display_text': ' #                  #'}", "context": {"level": null, "scene": null, "state": null}, "data": {}}
[2026-01-01 20:25:48] [DEBUG] [game] Dispatch: RenderSystem -> handled 'add_text' | {"time": "20:25:48.480", "message": "Dispatch: RenderSystem -> handled 'add_text'", "context": {"level": null, "scene": null, "state": null}, "data": {}}
[2026-01-01 20:25:48] [DEBUG] [game] Emitted: 'add_text' data={'display_text': ' #                  #'} | {"time": "20:25:48.480", "message": "Emitted: 'add_text' data={'display_text': ' #                  #'}", "context": {"level": null, "scene": null, "state": null}, "data": {}}
[2026-01-01 20:25:48] [DEBUG] [game] Dispatch: RenderSystem -> handled 'add_text' | {"time": "20:25:48.480", "message": "Dispatch: RenderSystem -> handled 'add_text'", "context": {"level": null, "scene": null, "state": null}, "data": {}}
[2026-01-01 20:25:48] [DEBUG] [game] Emitted: 'add_text' data={'display_text': ' #                  #'} | {"time": "20:25:48.480", "message": "Emitted: 'add_text' data={'display_text': ' #                  #'}", "context": {"level": null, "scene": null, "state": null}, "data": {}}
[2026-01-01 20:25:48] [DEBUG] [game] Dispatch: RenderSystem -> handled 'add_text' | {"time": "20:25:48.480", "message": "Dispatch: RenderSystem -> handled 'add_text'", "context": {"level": null, "scene": null, "state": null}, "data": {}}
[2026-01-01 20:25:48] [DEBUG] [game] Emitted: 'add_text' data={'display_text': ' #                  #'} | {"time": "20:25:48.480", "message": "Emitted: 'add_text' data={'display_text': ' #                  #'}", "context": {"level": null, "scene": null, "state": null}, "data": {}}
[2026-01-01 20:25:48] [DEBUG] [game] Dispatch: RenderSystem -> handled 'add_text' | {"time": "20:25:48.480", "message": "Dispatch: RenderSystem -> handled 'add_text'", "context": {"level": null, "scene": null, "state": null}, "data": {}}
[2026-01-01 20:25:48] [DEBUG] [game] Emitted: 'add_text' data={'display_text': ' #               @  #'} | {"time": "20:25:48.480", "message": "Emitted: 'add_text' data={'display_text': ' #               @  #'}", "context": {"level": null, "scene": null, "state": null}, "data": {}}
[2026-01-01 20:25:48] [DEBUG] [game] Dispatch: RenderSystem -> handled 'add_text' | {"time": "20:25:48.480", "message": "Dispatch: RenderSystem -> handled 'add_text'", "context": {"level": null, "scene": null, "state": null}, "data": {}}
[2026-01-01 20:25:48] [DEBUG] [game] Emitted: 'add_text' data={'display_text': ' #                  #'} | {"time": "20:25:48.481", "message": "Emitted: 'add_text' data={'display_text': ' #                  #'}", "context": {"level": null, "scene": null, "state": null}, "data": {}}
[2026-01-01 20:25:48] [DEBUG] [game] Dispatch: RenderSystem -> handled 'add_text' | {"time": "20:25:48.481", "message": "Dispatch: RenderSystem -> handled 'add_text'", "context": {"level": null, "scene": null, "state": null}, "data": {}}
[2026-01-01 20:25:48] [DEBUG] [game] Emitted: 'add_text' data={'display_text': ' #                 $#'} | {"time": "20:25:48.481", "message": "Emitted: 'add_text' data={'display_text': ' #                 $#'}", "context": {"level": null, "scene": null, "state": null}, "data": {}}
[2026-01-01 20:25:48] [DEBUG] [game] Dispatch: RenderSystem -> handled 'add_text' | {"time": "20:25:48.481", "message": "Dispatch: RenderSystem -> handled 'add_text'", "context": {"level": null, "scene": null, "state": null}, "data": {}}
[2026-01-01 20:25:48] [DEBUG] [game] Emitted: 'add_text' data={'display_text': ' ####################'} | {"time": "20:25:48.481", "message": "Emitted: 'add_text' data={'display_text': ' ####################'}", "context": {"level": null, "scene": null, "state": null}, "data": {}}
[2026-01-01 20:25:48] [DEBUG] [game] Dispatch: RenderSystem -> handled 'add_text' | {"time": "20:25:48.481", "message": "Dispatch: RenderSystem -> handled 'add_text'", "context": {"level": null, "scene": null, "state": null}, "data": {}}
[2026-01-01 20:25:48] [DEBUG] [game] Emitted: 'player_input' data={'input': 'd'} | {"time": "20:25:48.481", "message": "Emitted: 'player_input' data={'input': 'd'}", "context": {"level": null, "scene": null, "state": null}, "data": {}}
[2026-01-01 20:25:48] [DEBUG] [game] Emitted: 'dungeon_player_movement' data={'input': 's'} | {"time": "20:25:48.526", "message": "Emitted: 'dungeon_player_movement' data={'input': 's'}", "context": {"level": null, "scene": null, "state": null}, "data": {}}
[2026-01-01 20:25:48] [DEBUG] [game] Dispatch: DungeonManager -> handled 'dungeon_player_movement' | {"time": "20:25:48.526", "message": "Dispatch: DungeonManager -> handled 'dungeon_player_movement'", "context": {"level": null, "scene": null, "state": null}, "data": {}}
[2026-01-01 20:25:48] [DEBUG] [game] [handle_player_move] dx=[0], dy=[1], cur_x=[16], cur_y=[16], new_x=[16], new_y=[17] | {"time": "20:25:48.527", "message": "[handle_player_move] dx=[0], dy=[1], cur_x=[16], cur_y=[16], new_x=[16], new_y=[17]", "context": {"level": null, "scene": null, "state": null}, "data": {}}
[2026-01-01 20:25:48] [DEBUG] [game] [handle_player_move] evaluted to walkable | {"time": "20:25:48.527", "message": "[handle_player_move] evaluted to walkable", "context": {"level": null, "scene": null, "state": null}, "data": {}}
[2026-01-01 20:25:48] [DEBUG] [game] Emitted: 'add_text' data={'display_text': ' ####################'} | {"time": "20:25:48.555", "message": "Emitted: 'add_text' data={'display_text': ' ####################'}", "context": {"level": null, "scene": null, "state": null}, "data": {}}
[2026-01-01 20:25:48] [DEBUG] [game] Dispatch: RenderSystem -> handled 'add_text' | {"time": "20:25:48.555", "message": "Dispatch: RenderSystem -> handled 'add_text'", "context": {"level": null, "scene": null, "state": null}, "data": {}}
[2026-01-01 20:25:48] [DEBUG] [game] Emitted: 'add_text' data={'display_text': ' #                  #'} | {"time": "20:25:48.556", "message": "Emitted: 'add_text' data={'display_text': ' #                  #'}", "context": {"level": null, "scene": null, "state": null}, "data": {}}
[2026-01-01 20:25:48] [DEBUG] [game] Dispatch: RenderSystem -> handled 'add_text' | {"time": "20:25:48.556", "message": "Dispatch: RenderSystem -> handled 'add_text'", "context": {"level": null, "scene": null, "state": null}, "data": {}}
[2026-01-01 20:25:48] [DEBUG] [game] Emitted: 'add_text' data={'display_text': ' #                  #'} | {"time": "20:25:48.556", "message": "Emitted: 'add_text' data={'display_text': ' #                  #'}", "context": {"level": null, "scene": null, "state": null}, "data": {}}
[2026-01-01 20:25:48] [DEBUG] [game] Dispatch: RenderSystem -> handled 'add_text' | {"time": "20:25:48.556", "message": "Dispatch: RenderSystem -> handled 'add_text'", "context": {"level": null, "scene": null, "state": null}, "data": {}}
[2026-01-01 20:25:48] [DEBUG] [game] Emitted: 'add_text' data={'display_text': ' #                  #'} | {"time": "20:25:48.556", "message": "Emitted: 'add_text' data={'display_text': ' #                  #'}", "context": {"level": null, "scene": null, "state": null}, "data": {}}
[2026-01-01 20:25:48] [DEBUG] [game] Dispatch: RenderSystem -> handled 'add_text' | {"time": "20:25:48.556", "message": "Dispatch: RenderSystem -> handled 'add_text'", "context": {"level": null, "scene": null, "state": null}, "data": {}}
[2026-01-01 20:25:48] [DEBUG] [game] Emitted: 'add_text' data={'display_text': ' #                  #'} | {"time": "20:25:48.556", "message": "Emitted: 'add_text' data={'display_text': ' #                  #'}", "context": {"level": null, "scene": null, "state": null}, "data": {}}
[2026-01-01 20:25:48] [DEBUG] [game] Dispatch: RenderSystem -> handled 'add_text' | {"time": "20:25:48.557", "message": "Dispatch: RenderSystem -> handled 'add_text'", "context": {"level": null, "scene": null, "state": null}, "data": {}}
[2026-01-01 20:25:48] [DEBUG] [game] Emitted: 'add_text' data={'display_text': ' #                  #'} | {"time": "20:25:48.557", "message": "Emitted: 'add_text' data={'display_text': ' #                  #'}", "context": {"level": null, "scene": null, "state": null}, "data": {}}
[2026-01-01 20:25:48] [DEBUG] [game] Dispatch: RenderSystem -> handled 'add_text' | {"time": "20:25:48.557", "message": "Dispatch: RenderSystem -> handled 'add_text'", "context": {"level": null, "scene": null, "state": null}, "data": {}}
[2026-01-01 20:25:48] [DEBUG] [game] Emitted: 'add_text' data={'display_text': ' #                  #'} | {"time": "20:25:48.557", "message": "Emitted: 'add_text' data={'display_text': ' #                  #'}", "context": {"level": null, "scene": null, "state": null}, "data": {}}
[2026-01-01 20:25:48] [DEBUG] [game] Dispatch: RenderSystem -> handled 'add_text' | {"time": "20:25:48.557", "message": "Dispatch: RenderSystem -> handled 'add_text'", "context": {"level": null, "scene": null, "state": null}, "data": {}}
[2026-01-01 20:25:48] [DEBUG] [game] Emitted: 'add_text' data={'display_text': ' #                  #'} | {"time": "20:25:48.557", "message": "Emitted: 'add_text' data={'display_text': ' #                  #'}", "context": {"level": null, "scene": null, "state": null}, "data": {}}
[2026-01-01 20:25:48] [DEBUG] [game] Dispatch: RenderSystem -> handled 'add_text' | {"time": "20:25:48.557", "message": "Dispatch: RenderSystem -> handled 'add_text'", "context": {"level": null, "scene": null, "state": null}, "data": {}}
[2026-01-01 20:25:48] [DEBUG] [game] Emitted: 'add_text' data={'display_text': ' #                  #'} | {"time": "20:25:48.558", "message": "Emitted: 'add_text' data={'display_text': ' #                  #'}", "context": {"level": null, "scene": null, "state": null}, "data": {}}
[2026-01-01 20:25:48] [DEBUG] [game] Dispatch: RenderSystem -> handled 'add_text' | {"time": "20:25:48.558", "message": "Dispatch: RenderSystem -> handled 'add_text'", "context": {"level": null, "scene": null, "state": null}, "data": {}}
[2026-01-01 20:25:48] [DEBUG] [game] Emitted: 'add_text' data={'display_text': ' #                  #'} | {"time": "20:25:48.558", "message": "Emitted: 'add_text' data={'display_text': ' #                  #'}", "context": {"level": null, "scene": null, "state": null}, "data": {}}
[2026-01-01 20:25:48] [DEBUG] [game] Dispatch: RenderSystem -> handled 'add_text' | {"time": "20:25:48.558", "message": "Dispatch: RenderSystem -> handled 'add_text'", "context": {"level": null, "scene": null, "state": null}, "data": {}}
[2026-01-01 20:25:48] [DEBUG] [game] Emitted: 'add_text' data={'display_text': ' #                  #'} | {"time": "20:25:48.558", "message": "Emitted: 'add_text' data={'display_text': ' #                  #'}", "context": {"level": null, "scene": null, "state": null}, "data": {}}
[2026-01-01 20:25:48] [DEBUG] [game] Dispatch: RenderSystem -> handled 'add_text' | {"time": "20:25:48.558", "message": "Dispatch: RenderSystem -> handled 'add_text'", "context": {"level": null, "scene": null, "state": null}, "data": {}}
[2026-01-01 20:25:48] [DEBUG] [game] Emitted: 'add_text' data={'display_text': ' #                  #'} | {"time": "20:25:48.558", "message": "Emitted: 'add_text' data={'display_text': ' #                  #'}", "context": {"level": null, "scene": null, "state": null}, "data": {}}
[2026-01-01 20:25:48] [DEBUG] [game] Dispatch: RenderSystem -> handled 'add_text' | {"time": "20:25:48.559", "message": "Dispatch: RenderSystem -> handled 'add_text'", "context": {"level": null, "scene": null, "state": null}, "data": {}}
[2026-01-01 20:25:48] [DEBUG] [game] Emitted: 'add_text' data={'display_text': ' #                  #'} | {"time": "20:25:48.559", "message": "Emitted: 'add_text' data={'display_text': ' #                  #'}", "context": {"level": null, "scene": null, "state": null}, "data": {}}
[2026-01-01 20:25:48] [DEBUG] [game] Dispatch: RenderSystem -> handled 'add_text' | {"time": "20:25:48.559", "message": "Dispatch: RenderSystem -> handled 'add_text'", "context": {"level": null, "scene": null, "state": null}, "data": {}}
[2026-01-01 20:25:48] [DEBUG] [game] Emitted: 'add_text' data={'display_text': ' #                  #'} | {"time": "20:25:48.559", "message": "Emitted: 'add_text' data={'display_text': ' #                  #'}", "context": {"level": null, "scene": null, "state": null}, "data": {}}
[2026-01-01 20:25:48] [DEBUG] [game] Dispatch: RenderSystem -> handled 'add_text' | {"time": "20:25:48.559", "message": "Dispatch: RenderSystem -> handled 'add_text'", "context": {"level": null, "scene": null, "state": null}, "data": {}}
[2026-01-01 20:25:48] [DEBUG] [game] Emitted: 'add_text' data={'display_text': ' #                  #'} | {"time": "20:25:48.559", "message": "Emitted: 'add_text' data={'display_text': ' #                  #'}", "context": {"level": null, "scene": null, "state": null}, "data": {}}
[2026-01-01 20:25:48] [DEBUG] [game] Dispatch: RenderSystem -> handled 'add_text' | {"time": "20:25:48.559", "message": "Dispatch: RenderSystem -> handled 'add_text'", "context": {"level": null, "scene": null, "state": null}, "data": {}}
[2026-01-01 20:25:48] [DEBUG] [game] Emitted: 'add_text' data={'display_text': ' #                  #'} | {"time": "20:25:48.560", "message": "Emitted: 'add_text' data={'display_text': ' #                  #'}", "context": {"level": null, "scene": null, "state": null}, "data": {}}
[2026-01-01 20:25:48] [DEBUG] [game] Dispatch: RenderSystem -> handled 'add_text' | {"time": "20:25:48.560", "message": "Dispatch: RenderSystem -> handled 'add_text'", "context": {"level": null, "scene": null, "state": null}, "data": {}}
[2026-01-01 20:25:48] [DEBUG] [game] Emitted: 'add_text' data={'display_text': ' #                  #'} | {"time": "20:25:48.560", "message": "Emitted: 'add_text' data={'display_text': ' #                  #'}", "context": {"level": null, "scene": null, "state": null}, "data": {}}
[2026-01-01 20:25:48] [DEBUG] [game] Dispatch: RenderSystem -> handled 'add_text' | {"time": "20:25:48.560", "message": "Dispatch: RenderSystem -> handled 'add_text'", "context": {"level": null, "scene": null, "state": null}, "data": {}}
[2026-01-01 20:25:48] [DEBUG] [game] Emitted: 'add_text' data={'display_text': ' #               @  #'} | {"time": "20:25:48.560", "message": "Emitted: 'add_text' data={'display_text': ' #               @  #'}", "context": {"level": null, "scene": null, "state": null}, "data": {}}
[2026-01-01 20:25:48] [DEBUG] [game] Dispatch: RenderSystem -> handled 'add_text' | {"time": "20:25:48.560", "message": "Dispatch: RenderSystem -> handled 'add_text'", "context": {"level": null, "scene": null, "state": null}, "data": {}}
[2026-01-01 20:25:48] [DEBUG] [game] Emitted: 'add_text' data={'display_text': ' #                 $#'} | {"time": "20:25:48.561", "message": "Emitted: 'add_text' data={'display_text': ' #                 $#'}", "context": {"level": null, "scene": null, "state": null}, "data": {}}
[2026-01-01 20:25:48] [DEBUG] [game] Dispatch: RenderSystem -> handled 'add_text' | {"time": "20:25:48.561", "message": "Dispatch: RenderSystem -> handled 'add_text'", "context": {"level": null, "scene": null, "state": null}, "data": {}}
[2026-01-01 20:25:48] [DEBUG] [game] Emitted: 'add_text' data={'display_text': ' ####################'} | {"time": "20:25:48.561", "message": "Emitted: 'add_text' data={'display_text': ' ####################'}", "context": {"level": null, "scene": null, "state": null}, "data": {}}
[2026-01-01 20:25:48] [DEBUG] [game] Dispatch: RenderSystem -> handled 'add_text' | {"time": "20:25:48.561", "message": "Dispatch: RenderSystem -> handled 'add_text'", "context": {"level": null, "scene": null, "state": null}, "data": {}}
[2026-01-01 20:25:48] [DEBUG] [game] Emitted: 'player_input' data={'input': 's'} | {"time": "20:25:48.561", "message": "Emitted: 'player_input' data={'input': 's'}", "context": {"level": null, "scene": null, "state": null}, "data": {}}
[2026-01-01 20:25:48] [DEBUG] [game] Emitted: 'dungeon_player_movement' data={'input': 'd'} | {"time": "20:25:48.599", "message": "Emitted: 'dungeon_player_movement' data={'input': 'd'}", "context": {"level": null, "scene": null, "state": null}, "data": {}}
[2026-01-01 20:25:48] [DEBUG] [game] Dispatch: DungeonManager -> handled 'dungeon_player_movement' | {"time": "20:25:48.599", "message": "Dispatch: DungeonManager -> handled 'dungeon_player_movement'", "context": {"level": null, "scene": null, "state": null}, "data": {}}
[2026-01-01 20:25:48] [DEBUG] [game] [handle_player_move] dx=[1], dy=[0], cur_x=[16], cur_y=[17], new_x=[17], new_y=[17] | {"time": "20:25:48.600", "message": "[handle_player_move] dx=[1], dy=[0], cur_x=[16], cur_y=[17], new_x=[17], new_y=[17]", "context": {"level": null, "scene": null, "state": null}, "data": {}}
[2026-01-01 20:25:48] [DEBUG] [game] [handle_player_move] evaluted to walkable | {"time": "20:25:48.600", "message": "[handle_player_move] evaluted to walkable", "context": {"level": null, "scene": null, "state": null}, "data": {}}
[2026-01-01 20:25:48] [DEBUG] [game] Emitted: 'add_text' data={'display_text': ' ####################'} | {"time": "20:25:48.627", "message": "Emitted: 'add_text' data={'display_text': ' ####################'}", "context": {"level": null, "scene": null, "state": null}, "data": {}}
[2026-01-01 20:25:48] [DEBUG] [game] Dispatch: RenderSystem -> handled 'add_text' | {"time": "20:25:48.627", "message": "Dispatch: RenderSystem -> handled 'add_text'", "context": {"level": null, "scene": null, "state": null}, "data": {}}
[2026-01-01 20:25:48] [DEBUG] [game] Emitted: 'add_text' data={'display_text': ' #                  #'} | {"time": "20:25:48.627", "message": "Emitted: 'add_text' data={'display_text': ' #                  #'}", "context": {"level": null, "scene": null, "state": null}, "data": {}}
[2026-01-01 20:25:48] [DEBUG] [game] Dispatch: RenderSystem -> handled 'add_text' | {"time": "20:25:48.627", "message": "Dispatch: RenderSystem -> handled 'add_text'", "context": {"level": null, "scene": null, "state": null}, "data": {}}
[2026-01-01 20:25:48] [DEBUG] [game] Emitted: 'add_text' data={'display_text': ' #                  #'} | {"time": "20:25:48.627", "message": "Emitted: 'add_text' data={'display_text': ' #                  #'}", "context": {"level": null, "scene": null, "state": null}, "data": {}}
[2026-01-01 20:25:48] [DEBUG] [game] Dispatch: RenderSystem -> handled 'add_text' | {"time": "20:25:48.627", "message": "Dispatch: RenderSystem -> handled 'add_text'", "context": {"level": null, "scene": null, "state": null}, "data": {}}
[2026-01-01 20:25:48] [DEBUG] [game] Emitted: 'add_text' data={'display_text': ' #                  #'} | {"time": "20:25:48.628", "message": "Emitted: 'add_text' data={'display_text': ' #                  #'}", "context": {"level": null, "scene": null, "state": null}, "data": {}}
[2026-01-01 20:25:48] [DEBUG] [game] Dispatch: RenderSystem -> handled 'add_text' | {"time": "20:25:48.628", "message": "Dispatch: RenderSystem -> handled 'add_text'", "context": {"level": null, "scene": null, "state": null}, "data": {}}
[2026-01-01 20:25:48] [DEBUG] [game] Emitted: 'add_text' data={'display_text': ' #                  #'} | {"time": "20:25:48.628", "message": "Emitted: 'add_text' data={'display_text': ' #                  #'}", "context": {"level": null, "scene": null, "state": null}, "data": {}}
[2026-01-01 20:25:48] [DEBUG] [game] Dispatch: RenderSystem -> handled 'add_text' | {"time": "20:25:48.628", "message": "Dispatch: RenderSystem -> handled 'add_text'", "context": {"level": null, "scene": null, "state": null}, "data": {}}
[2026-01-01 20:25:48] [DEBUG] [game] Emitted: 'add_text' data={'display_text': ' #                  #'} | {"time": "20:25:48.628", "message": "Emitted: 'add_text' data={'display_text': ' #                  #'}", "context": {"level": null, "scene": null, "state": null}, "data": {}}
[2026-01-01 20:25:48] [DEBUG] [game] Dispatch: RenderSystem -> handled 'add_text' | {"time": "20:25:48.628", "message": "Dispatch: RenderSystem -> handled 'add_text'", "context": {"level": null, "scene": null, "state": null}, "data": {}}
[2026-01-01 20:25:48] [DEBUG] [game] Emitted: 'add_text' data={'display_text': ' #                  #'} | {"time": "20:25:48.628", "message": "Emitted: 'add_text' data={'display_text': ' #                  #'}", "context": {"level": null, "scene": null, "state": null}, "data": {}}
[2026-01-01 20:25:48] [DEBUG] [game] Dispatch: RenderSystem -> handled 'add_text' | {"time": "20:25:48.629", "message": "Dispatch: RenderSystem -> handled 'add_text'", "context": {"level": null, "scene": null, "state": null}, "data": {}}
[2026-01-01 20:25:48] [DEBUG] [game] Emitted: 'add_text' data={'display_text': ' #                  #'} | {"time": "20:25:48.629", "message": "Emitted: 'add_text' data={'display_text': ' #                  #'}", "context": {"level": null, "scene": null, "state": null}, "data": {}}
[2026-01-01 20:25:48] [DEBUG] [game] Dispatch: RenderSystem -> handled 'add_text' | {"time": "20:25:48.629", "message": "Dispatch: RenderSystem -> handled 'add_text'", "context": {"level": null, "scene": null, "state": null}, "data": {}}
[2026-01-01 20:25:48] [DEBUG] [game] Emitted: 'add_text' data={'display_text': ' #                  #'} | {"time": "20:25:48.629", "message": "Emitted: 'add_text' data={'display_text': ' #                  #'}", "context": {"level": null, "scene": null, "state": null}, "data": {}}
[2026-01-01 20:25:48] [DEBUG] [game] Dispatch: RenderSystem -> handled 'add_text' | {"time": "20:25:48.629", "message": "Dispatch: RenderSystem -> handled 'add_text'", "context": {"level": null, "scene": null, "state": null}, "data": {}}
[2026-01-01 20:25:48] [DEBUG] [game] Emitted: 'add_text' data={'display_text': ' #                  #'} | {"time": "20:25:48.629", "message": "Emitted: 'add_text' data={'display_text': ' #                  #'}", "context": {"level": null, "scene": null, "state": null}, "data": {}}
[2026-01-01 20:25:48] [DEBUG] [game] Dispatch: RenderSystem -> handled 'add_text' | {"time": "20:25:48.629", "message": "Dispatch: RenderSystem -> handled 'add_text'", "context": {"level": null, "scene": null, "state": null}, "data": {}}
[2026-01-01 20:25:48] [DEBUG] [game] Emitted: 'add_text' data={'display_text': ' #                  #'} | {"time": "20:25:48.630", "message": "Emitted: 'add_text' data={'display_text': ' #                  #'}", "context": {"level": null, "scene": null, "state": null}, "data": {}}
[2026-01-01 20:25:48] [DEBUG] [game] Dispatch: RenderSystem -> handled 'add_text' | {"time": "20:25:48.630", "message": "Dispatch: RenderSystem -> handled 'add_text'", "context": {"level": null, "scene": null, "state": null}, "data": {}}
[2026-01-01 20:25:48] [DEBUG] [game] Emitted: 'add_text' data={'display_text': ' #                  #'} | {"time": "20:25:48.630", "message": "Emitted: 'add_text' data={'display_text': ' #                  #'}", "context": {"level": null, "scene": null, "state": null}, "data": {}}
[2026-01-01 20:25:48] [DEBUG] [game] Dispatch: RenderSystem -> handled 'add_text' | {"time": "20:25:48.630", "message": "Dispatch: RenderSystem -> handled 'add_text'", "context": {"level": null, "scene": null, "state": null}, "data": {}}
[2026-01-01 20:25:48] [DEBUG] [game] Emitted: 'add_text' data={'display_text': ' #                  #'} | {"time": "20:25:48.630", "message": "Emitted: 'add_text' data={'display_text': ' #                  #'}", "context": {"level": null, "scene": null, "state": null}, "data": {}}
[2026-01-01 20:25:48] [DEBUG] [game] Dispatch: RenderSystem -> handled 'add_text' | {"time": "20:25:48.630", "message": "Dispatch: RenderSystem -> handled 'add_text'", "context": {"level": null, "scene": null, "state": null}, "data": {}}
[2026-01-01 20:25:48] [DEBUG] [game] Emitted: 'add_text' data={'display_text': ' #                  #'} | {"time": "20:25:48.631", "message": "Emitted: 'add_text' data={'display_text': ' #                  #'}", "context": {"level": null, "scene": null, "state": null}, "data": {}}
[2026-01-01 20:25:48] [DEBUG] [game] Dispatch: RenderSystem -> handled 'add_text' | {"time": "20:25:48.631", "message": "Dispatch: RenderSystem -> handled 'add_text'", "context": {"level": null, "scene": null, "state": null}, "data": {}}
[2026-01-01 20:25:48] [DEBUG] [game] Emitted: 'add_text' data={'display_text': ' #                  #'} | {"time": "20:25:48.631", "message": "Emitted: 'add_text' data={'display_text': ' #                  #'}", "context": {"level": null, "scene": null, "state": null}, "data": {}}
[2026-01-01 20:25:48] [DEBUG] [game] Dispatch: RenderSystem -> handled 'add_text' | {"time": "20:25:48.631", "message": "Dispatch: RenderSystem -> handled 'add_text'", "context": {"level": null, "scene": null, "state": null}, "data": {}}
[2026-01-01 20:25:48] [DEBUG] [game] Emitted: 'add_text' data={'display_text': ' #                  #'} | {"time": "20:25:48.631", "message": "Emitted: 'add_text' data={'display_text': ' #                  #'}", "context": {"level": null, "scene": null, "state": null}, "data": {}}
[2026-01-01 20:25:48] [DEBUG] [game] Dispatch: RenderSystem -> handled 'add_text' | {"time": "20:25:48.631", "message": "Dispatch: RenderSystem -> handled 'add_text'", "context": {"level": null, "scene": null, "state": null}, "data": {}}
[2026-01-01 20:25:48] [DEBUG] [game] Emitted: 'add_text' data={'display_text': ' #                  #'} | {"time": "20:25:48.631", "message": "Emitted: 'add_text' data={'display_text': ' #                  #'}", "context": {"level": null, "scene": null, "state": null}, "data": {}}
[2026-01-01 20:25:48] [DEBUG] [game] Dispatch: RenderSystem -> handled 'add_text' | {"time": "20:25:48.631", "message": "Dispatch: RenderSystem -> handled 'add_text'", "context": {"level": null, "scene": null, "state": null}, "data": {}}
[2026-01-01 20:25:48] [DEBUG] [game] Emitted: 'add_text' data={'display_text': ' #                @ #'} | {"time": "20:25:48.632", "message": "Emitted: 'add_text' data={'display_text': ' #                @ #'}", "context": {"level": null, "scene": null, "state": null}, "data": {}}
[2026-01-01 20:25:48] [DEBUG] [game] Dispatch: RenderSystem -> handled 'add_text' | {"time": "20:25:48.632", "message": "Dispatch: RenderSystem -> handled 'add_text'", "context": {"level": null, "scene": null, "state": null}, "data": {}}
[2026-01-01 20:25:48] [DEBUG] [game] Emitted: 'add_text' data={'display_text': ' #                 $#'} | {"time": "20:25:48.632", "message": "Emitted: 'add_text' data={'display_text': ' #                 $#'}", "context": {"level": null, "scene": null, "state": null}, "data": {}}
[2026-01-01 20:25:48] [DEBUG] [game] Dispatch: RenderSystem -> handled 'add_text' | {"time": "20:25:48.632", "message": "Dispatch: RenderSystem -> handled 'add_text'", "context": {"level": null, "scene": null, "state": null}, "data": {}}
[2026-01-01 20:25:48] [DEBUG] [game] Emitted: 'add_text' data={'display_text': ' ####################'} | {"time": "20:25:48.632", "message": "Emitted: 'add_text' data={'display_text': ' ####################'}", "context": {"level": null, "scene": null, "state": null}, "data": {}}
[2026-01-01 20:25:48] [DEBUG] [game] Dispatch: RenderSystem -> handled 'add_text' | {"time": "20:25:48.632", "message": "Dispatch: RenderSystem -> handled 'add_text'", "context": {"level": null, "scene": null, "state": null}, "data": {}}
[2026-01-01 20:25:48] [DEBUG] [game] Emitted: 'player_input' data={'input': 'd'} | {"time": "20:25:48.632", "message": "Emitted: 'player_input' data={'input': 'd'}", "context": {"level": null, "scene": null, "state": null}, "data": {}}
[2026-01-01 20:25:48] [DEBUG] [game] Emitted: 'dungeon_player_movement' data={'input': 's'} | {"time": "20:25:48.671", "message": "Emitted: 'dungeon_player_movement' data={'input': 's'}", "context": {"level": null, "scene": null, "state": null}, "data": {}}
[2026-01-01 20:25:48] [DEBUG] [game] Dispatch: DungeonManager -> handled 'dungeon_player_movement' | {"time": "20:25:48.671", "message": "Dispatch: DungeonManager -> handled 'dungeon_player_movement'", "context": {"level": null, "scene": null, "state": null}, "data": {}}
[2026-01-01 20:25:48] [DEBUG] [game] [handle_player_move] dx=[0], dy=[1], cur_x=[17], cur_y=[17], new_x=[17], new_y=[18] | {"time": "20:25:48.672", "message": "[handle_player_move] dx=[0], dy=[1], cur_x=[17], cur_y=[17], new_x=[17], new_y=[18]", "context": {"level": null, "scene": null, "state": null}, "data": {}}
[2026-01-01 20:25:48] [DEBUG] [game] [handle_player_move] evaluted to walkable | {"time": "20:25:48.672", "message": "[handle_player_move] evaluted to walkable", "context": {"level": null, "scene": null, "state": null}, "data": {}}
[2026-01-01 20:25:48] [DEBUG] [game] Emitted: 'add_text' data={'display_text': ' ####################'} | {"time": "20:25:48.699", "message": "Emitted: 'add_text' data={'display_text': ' ####################'}", "context": {"level": null, "scene": null, "state": null}, "data": {}}
[2026-01-01 20:25:48] [DEBUG] [game] Dispatch: RenderSystem -> handled 'add_text' | {"time": "20:25:48.699", "message": "Dispatch: RenderSystem -> handled 'add_text'", "context": {"level": null, "scene": null, "state": null}, "data": {}}
[2026-01-01 20:25:48] [DEBUG] [game] Emitted: 'add_text' data={'display_text': ' #                  #'} | {"time": "20:25:48.700", "message": "Emitted: 'add_text' data={'display_text': ' #                  #'}", "context": {"level": null, "scene": null, "state": null}, "data": {}}
[2026-01-01 20:25:48] [DEBUG] [game] Dispatch: RenderSystem -> handled 'add_text' | {"time": "20:25:48.700", "message": "Dispatch: RenderSystem -> handled 'add_text'", "context": {"level": null, "scene": null, "state": null}, "data": {}}
[2026-01-01 20:25:48] [DEBUG] [game] Emitted: 'add_text' data={'display_text': ' #                  #'} | {"time": "20:25:48.700", "message": "Emitted: 'add_text' data={'display_text': ' #                  #'}", "context": {"level": null, "scene": null, "state": null}, "data": {}}
[2026-01-01 20:25:48] [DEBUG] [game] Dispatch: RenderSystem -> handled 'add_text' | {"time": "20:25:48.700", "message": "Dispatch: RenderSystem -> handled 'add_text'", "context": {"level": null, "scene": null, "state": null}, "data": {}}
[2026-01-01 20:25:48] [DEBUG] [game] Emitted: 'add_text' data={'display_text': ' #                  #'} | {"time": "20:25:48.700", "message": "Emitted: 'add_text' data={'display_text': ' #                  #'}", "context": {"level": null, "scene": null, "state": null}, "data": {}}
[2026-01-01 20:25:48] [DEBUG] [game] Dispatch: RenderSystem -> handled 'add_text' | {"time": "20:25:48.700", "message": "Dispatch: RenderSystem -> handled 'add_text'", "context": {"level": null, "scene": null, "state": null}, "data": {}}
[2026-01-01 20:25:48] [DEBUG] [game] Emitted: 'add_text' data={'display_text': ' #                  #'} | {"time": "20:25:48.701", "message": "Emitted: 'add_text' data={'display_text': ' #                  #'}", "context": {"level": null, "scene": null, "state": null}, "data": {}}
[2026-01-01 20:25:48] [DEBUG] [game] Dispatch: RenderSystem -> handled 'add_text' | {"time": "20:25:48.701", "message": "Dispatch: RenderSystem -> handled 'add_text'", "context": {"level": null, "scene": null, "state": null}, "data": {}}
[2026-01-01 20:25:48] [DEBUG] [game] Emitted: 'add_text' data={'display_text': ' #                  #'} | {"time": "20:25:48.701", "message": "Emitted: 'add_text' data={'display_text': ' #                  #'}", "context": {"level": null, "scene": null, "state": null}, "data": {}}
[2026-01-01 20:25:48] [DEBUG] [game] Dispatch: RenderSystem -> handled 'add_text' | {"time": "20:25:48.701", "message": "Dispatch: RenderSystem -> handled 'add_text'", "context": {"level": null, "scene": null, "state": null}, "data": {}}
[2026-01-01 20:25:48] [DEBUG] [game] Emitted: 'add_text' data={'display_text': ' #                  #'} | {"time": "20:25:48.701", "message": "Emitted: 'add_text' data={'display_text': ' #                  #'}", "context": {"level": null, "scene": null, "state": null}, "data": {}}
[2026-01-01 20:25:48] [DEBUG] [game] Dispatch: RenderSystem -> handled 'add_text' | {"time": "20:25:48.701", "message": "Dispatch: RenderSystem -> handled 'add_text'", "context": {"level": null, "scene": null, "state": null}, "data": {}}
[2026-01-01 20:25:48] [DEBUG] [game] Emitted: 'add_text' data={'display_text': ' #                  #'} | {"time": "20:25:48.702", "message": "Emitted: 'add_text' data={'display_text': ' #                  #'}", "context": {"level": null, "scene": null, "state": null}, "data": {}}
[2026-01-01 20:25:48] [DEBUG] [game] Dispatch: RenderSystem -> handled 'add_text' | {"time": "20:25:48.702", "message": "Dispatch: RenderSystem -> handled 'add_text'", "context": {"level": null, "scene": null, "state": null}, "data": {}}
[2026-01-01 20:25:48] [DEBUG] [game] Emitted: 'add_text' data={'display_text': ' #                  #'} | {"time": "20:25:48.702", "message": "Emitted: 'add_text' data={'display_text': ' #                  #'}", "context": {"level": null, "scene": null, "state": null}, "data": {}}
[2026-01-01 20:25:48] [DEBUG] [game] Dispatch: RenderSystem -> handled 'add_text' | {"time": "20:25:48.702", "message": "Dispatch: RenderSystem -> handled 'add_text'", "context": {"level": null, "scene": null, "state": null}, "data": {}}
[2026-01-01 20:25:48] [DEBUG] [game] Emitted: 'add_text' data={'display_text': ' #                  #'} | {"time": "20:25:48.702", "message": "Emitted: 'add_text' data={'display_text': ' #                  #'}", "context": {"level": null, "scene": null, "state": null}, "data": {}}
[2026-01-01 20:25:48] [DEBUG] [game] Dispatch: RenderSystem -> handled 'add_text' | {"time": "20:25:48.703", "message": "Dispatch: RenderSystem -> handled 'add_text'", "context": {"level": null, "scene": null, "state": null}, "data": {}}
[2026-01-01 20:25:48] [DEBUG] [game] Emitted: 'add_text' data={'display_text': ' #                  #'} | {"time": "20:25:48.703", "message": "Emitted: 'add_text' data={'display_text': ' #                  #'}", "context": {"level": null, "scene": null, "state": null}, "data": {}}
[2026-01-01 20:25:48] [DEBUG] [game] Dispatch: RenderSystem -> handled 'add_text' | {"time": "20:25:48.703", "message": "Dispatch: RenderSystem -> handled 'add_text'", "context": {"level": null, "scene": null, "state": null}, "data": {}}
[2026-01-01 20:25:48] [DEBUG] [game] Emitted: 'add_text' data={'display_text': ' #                  #'} | {"time": "20:25:48.703", "message": "Emitted: 'add_text' data={'display_text': ' #                  #'}", "context": {"level": null, "scene": null, "state": null}, "data": {}}
[2026-01-01 20:25:48] [DEBUG] [game] Dispatch: RenderSystem -> handled 'add_text' | {"time": "20:25:48.703", "message": "Dispatch: RenderSystem -> handled 'add_text'", "context": {"level": null, "scene": null, "state": null}, "data": {}}
[2026-01-01 20:25:48] [DEBUG] [game] Emitted: 'add_text' data={'display_text': ' #                  #'} | {"time": "20:25:48.703", "message": "Emitted: 'add_text' data={'display_text': ' #                  #'}", "context": {"level": null, "scene": null, "state": null}, "data": {}}
[2026-01-01 20:25:48] [DEBUG] [game] Dispatch: RenderSystem -> handled 'add_text' | {"time": "20:25:48.703", "message": "Dispatch: RenderSystem -> handled 'add_text'", "context": {"level": null, "scene": null, "state": null}, "data": {}}
[2026-01-01 20:25:48] [DEBUG] [game] Emitted: 'add_text' data={'display_text': ' #                  #'} | {"time": "20:25:48.704", "message": "Emitted: 'add_text' data={'display_text': ' #                  #'}", "context": {"level": null, "scene": null, "state": null}, "data": {}}
[2026-01-01 20:25:48] [DEBUG] [game] Dispatch: RenderSystem -> handled 'add_text' | {"time": "20:25:48.704", "message": "Dispatch: RenderSystem -> handled 'add_text'", "context": {"level": null, "scene": null, "state": null}, "data": {}}
[2026-01-01 20:25:48] [DEBUG] [game] Emitted: 'add_text' data={'display_text': ' #                  #'} | {"time": "20:25:48.704", "message": "Emitted: 'add_text' data={'display_text': ' #                  #'}", "context": {"level": null, "scene": null, "state": null}, "data": {}}
[2026-01-01 20:25:48] [DEBUG] [game] Dispatch: RenderSystem -> handled 'add_text' | {"time": "20:25:48.704", "message": "Dispatch: RenderSystem -> handled 'add_text'", "context": {"level": null, "scene": null, "state": null}, "data": {}}
[2026-01-01 20:25:48] [DEBUG] [game] Emitted: 'add_text' data={'display_text': ' #                  #'} | {"time": "20:25:48.704", "message": "Emitted: 'add_text' data={'display_text': ' #                  #'}", "context": {"level": null, "scene": null, "state": null}, "data": {}}
[2026-01-01 20:25:48] [DEBUG] [game] Dispatch: RenderSystem -> handled 'add_text' | {"time": "20:25:48.704", "message": "Dispatch: RenderSystem -> handled 'add_text'", "context": {"level": null, "scene": null, "state": null}, "data": {}}
[2026-01-01 20:25:48] [DEBUG] [game] Emitted: 'add_text' data={'display_text': ' #                  #'} | {"time": "20:25:48.705", "message": "Emitted: 'add_text' data={'display_text': ' #                  #'}", "context": {"level": null, "scene": null, "state": null}, "data": {}}
[2026-01-01 20:25:48] [DEBUG] [game] Dispatch: RenderSystem -> handled 'add_text' | {"time": "20:25:48.705", "message": "Dispatch: RenderSystem -> handled 'add_text'", "context": {"level": null, "scene": null, "state": null}, "data": {}}
[2026-01-01 20:25:48] [DEBUG] [game] Emitted: 'add_text' data={'display_text': ' #                  #'} | {"time": "20:25:48.705", "message": "Emitted: 'add_text' data={'display_text': ' #                  #'}", "context": {"level": null, "scene": null, "state": null}, "data": {}}
[2026-01-01 20:25:48] [DEBUG] [game] Dispatch: RenderSystem -> handled 'add_text' | {"time": "20:25:48.705", "message": "Dispatch: RenderSystem -> handled 'add_text'", "context": {"level": null, "scene": null, "state": null}, "data": {}}
[2026-01-01 20:25:48] [DEBUG] [game] Emitted: 'add_text' data={'display_text': ' #                @$#'} | {"time": "20:25:48.705", "message": "Emitted: 'add_text' data={'display_text': ' #                @$#'}", "context": {"level": null, "scene": null, "state": null}, "data": {}}
[2026-01-01 20:25:48] [DEBUG] [game] Dispatch: RenderSystem -> handled 'add_text' | {"time": "20:25:48.705", "message": "Dispatch: RenderSystem -> handled 'add_text'", "context": {"level": null, "scene": null, "state": null}, "data": {}}
[2026-01-01 20:25:48] [DEBUG] [game] Emitted: 'add_text' data={'display_text': ' ####################'} | {"time": "20:25:48.705", "message": "Emitted: 'add_text' data={'display_text': ' ####################'}", "context": {"level": null, "scene": null, "state": null}, "data": {}}
[2026-01-01 20:25:48] [DEBUG] [game] Dispatch: RenderSystem -> handled 'add_text' | {"time": "20:25:48.706", "message": "Dispatch: RenderSystem -> handled 'add_text'", "context": {"level": null, "scene": null, "state": null}, "data": {}}
[2026-01-01 20:25:48] [DEBUG] [game] Emitted: 'player_input' data={'input': 's'} | {"time": "20:25:48.706", "message": "Emitted: 'player_input' data={'input': 's'}", "context": {"level": null, "scene": null, "state": null}, "data": {}}
[2026-01-01 20:25:49] [DEBUG] [game] Emitted: 'dungeon_player_movement' data={'input': 'd'} | {"time": "20:25:49.028", "message": "Emitted: 'dungeon_player_movement' data={'input': 'd'}", "context": {"level": null, "scene": null, "state": null}, "data": {}}
[2026-01-01 20:25:49] [DEBUG] [game] Dispatch: DungeonManager -> handled 'dungeon_player_movement' | {"time": "20:25:49.029", "message": "Dispatch: DungeonManager -> handled 'dungeon_player_movement'", "context": {"level": null, "scene": null, "state": null}, "data": {}}
[2026-01-01 20:25:49] [DEBUG] [game] [handle_player_move] dx=[1], dy=[0], cur_x=[17], cur_y=[18], new_x=[18], new_y=[18] | {"time": "20:25:49.029", "message": "[handle_player_move] dx=[1], dy=[0], cur_x=[17], cur_y=[18], new_x=[18], new_y=[18]", "context": {"level": null, "scene": null, "state": null}, "data": {}}
[2026-01-01 20:25:49] [DEBUG] [game] Emitted: 'story_load_scene' data={'load_scene': {'scene': 'test_scene'}} | {"time": "20:25:49.057", "message": "Emitted: 'story_load_scene' data={'load_scene': {'scene': 'test_scene'}}", "context": {"level": null, "scene": null, "state": null}, "data": {}}
[2026-01-01 20:25:49] [DEBUG] [game] Dispatch: StoryManager -> handled 'story_load_scene' | {"time": "20:25:49.057", "message": "Dispatch: StoryManager -> handled 'story_load_scene'", "context": {"level": null, "scene": null, "state": null}, "data": {}}
[2026-01-01 20:25:49] [DEBUG] [game] Emitted: 'add_text' data={'display_text': 'Test text'} | {"time": "20:25:49.057", "message": "Emitted: 'add_text' data={'display_text': 'Test text'}", "context": {"level": null, "scene": null, "state": null}, "data": {}}
[2026-01-01 20:25:49] [DEBUG] [game] Dispatch: RenderSystem -> handled 'add_text' | {"time": "20:25:49.057", "message": "Dispatch: RenderSystem -> handled 'add_text'", "context": {"level": null, "scene": null, "state": null}, "data": {}}
[2026-01-01 20:25:49] [DEBUG] [game] Emitted: 'add_text' data={'display_text': '1: Continue'} | {"time": "20:25:49.057", "message": "Emitted: 'add_text' data={'display_text': '1: Continue'}", "context": {"level": null, "scene": null, "state": null}, "data": {}}
[2026-01-01 20:25:49] [DEBUG] [game] Dispatch: RenderSystem -> handled 'add_text' | {"time": "20:25:49.057", "message": "Dispatch: RenderSystem -> handled 'add_text'", "context": {"level": null, "scene": null, "state": null}, "data": {}}
[2026-01-01 20:25:49] [DEBUG] [game] Emitted: 'player_input' data={'input': 'd'} | {"time": "20:25:49.058", "message": "Emitted: 'player_input' data={'input': 'd'}", "context": {"level": null, "scene": null, "state": null}, "data": {}}
[2026-01-01 20:25:49] [DEBUG] [game] Emitted: 'ACTION' data={'input': '1'} | {"time": "20:25:49.871", "message": "Emitted: 'ACTION' data={'input': '1'}", "context": {"level": null, "scene": null, "state": null}, "data": {}}
[2026-01-01 20:25:49] [DEBUG] [game] Dispatch: StoryManager -> handled 'ACTION' | {"time": "20:25:49.872", "message": "Dispatch: StoryManager -> handled 'ACTION'", "context": {"level": null, "scene": null, "state": null}, "data": {}}
[2026-01-01 20:25:49] [INFO] [game] User selected choice 1 which maps to choice 0: {'text': 'Continue', 'action': {'type': 'story', 'next_level': 'level_2', 'next_scene': 'end_scene'}} | {"time": "20:25:49.872", "message": "User selected choice 1 which maps to choice 0: {'text': 'Continue', 'action': {'type': 'story', 'next_level': 'level_2', 'next_scene': 'end_scene'}}", "context": {"level": null, "scene": null, "state": null}, "data": {}}
[2026-01-01 20:25:49] [DEBUG] [game] Emitted: 'story_load_scene' data={'load_scene': {'scene': 'base:end_scene'}} | {"time": "20:25:49.872", "message": "Emitted: 'story_load_scene' data={'load_scene': {'scene': 'base:end_scene'}}", "context": {"level": null, "scene": null, "state": null}, "data": {}}
[2026-01-01 20:25:49] [DEBUG] [game] Dispatch: StoryManager -> handled 'story_load_scene' | {"time": "20:25:49.872", "message": "Dispatch: StoryManager -> handled 'story_load_scene'", "context": {"level": null, "scene": null, "state": null}, "data": {}}
[2026-01-01 20:25:49] [DEBUG] [game] Emitted: 'add_text' data={'display_text': 'The last scene'} | {"time": "20:25:49.872", "message": "Emitted: 'add_text' data={'display_text': 'The last scene'}", "context": {"level": null, "scene": null, "state": null}, "data": {}}
[2026-01-01 20:25:49] [DEBUG] [game] Dispatch: RenderSystem -> handled 'add_text' | {"time": "20:25:49.872", "message": "Dispatch: RenderSystem -> handled 'add_text'", "context": {"level": null, "scene": null, "state": null}, "data": {}}
[2026-01-01 20:25:49] [DEBUG] [game] Emitted: 'add_text' data={'display_text': '1: The final scene'} | {"time": "20:25:49.873", "message": "Emitted: 'add_text' data={'display_text': '1: The final scene'}", "context": {"level": null, "scene": null, "state": null}, "data": {}}
[2026-01-01 20:25:49] [DEBUG] [game] Dispatch: RenderSystem -> handled 'add_text' | {"time": "20:25:49.873", "message": "Dispatch: RenderSystem -> handled 'add_text'", "context": {"level": null, "scene": null, "state": null}, "data": {}}
[2026-01-01 20:25:50] [DEBUG] [game] Emitted: 'ACTION' data={'input': '1'} | {"time": "20:25:50.174", "message": "Emitted: 'ACTION' data={'input': '1'}", "context": {"level": null, "scene": null, "state": null}, "data": {}}
[2026-01-01 20:25:50] [DEBUG] [game] Dispatch: StoryManager -> handled 'ACTION' | {"time": "20:25:50.174", "message": "Dispatch: StoryManager -> handled 'ACTION'", "context": {"level": null, "scene": null, "state": null}, "data": {}}
[2026-01-01 20:25:50] [INFO] [game] User selected choice 1 which maps to choice 0: {'text': 'The final scene', 'action': {'type': 'end_game'}} | {"time": "20:25:50.175", "message": "User selected choice 1 which maps to choice 0: {'text': 'The final scene', 'action': {'type': 'end_game'}}", "context": {"level": null, "scene": null, "state": null}, "data": {}}
